2026-09-01 02:33:39,376 - DEBUG - Already followed user: jan-leike. Skipping.
2026-09-01 02:33:39,376 - DEBUG - Already followed user: Hstkj23. Skipping.
2026-09-01 02:33:39,376 - DEBUG - Already followed user: NazmusSayad. Skipping.
2026-09-01 02:33:39,377 - DEBUG - Already followed user: Liuboshenko. Skipping.
2026-09-01 02:33:39,377 - DEBUG - Already followed user: irenascent. Skipping.
2026-09-01 02:33:39,377 - INFO - Attempting to follow user: Berserk-hub150
2026-09-01 02:33:39,528 - INFO - Successfully followed user: Berserk-hub150
2026-09-01 02:33:39,530 - DEBUG - Appended user Berserk-hub150 to followers.txt.
2026-09-01 02:33:39,530 - INFO - Follower counter updated: 979
2026-09-01 02:33:39,530 - INFO - Sleeping for 13.13 seconds before the next follow.
2026-09-01 02:33:52,675 - DEBUG - Already followed user: mariwatts. Skipping.
2026-09-01 02:33:52,675 - DEBUG - Already followed user: Davidevlops. Skipping.
2026-09-01 02:33:52,675 - DEBUG - Already followed user: ezozu. Skipping.
2026-09-01 02:33:52,675 - DEBUG - Already followed user: OHANA-WEB. Skipping.
2026-09-01 02:33:52,675 - DEBUG - Already followed user: BamdadTabari. Skipping.
2026-09-01 02:33:52,675 - DEBUG - Already followed user: vinamega. Skipping.
2026-09-01 02:33:52,675 - DEBUG - Already followed user: cgrundman. Skipping.
2026-09-01 02:33:52,675 - DEBUG - Already followed user: zkcryptweb. Skipping.
2026-09-01 02:33:52,675 - DEBUG - Already followed user: eldarlrd. Skipping.
2026-09-01 02:33:52,675 - DEBUG - Already followed user: bashichda. Skipping.
2026-09-01 02:33:52,675 - DEBUG - Already followed user: ludo53. Skipping.
2026-09-01 02:33:52,675 - DEBUG - Already followed user: heinodendal. Skipping.
2026-09-01 02:33:52,675 - DEBUG - Already followed user: linuxtusX5. Skipping.
2026-09-01 02:33:52,675 - DEBUG - Already followed user: CarAuto34. Skipping.
2026-09-01 02:33:52,675 - DEBUG - Already followed user: elifirinci. Skipping.
2026-09-01 02:33:52,675 - DEBUG - Already followed user: sabbir-noyon. Skipping.
2026-09-01 02:33:52,675 - DEBUG - Already followed user: Nima-Mollaei. Skipping.
2026-09-01 02:33:52,675 - DEBUG - Already followed user: apurva313. Skipping.
2026-09-01 02:33:52,675 - DEBUG - Already followed user: kyiroywops. Skipping.
2026-09-01 02:33:52,675 - DEBUG - Already followed user: m-bwela. Skipping.
2026-09-01 02:33:52,675 - DEBUG - Already followed user: NachoOFC. Skipping.
2026-09-01 02:33:52,675 - DEBUG - Already followed user: CrisLottz. Skipping.
2026-09-01 02:33:52,676 - DEBUG - Already followed user: MrMDrX. Skipping.
2026-09-01 02:33:52,676 - DEBUG - Already followed user: nimakian. Skipping.
2026-09-01 02:33:52,676 - DEBUG - Already followed user: iamapuneet. Skipping.
2026-09-01 02:33:52,676 - DEBUG - Already followed user: iktiarnazib. Skipping.
2026-09-01 02:33:52,676 - DEBUG - Already followed user: Daxxtropezz. Skipping.
2026-09-01 02:33:52,676 - DEBUG - Already followed user: joaocarpim. Skipping.
2026-09-01 02:33:52,676 - DEBUG - Already followed user: 0xmurtimus. Skipping.
2026-09-01 02:33:52,676 - DEBUG - Already followed user: U1000000000000. Skipping.
2026-09-01 02:33:52,676 - DEBUG - Already followed user: shahriar0999. Skipping.
2026-09-01 02:33:52,676 - DEBUG - Already followed user: souvikrana17. Skipping.
2026-09-01 02:33:52,676 - DEBUG - Already followed user: AhmedDabish. Skipping.
2026-09-01 02:33:52,676 - DEBUG - Already followed user: cahcacah. Skipping.
2026-09-01 02:33:52,676 - DEBUG - Already followed user: DIMFLIX. Skipping.
2026-09-01 02:33:52,676 - DEBUG - Already followed user: 1526422010. Skipping.
2026-09-01 02:33:52,676 - DEBUG - Already followed user: aguptaaditya. Skipping.
2026-09-01 02:33:52,676 - DEBUG - Already followed user: EminHaziyev. Skipping.
2026-09-01 02:33:52,676 - DEBUG - Already followed user: VarshuAi. Skipping.
2026-09-01 02:33:52,676 - DEBUG - Already followed user: CelaFlori. Skipping.
2026-09-01 02:33:52,676 - DEBUG - Already followed user: 0xspryo. Skipping.
2026-09-01 02:33:52,676 - DEBUG - Already followed user: laurindoisaac. Skipping.
2026-09-01 02:33:52,676 - DEBUG - Already followed user: Motaman-M. Skipping.
2026-09-01 02:33:52,676 - DEBUG - Already followed user: Seif-01. Skipping.
2026-09-01 02:33:52,676 - DEBUG - Already followed user: motanelson. Skipping.
2026-09-01 02:33:52,676 - DEBUG - Already followed user: cepseu1. Skipping.
2026-09-01 02:33:52,676 - DEBUG - Already followed user: bolola777. Skipping.
2026-09-01 02:33:52,676 - DEBUG - Already followed user: vardan444. Skipping.
2026-09-01 02:33:52,676 - DEBUG - Already followed user: rahuloraj. Skipping.
2026-09-01 02:33:52,676 - DEBUG - Already followed user: knmlabs. Skipping.
2026-09-01 02:33:52,676 - DEBUG - Already followed user: Mubashir12392. Skipping.
2026-09-01 02:33:52,676 - DEBUG - Already followed user: jeallz. Skipping.
2026-09-01 02:33:52,676 - DEBUG - Already followed user: Arman-INF. Skipping.
2026-09-01 02:33:52,676 - DEBUG - Already followed user: reignsi. Skipping.
2026-09-01 02:33:52,676 - DEBUG - Already followed user: christosantono. Skipping.
2026-09-01 02:33:52,676 - DEBUG - Already followed user: Nai64. Skipping.
2026-09-01 02:33:52,677 - DEBUG - Already followed user: K1rsN7. Skipping.
2026-09-01 02:33:52,677 - DEBUG - Already followed user: MatthewMacri. Skipping.
2026-09-01 02:33:52,811 - INFO - Rate Limit - Remaining: 5000, Reset at: 2026-09-01 03:33:52
2026-09-01 02:33:52,812 - INFO - Fetching followers from: https://api.github.com/users/aelmizeb/followers?per_page=100&page=3
2026-09-01 02:33:52,959 - DEBUG - Number of followers fetched: 100
2026-09-01 02:33:52,959 - INFO - Fetched 100 followers on page 3.
2026-09-01 02:33:52,959 - INFO - Sleeping for 5 seconds before following users.
2026-09-01 02:33:57,964 - DEBUG - Already followed user: S4IL21. Skipping.
2026-09-01 02:33:57,965 - DEBUG - Already followed user: filipzekovich. Skipping.
2026-09-01 02:33:57,965 - DEBUG - Already followed user: RafalW3bCraft. Skipping.
2026-09-01 02:33:57,965 - DEBUG - Already followed user: 7007259Ankur. Skipping.
2026-09-01 02:33:57,965 - DEBUG - Already followed user: Willysc10. Skipping.
2026-09-01 02:33:57,965 - DEBUG - Already followed user: rasidi3112. Skipping.
2026-09-01 02:33:57,965 - DEBUG - Already followed user: otaviossousa. Skipping.
2026-09-01 02:33:57,965 - DEBUG - Already followed user: taahabz. Skipping.
2026-09-01 02:33:57,965 - DEBUG - Already followed user: topdigitalplus. Skipping.
2026-09-01 02:33:57,965 - DEBUG - Already followed user: lilbodo123. Skipping.
2026-09-01 02:33:57,965 - DEBUG - Already followed user: super-phantom91. Skipping.
2026-09-01 02:33:57,965 - DEBUG - Already followed user: hyper-ayoub. Skipping.
2026-09-01 02:33:57,965 - DEBUG - Already followed user: DrParthaMajumder. Skipping.
2026-09-01 02:33:57,965 - DEBUG - Already followed user: sunjoe508. Skipping.
2026-09-01 02:33:57,965 - DEBUG - Already followed user: IamDevDan. Skipping.
2026-09-01 02:33:57,965 - DEBUG - Already followed user: Fellipemarcal. Skipping.
2026-09-01 02:33:57,965 - DEBUG - Already followed user: potentialdev-web. Skipping.
2026-09-01 02:33:57,965 - DEBUG - Already followed user: Laqrabti. Skipping.
2026-09-01 02:33:57,965 - DEBUG - Already followed user: masonliiu. Skipping.
2026-09-01 02:33:57,965 - DEBUG - Already followed user: deadlyandro. Skipping.
2026-09-01 02:33:57,965 - DEBUG - Already followed user: AhmadTigress. Skipping.
2026-09-01 02:33:57,965 - DEBUG - Already followed user: Maher-Elmair. Skipping.
2026-09-01 02:33:57,965 - DEBUG - Already followed user: B2Kumar03. Skipping.
2026-09-01 02:33:57,965 - DEBUG - Already followed user: AbdulRehman393. Skipping.
2026-09-01 02:33:57,965 - DEBUG - Already followed user: vijayshikhare. Skipping.
2026-09-01 02:33:57,965 - DEBUG - Already followed user: nuraisi. Skipping.
2026-09-01 02:33:57,965 - DEBUG - Already followed user: aertsimon90. Skipping.
2026-09-01 02:33:57,965 - DEBUG - Already followed user: Bifenzine. Skipping.
2026-09-01 02:33:57,965 - DEBUG - Already followed user: Chainsmoker23. Skipping.
2026-09-01 02:33:57,965 - DEBUG - Already followed user: 3nesdeniz. Skipping.
2026-09-01 02:33:57,965 - DEBUG - Already followed user: vegata099. Skipping.
2026-09-01 02:33:57,965 - DEBUG - Already followed user: marichu-kt. Skipping.
2026-09-01 02:33:57,965 - DEBUG - Already followed user: ikramagix. Skipping.
2026-09-01 02:33:57,965 - DEBUG - Already followed user: yutomiwana. Skipping.
2026-09-01 02:33:57,965 - DEBUG - Already followed user: gaqx. Skipping.
2026-09-01 02:33:57,966 - DEBUG - Already followed user: AnonimusShamshiAlex. Skipping.
2026-09-01 02:33:57,966 - DEBUG - Already followed user: goShell3. Skipping.
2026-09-01 02:33:57,966 - DEBUG - Already followed user: bencheayoub. Skipping.
2026-09-01 02:33:57,966 - DEBUG - Already followed user: juicetreacly. Skipping.
2026-09-01 02:33:57,966 - DEBUG - Already followed user: Babarali2k21. Skipping.
2026-09-01 02:33:57,966 - DEBUG - Already followed user: a-partovii. Skipping.
2026-09-01 02:33:57,966 - DEBUG - Already followed user: SalehAkramSifat. Skipping.
2026-09-01 02:33:57,966 - DEBUG - Already followed user: martian56. Skipping.
2026-09-01 02:33:57,966 - DEBUG - Already followed user: mengnankkkk. Skipping.
2026-09-01 02:33:57,966 - DEBUG - Already followed user: lec320fd90d. Skipping.
2026-09-01 02:33:57,966 - DEBUG - Already followed user: nahladzulula. Skipping.
2026-09-01 02:33:57,966 - DEBUG - Already followed user: AImaniadev. Skipping.
2026-09-01 02:33:57,966 - DEBUG - Already followed user: LakhiniVoshadee. Skipping.
2026-09-01 02:33:57,966 - DEBUG - Already followed user: cfrBernard. Skipping.
2026-09-01 02:33:57,966 - DEBUG - Already followed user: rexblade58. Skipping.
2026-09-01 02:33:57,966 - DEBUG - Already followed user: amad3i. Skipping.
2026-09-01 02:33:57,966 - DEBUG - Already followed user: Arison99. Skipping.
2026-09-01 02:33:57,966 - DEBUG - Already followed user: abdulrhmansalama. Skipping.
2026-09-01 02:33:57,966 - DEBUG - Already followed user: AbSomeone. Skipping.
2026-09-01 02:33:57,966 - DEBUG - Already followed user: nam-htran. Skipping.
2026-09-01 02:33:57,966 - DEBUG - Already followed user: GitHub7667. Skipping.
2026-09-01 02:33:57,966 - DEBUG - Already followed user: DevNinja08. Skipping.
2026-09-01 02:33:57,966 - DEBUG - Already followed user: dovvnloading. Skipping.
2026-09-01 02:33:57,966 - DEBUG - Already followed user: Ali-hey-0. Skipping.
2026-09-01 02:33:57,966 - DEBUG - Already followed user: talrejasahil4994. Skipping.
2026-09-01 02:33:57,966 - DEBUG - Already followed user: hellen-ansah. Skipping.
2026-09-01 02:33:57,966 - DEBUG - Already followed user: kiranShamsHere. Skipping.
2026-09-01 02:33:57,966 - DEBUG - Already followed user: Iankulani. Skipping.
2026-09-01 02:33:57,966 - DEBUG - Already followed user: VIDAKHOSHPEY22. Skipping.
2026-09-01 02:33:57,966 - DEBUG - Already followed user: BhagwaniVishi. Skipping.
2026-09-01 02:33:57,966 - DEBUG - Already followed user: aridepai17. Skipping.
2026-09-01 02:33:57,966 - DEBUG - Already followed user: 0Darkn. Skipping.
2026-09-01 02:33:57,966 - DEBUG - Already followed user: ShRP69. Skipping.
2026-09-01 02:33:57,966 - DEBUG - Already followed user: KayanShah. Skipping.
2026-09-01 02:33:57,966 - DEBUG - Already followed user: iousuz. Skipping.
2026-09-01 02:33:57,966 - DEBUG - Already followed user: Md-Mubin. Skipping.
2026-09-01 02:33:57,966 - DEBUG - Already followed user: lxl0825. Skipping.
2026-09-01 02:33:57,966 - DEBUG - Already followed user: abressiddique. Skipping.
2026-09-01 02:33:57,967 - DEBUG - Already followed user: 0xAdafang. Skipping.
2026-09-01 02:33:57,967 - DEBUG - Already followed user: jkdevcode. Skipping.
2026-09-01 02:33:57,967 - DEBUG - Already followed user: JawherKl. Skipping.
2026-09-01 02:33:57,967 - DEBUG - Already followed user: pwnedroot. Skipping.
2026-09-01 02:33:57,967 - DEBUG - Already followed user: DaviBaum. Skipping.
2026-09-01 02:33:57,967 - DEBUG - Already followed user: Nour-yahyaoui. Skipping.
2026-09-01 02:33:57,967 - DEBUG - Already followed user: thornebaker. Skipping.
2026-09-01 02:33:57,967 - DEBUG - Already followed user: rioryugen. Skipping.
2026-09-01 02:33:57,967 - DEBUG - Already followed user: nikhilpatidar01. Skipping.
2026-09-01 02:33:57,967 - DEBUG - Already followed user: codeXdanyal. Skipping.
2026-09-01 02:33:57,967 - DEBUG - Already followed user: gambling-addict. Skipping.
2026-09-01 02:33:57,967 - DEBUG - Already followed user: novagad. Skipping.
2026-09-01 02:33:57,967 - DEBUG - Already followed user: chojuninengu. Skipping.
2026-09-01 02:33:57,967 - DEBUG - Already followed user: JOELNATHAN544. Skipping.
2026-09-01 02:33:57,967 - DEBUG - Already followed user: Senthil455. Skipping.
2026-09-01 02:33:57,967 - DEBUG - Already followed user: pouryaPKGit. Skipping.
2026-09-01 02:33:57,967 - DEBUG - Already followed user: mwakidenis. Skipping.
2026-09-01 02:33:57,967 - DEBUG - Already followed user: daniel149afonso. Skipping.
2026-09-01 02:33:57,967 - DEBUG - Already followed user: MatheusRuivo365. Skipping.
2026-09-01 02:33:57,967 - DEBUG - Already followed user: grimwaIker. Skipping.
2026-09-01 02:33:57,967 - DEBUG - Already followed user: vsrupeshkumar. Skipping.
2026-09-01 02:33:57,967 - DEBUG - Already followed user: landry-some. Skipping.
2026-09-01 02:33:57,967 - DEBUG - Already followed user: madhavgadge01. Skipping.
2026-09-01 02:33:57,967 - DEBUG - Already followed user: panyster. Skipping.
2026-09-01 02:33:57,967 - DEBUG - Already followed user: MdShawonForazi. Skipping.
2026-09-01 02:33:57,967 - DEBUG - Already followed user: Muhammad-qureshi1. Skipping.
2026-09-01 02:33:57,967 - DEBUG - Already followed user: destroy-boys. Skipping.
2026-09-01 02:33:58,099 - INFO - Rate Limit - Remaining: 5000, Reset at: 2026-09-01 03:33:58
2026-09-01 02:33:58,100 - INFO - Fetching followers from: https://api.github.com/users/aelmizeb/followers?per_page=100&page=4
2026-09-01 02:33:58,265 - DEBUG - Number of followers fetched: 100
2026-09-01 02:33:58,265 - INFO - Fetched 100 followers on page 4.
2026-09-01 02:33:58,265 - INFO - Sleeping for 5 seconds before following users.
2026-09-01 02:34:03,270 - DEBUG - Already followed user: byxbe. Skipping.
2026-09-01 02:34:03,270 - DEBUG - Already followed user: vimal0156. Skipping.
2026-09-01 02:34:03,270 - DEBUG - Already followed user: syedbilalalam1. Skipping.
2026-09-01 02:34:03,271 - DEBUG - Already followed user: COUNTRY-HUMANS. Skipping.
2026-09-01 02:34:03,271 - DEBUG - Already followed user: Ayokanmi-Adejola. Skipping.
2026-09-01 02:34:03,271 - DEBUG - Already followed user: irenerodriguezrod. Skipping.
2026-09-01 02:34:03,271 - DEBUG - Already followed user: ngsnethawarya. Skipping.
2026-09-01 02:34:03,271 - DEBUG - Already followed user: mahimarawat0707. Skipping.
2026-09-01 02:34:03,271 - DEBUG - Already followed user: MuratKomurcu1. Skipping.
2026-09-01 02:34:03,271 - DEBUG - Already followed user: DARKANGEL689. Skipping.
2026-09-01 02:34:03,271 - DEBUG - Already followed user: buildcompanytogether. Skipping.
2026-09-01 02:34:03,271 - DEBUG - Already followed user: techspire0924. Skipping.
2026-09-01 02:34:03,271 - DEBUG - Already followed user: TechLeon001. Skipping.
2026-09-01 02:34:03,271 - DEBUG - Already followed user: sonle-dev. Skipping.
2026-09-01 02:34:03,271 - DEBUG - Already followed user: yonana-sahile. Skipping.
2026-09-01 02:34:03,271 - DEBUG - Already followed user: howls-moving-castle. Skipping.
2026-09-01 02:34:03,271 - DEBUG - Already followed user: lovehiccup. Skipping.
2026-09-01 02:34:03,271 - DEBUG - Already followed user: techEdge3030. Skipping.
2026-09-01 02:34:03,271 - DEBUG - Already followed user: webxos. Skipping.
2026-09-01 02:34:03,271 - DEBUG - Already followed user: developernayeemx. Skipping.
2026-09-01 02:34:03,271 - DEBUG - Already followed user: drydenmitchell. Skipping.
2026-09-01 02:34:03,271 - DEBUG - Already followed user: eatsky1006. Skipping.
2026-09-01 02:34:03,271 - DEBUG - Already followed user: frangelbarrera. Skipping.
2026-09-01 02:34:03,271 - DEBUG - Already followed user: 156afl. Skipping.
2026-09-01 02:34:03,271 - DEBUG - Already followed user: guten-tag-100. Skipping.
2026-09-01 02:34:03,271 - DEBUG - Already followed user: retrobullseye. Skipping.
2026-09-01 02:34:03,271 - DEBUG - Already followed user: nelbeu. Skipping.
2026-09-01 02:34:03,271 - DEBUG - Already followed user: ZPIIDR. Skipping.
2026-09-01 02:34:03,271 - DEBUG - Already followed user: floriant3. Skipping.
2026-09-01 02:34:03,271 - DEBUG - Already followed user: amazing-soft-dev. Skipping.
2026-09-01 02:34:03,271 - DEBUG - Already followed user: Quoriss. Skipping.
2026-09-01 02:34:03,271 - DEBUG - Already followed user: xcontcom. Skipping.
2026-09-01 02:34:03,271 - DEBUG - Already followed user: SparkNews00000. Skipping.
2026-09-01 02:34:03,271 - DEBUG - Already followed user: Lyne6666. Skipping.
2026-09-01 02:34:03,271 - DEBUG - Already followed user: nafiul-afk. Skipping.
2026-09-01 02:34:03,271 - DEBUG - Already followed user: ShiningRocket. Skipping.
2026-09-01 02:34:03,271 - DEBUG - Already followed user: fuad403273. Skipping.
2026-09-01 02:34:03,271 - DEBUG - Already followed user: Noori-Senior. Skipping.
2026-09-01 02:34:03,271 - DEBUG - Already followed user: AnjaliPatel301. Skipping.
2026-09-01 02:34:03,271 - DEBUG - Already followed user: Dev-Mania1988. Skipping.
2026-09-01 02:34:03,272 - DEBUG - Already followed user: BOYABOY999. Skipping.
2026-09-01 02:34:03,272 - DEBUG - Already followed user: NOUHABL. Skipping.
2026-09-01 02:34:03,272 - DEBUG - Already followed user: RamaAditya49. Skipping.
2026-09-01 02:34:03,272 - DEBUG - Already followed user: Seo-yeonLee. Skipping.
2026-09-01 02:34:03,272 - DEBUG - Already followed user: ChungusLord123. Skipping.
2026-09-01 02:34:03,272 - DEBUG - Already followed user: mohamadeydipour. Skipping.
2026-09-01 02:34:03,272 - DEBUG - Already followed user: constellation-infinity. Skipping.
2026-09-01 02:34:03,272 - DEBUG - Already followed user: rosem-coder. Skipping.
2026-09-01 02:34:03,272 - DEBUG - Already followed user: XO-Roham. Skipping.
2026-09-01 02:34:03,272 - DEBUG - Already followed user: kerryjanes. Skipping.
2026-09-01 02:34:03,272 - DEBUG - Already followed user: hyuntayo. Skipping.
2026-09-01 02:34:03,272 - DEBUG - Already followed user: wetmet. Skipping.
2026-09-01 02:34:03,272 - DEBUG - Already followed user: sezindartar. Skipping.
2026-09-01 02:34:03,272 - DEBUG - Already followed user: NovaNoodle7. Skipping.
2026-09-01 02:34:03,272 - DEBUG - Already followed user: annaveth. Skipping.
2026-09-01 02:34:03,272 - DEBUG - Already followed user: rexxdeev. Skipping.
2026-09-01 02:34:03,272 - DEBUG - Already followed user: cosmospice. Skipping.
2026-09-01 02:34:03,272 - DEBUG - Already followed user: lrepo52. Skipping.
2026-09-01 02:34:03,272 - DEBUG - Already followed user: uhsr. Skipping.
2026-09-01 02:34:03,272 - DEBUG - Already followed user: REIJISAKAMAKI. Skipping.
2026-09-01 02:34:03,272 - DEBUG - Already followed user: devnavodhimsara. Skipping.
2026-09-01 02:34:03,272 - DEBUG - Already followed user: muichirox. Skipping.
2026-09-01 02:34:03,272 - DEBUG - Already followed user: thehappydictator. Skipping.
2026-09-01 02:34:03,272 - DEBUG - Already followed user: JohnAxel04. Skipping.
2026-09-01 02:34:03,272 - DEBUG - Already followed user: laigit-dot. Skipping.
2026-09-01 02:34:03,272 - DEBUG - Already followed user: 1minds3t. Skipping.
2026-09-01 02:34:03,272 - DEBUG - Already followed user: 2nixx. Skipping.
2026-09-01 02:34:03,272 - DEBUG - Already followed user: Jones-6199. Skipping.
2026-09-01 02:34:03,272 - DEBUG - Already followed user: matchingduo. Skipping.
2026-09-01 02:34:03,272 - DEBUG - Already followed user: Mistrust12. Skipping.
2026-09-01 02:34:03,272 - DEBUG - Already followed user: runner28-code. Skipping.
2026-09-01 02:34:03,272 - DEBUG - Already followed user: kakaka-byte. Skipping.
2026-09-01 02:34:03,272 - DEBUG - Already followed user: alvrenkai. Skipping.
2026-09-01 02:34:03,272 - DEBUG - Already followed user: KabeloM13. Skipping.
2026-09-01 02:34:03,272 - DEBUG - Already followed user: HamiParsa. Skipping.
2026-09-01 02:34:03,272 - DEBUG - Already followed user: abdulrdeveloper. Skipping.
2026-09-01 02:34:03,272 - DEBUG - Already followed user: Lyche6666. Skipping.
2026-09-01 02:34:03,272 - DEBUG - Already followed user: sphinxzerd. Skipping.
2026-09-01 02:34:03,272 - DEBUG - Already followed user: siddhant3895. Skipping.
2026-09-01 02:34:03,272 - DEBUG - Already followed user: conexto. Skipping.
2026-09-01 02:34:03,273 - DEBUG - Already followed user: nikecodedev. Skipping.
2026-09-01 02:34:03,273 - DEBUG - Already followed user: anshull-rajput. Skipping.
2026-09-01 02:34:03,273 - DEBUG - Already followed user: ExCoder999. Skipping.
2026-09-01 02:34:03,273 - DEBUG - Already followed user: nykoco. Skipping.
2026-09-01 02:34:03,273 - DEBUG - Already followed user: zombietfk. Skipping.
2026-09-01 02:34:03,273 - DEBUG - Already followed user: Ashkan-P88. Skipping.
2026-09-01 02:34:03,273 - DEBUG - Already followed user: nexthireconnect. Skipping.
2026-09-01 02:34:03,273 - DEBUG - Already followed user: cyanile. Skipping.
2026-09-01 02:34:03,273 - DEBUG - Already followed user: REVOLV1NG. Skipping.
2026-09-01 02:34:03,273 - DEBUG - Already followed user: kakashl-hatake. Skipping.
2026-09-01 02:34:03,273 - DEBUG - Already followed user: martycorn. Skipping.
2026-09-01 02:34:03,273 - DEBUG - Already followed user: HysteriaWEB3. Skipping.
2026-09-01 02:34:03,273 - DEBUG - Already followed user: joebtceth. Skipping.
2026-09-01 02:34:03,273 - DEBUG - Already followed user: jojoamanie. Skipping.
2026-09-01 02:34:03,273 - DEBUG - Already followed user: MohibAhmadButt. Skipping.
2026-09-01 02:34:03,273 - DEBUG - Already followed user: 9Michael-Cooley. Skipping.
2026-09-01 02:34:03,273 - DEBUG - Already followed user: nargestohidloo. Skipping.
2026-09-01 02:34:03,273 - DEBUG - Already followed user: hwg-p. Skipping.
2026-09-01 02:34:03,273 - DEBUG - Already followed user: BERDLYY. Skipping.
2026-09-01 02:34:03,273 - DEBUG - Already followed user: chenE5M2. Skipping.
2026-09-01 02:34:03,414 - INFO - Rate Limit - Remaining: 5000, Reset at: 2026-09-01 03:34:03
2026-09-01 02:34:03,415 - INFO - Fetching followers from: https://api.github.com/users/aelmizeb/followers?per_page=100&page=5
2026-09-01 02:34:03,603 - DEBUG - Number of followers fetched: 29
2026-09-01 02:34:03,604 - INFO - Fetched 29 followers on page 5.
2026-09-01 02:34:03,604 - INFO - Sleeping for 5 seconds before following users.
2026-09-01 02:34:08,609 - DEBUG - Already followed user: IvanDevMars. Skipping.
2026-09-01 02:34:08,609 - DEBUG - Already followed user: El-Tousy. Skipping.
2026-09-01 02:34:08,609 - DEBUG - Already followed user: art-in-alizade. Skipping.
2026-09-01 02:34:08,609 - DEBUG - Already followed user: AnkitSaini491. Skipping.
2026-09-01 02:34:08,609 - DEBUG - Already followed user: illusive7ai. Skipping.
2026-09-01 02:34:08,609 - DEBUG - Already followed user: vibecodinguy. Skipping.
2026-09-01 02:34:08,609 - INFO - Attempting to follow user: WElRD0
2026-09-01 02:34:08,752 - INFO - Successfully followed user: WElRD0
2026-09-01 02:34:08,753 - DEBUG - Appended user WElRD0 to followers.txt.
2026-09-01 02:34:08,753 - INFO - Follower counter updated: 980
2026-09-01 02:34:08,753 - INFO - Sleeping for 10.82 seconds before the next follow.
2026-09-01 02:34:19,585 - DEBUG - Already followed user: sugarburn. Skipping.
2026-09-01 02:34:19,585 - DEBUG - Already followed user: Espotmx. Skipping.
2026-09-01 02:34:19,585 - DEBUG - Already followed user: MJ-ulia. Skipping.
2026-09-01 02:34:19,585 - DEBUG - Already followed user: DERB1F. Skipping.
2026-09-01 02:34:19,585 - DEBUG - Already followed user: donaldmorry. Skipping.
2026-09-01 02:34:19,585 - DEBUG - Already followed user: EimanTahir027. Skipping.
2026-09-01 02:34:19,585 - DEBUG - Already followed user: kyal102. Skipping.
2026-09-01 02:34:19,585 - DEBUG - Already followed user: Belucking. Skipping.
2026-09-01 02:34:19,585 - DEBUG - Already followed user: holilayet. Skipping.
2026-09-01 02:34:19,585 - DEBUG - Already followed user: ByteBunny777. Skipping.
2026-09-01 02:34:19,585 - DEBUG - Already followed user: AngelofDarknessm. Skipping.
2026-09-01 02:34:19,585 - DEBUG - Already followed user: Ella-horizon. Skipping.
2026-09-01 02:34:19,585 - DEBUG - Already followed user: hassenbrahim. Skipping.
2026-09-01 02:34:19,585 - DEBUG - Already followed user: alberto4442. Skipping.
2026-09-01 02:34:19,585 - DEBUG - Already followed user: ancaferro. Skipping.
2026-09-01 02:34:19,585 - DEBUG - Already followed user: raviwijerathna1. Skipping.
2026-09-01 02:34:19,585 - DEBUG - Already followed user: webbrain-one. Skipping.
2026-09-01 02:34:19,585 - DEBUG - Already followed user: ClaerDev. Skipping.
2026-09-01 02:34:19,585 - DEBUG - Already followed user: TOPDEV99999. Skipping.
2026-09-01 02:34:19,585 - DEBUG - Already followed user: takahashikushina0223. Skipping.
2026-09-01 02:34:19,585 - DEBUG - Already followed user: cchongming. Skipping.
2026-09-01 02:34:19,585 - DEBUG - Already followed user: evvenoly. Skipping.
2026-09-01 02:34:19,716 - INFO - Rate Limit - Remaining: 5000, Reset at: 2026-09-01 03:34:19
2026-09-01 02:34:19,717 - INFO - Fetching followers from: https://api.github.com/users/aelmizeb/followers?per_page=100&page=6
2026-09-01 02:34:19,854 - DEBUG - Number of followers fetched: 0
2026-09-01 02:34:19,855 - INFO - No more followers to process. Exiting.
2026-09-01 02:34:19,855 - INFO - Follower counter updated: 980
2026-09-01 02:34:19,855 - INFO - 
Following users from your follower list is done! Total followers fetched: 429, Total followers followed: 980
2026-09-02 01:54:12,672 - INFO - Hi! I am GitHub Follower Bot.
2026-09-02 01:54:12,672 - INFO - Letting you follow all your followers!
2026-09-02 01:54:12,672 - INFO - Starting to fetch your follower lists...

2026-09-02 01:54:12,673 - INFO - Loaded 980 already followed users.
2026-09-02 01:54:12,673 - INFO - Processing all followers without resume.
2026-09-02 01:54:12,673 - INFO - Starting from page: 1
2026-09-02 01:54:12,673 - INFO - Current follower counter: 980
2026-09-02 01:54:12,991 - INFO - Rate Limit - Remaining: 5000, Reset at: 2026-09-02 02:54:12
2026-09-02 01:54:12,992 - INFO - Fetching followers from: https://api.github.com/users/aelmizeb/followers?per_page=100&page=1
2026-09-02 01:54:13,304 - DEBUG - Number of followers fetched: 100
2026-09-02 01:54:13,304 - INFO - Fetched 100 followers on page 1.
2026-09-02 01:54:13,304 - INFO - Sleeping for 5 seconds before following users.
2026-09-02 01:54:18,309 - DEBUG - Already followed user: levonk. Skipping.
2026-09-02 01:54:18,309 - DEBUG - Already followed user: peterruler. Skipping.
2026-09-02 01:54:18,309 - DEBUG - Already followed user: slavaGanzin. Skipping.
2026-09-02 01:54:18,309 - DEBUG - Already followed user: kenjinote. Skipping.
2026-09-02 01:54:18,309 - DEBUG - Already followed user: tech4xstar. Skipping.
2026-09-02 01:54:18,309 - DEBUG - Already followed user: sarkarshuvojit. Skipping.
2026-09-02 01:54:18,309 - DEBUG - Already followed user: unhappychoice. Skipping.
2026-09-02 01:54:18,309 - DEBUG - Already followed user: luckchain777. Skipping.
2026-09-02 01:54:18,309 - DEBUG - Already followed user: jorithanx. Skipping.
2026-09-02 01:54:18,309 - DEBUG - Already followed user: whiteplaine. Skipping.
2026-09-02 01:54:18,309 - DEBUG - Already followed user: gamemann. Skipping.
2026-09-02 01:54:18,309 - DEBUG - Already followed user: riseansmal. Skipping.
2026-09-02 01:54:18,310 - DEBUG - Already followed user: manman4. Skipping.
2026-09-02 01:54:18,310 - DEBUG - Already followed user: KylerCondran. Skipping.
2026-09-02 01:54:18,310 - DEBUG - Already followed user: ZhuChenn. Skipping.
2026-09-02 01:54:18,310 - DEBUG - Already followed user: Elbagoury. Skipping.
2026-09-02 01:54:18,310 - DEBUG - Already followed user: murapadev. Skipping.
2026-09-02 01:54:18,310 - DEBUG - Already followed user: tetref. Skipping.
2026-09-02 01:54:18,310 - DEBUG - Already followed user: Hantan1080. Skipping.
2026-09-02 01:54:18,310 - DEBUG - Already followed user: OliviaBennQ. Skipping.
2026-09-02 01:54:18,310 - DEBUG - Already followed user: budaivisita. Skipping.
2026-09-02 01:54:18,310 - DEBUG - Already followed user: ledgerhubteam. Skipping.
2026-09-02 01:54:18,310 - DEBUG - Already followed user: CelaDaniel. Skipping.
2026-09-02 01:54:18,310 - DEBUG - Already followed user: ThomasHWeb. Skipping.
2026-09-02 01:54:18,310 - DEBUG - Already followed user: paaak. Skipping.
2026-09-02 01:54:18,310 - DEBUG - Already followed user: hitman0290. Skipping.
2026-09-02 01:54:18,310 - DEBUG - Already followed user: jokeyhter. Skipping.
2026-09-02 01:54:18,310 - DEBUG - Already followed user: dbunt1tled. Skipping.
2026-09-02 01:54:18,310 - DEBUG - Already followed user: medmek. Skipping.
2026-09-02 01:54:18,310 - DEBUG - Already followed user: Hajjouz. Skipping.
2026-09-02 01:54:18,310 - DEBUG - Already followed user: IDouble. Skipping.
2026-09-02 01:54:18,310 - DEBUG - Already followed user: Jeesson. Skipping.
2026-09-02 01:54:18,310 - DEBUG - Already followed user: ZainJavaid. Skipping.
2026-09-02 01:54:18,310 - DEBUG - Already followed user: DanHouseman. Skipping.
2026-09-02 01:54:18,310 - DEBUG - Already followed user: forgerondev. Skipping.
2026-09-02 01:54:18,310 - DEBUG - Already followed user: djvelimir. Skipping.
2026-09-02 01:54:18,310 - DEBUG - Already followed user: guevaraStian. Skipping.
2026-09-02 01:54:18,310 - DEBUG - Already followed user: cambot86. Skipping.
2026-09-02 01:54:18,310 - DEBUG - Already followed user: mollyroger. Skipping.
2026-09-02 01:54:18,310 - DEBUG - Already followed user: visualGravitySense. Skipping.
2026-09-02 01:54:18,310 - DEBUG - Already followed user: HexCore8. Skipping.
2026-09-02 01:54:18,310 - DEBUG - Already followed user: jelspace. Skipping.
2026-09-02 01:54:18,310 - DEBUG - Already followed user: Sanghyun-0h. Skipping.
2026-09-02 01:54:18,310 - DEBUG - Already followed user: dweatherston11. Skipping.
2026-09-02 01:54:18,310 - DEBUG - Already followed user: weiquan98. Skipping.
2026-09-02 01:54:18,310 - DEBUG - Already followed user: furendyna. Skipping.
2026-09-02 01:54:18,311 - DEBUG - Already followed user: furkan012. Skipping.
2026-09-02 01:54:18,311 - DEBUG - Already followed user: KostasSliazas. Skipping.
2026-09-02 01:54:18,311 - DEBUG - Already followed user: hxreborn. Skipping.
2026-09-02 01:54:18,311 - DEBUG - Already followed user: hazexone. Skipping.
2026-09-02 01:54:18,311 - DEBUG - Already followed user: ardaltunel. Skipping.
2026-09-02 01:54:18,311 - DEBUG - Already followed user: domcomit. Skipping.
2026-09-02 01:54:18,311 - DEBUG - Already followed user: boomray. Skipping.
2026-09-02 01:54:18,311 - DEBUG - Already followed user: rob0pup. Skipping.
2026-09-02 01:54:18,311 - DEBUG - Already followed user: mevcel. Skipping.
2026-09-02 01:54:18,311 - DEBUG - Already followed user: IshmamAbir. Skipping.
2026-09-02 01:54:18,311 - DEBUG - Already followed user: designAsign. Skipping.
2026-09-02 01:54:18,311 - DEBUG - Already followed user: ai-28. Skipping.
2026-09-02 01:54:18,311 - DEBUG - Already followed user: Connor9994. Skipping.
2026-09-02 01:54:18,311 - DEBUG - Already followed user: domx4q. Skipping.
2026-09-02 01:54:18,311 - DEBUG - Already followed user: Devify-Co. Skipping.
2026-09-02 01:54:18,311 - DEBUG - Already followed user: juandjesus20009. Skipping.
2026-09-02 01:54:18,311 - DEBUG - Already followed user: jackciw. Skipping.
2026-09-02 01:54:18,311 - DEBUG - Already followed user: 4F71. Skipping.
2026-09-02 01:54:18,311 - DEBUG - Already followed user: standardgalactic. Skipping.
2026-09-02 01:54:18,311 - DEBUG - Already followed user: sandibrrm. Skipping.
2026-09-02 01:54:18,311 - DEBUG - Already followed user: AchrafReyani. Skipping.
2026-09-02 01:54:18,311 - DEBUG - Already followed user: jaderytm. Skipping.
2026-09-02 01:54:18,311 - INFO - Attempting to follow user: tom-w-hamer
2026-09-02 01:54:18,565 - INFO - Successfully followed user: tom-w-hamer
2026-09-02 01:54:18,566 - DEBUG - Appended user tom-w-hamer to followers.txt.
2026-09-02 01:54:18,567 - INFO - Follower counter updated: 981
2026-09-02 01:54:18,567 - INFO - Sleeping for 13.42 seconds before the next follow.
2026-09-02 01:54:32,003 - DEBUG - Already followed user: nstrmx. Skipping.
2026-09-02 01:54:32,003 - DEBUG - Already followed user: RaccoonFacts. Skipping.
2026-09-02 01:54:32,003 - DEBUG - Already followed user: Kos-M. Skipping.
2026-09-02 01:54:32,003 - DEBUG - Already followed user: jfullstackdev. Skipping.
2026-09-02 01:54:32,003 - DEBUG - Already followed user: iVGeek. Skipping.
2026-09-02 01:54:32,003 - DEBUG - Already followed user: th3noryx. Skipping.
2026-09-02 01:54:32,003 - DEBUG - Already followed user: Unizuka22. Skipping.
2026-09-02 01:54:32,003 - DEBUG - Already followed user: vasilirigels. Skipping.
2026-09-02 01:54:32,003 - DEBUG - Already followed user: cristinagberta. Skipping.
2026-09-02 01:54:32,003 - DEBUG - Already followed user: alexanderbergerhd. Skipping.
2026-09-02 01:54:32,003 - DEBUG - Already followed user: mohammadnabia. Skipping.
2026-09-02 01:54:32,003 - DEBUG - Already followed user: briwhoze. Skipping.
2026-09-02 01:54:32,003 - DEBUG - Already followed user: dmitryravilov. Skipping.
2026-09-02 01:54:32,003 - DEBUG - Already followed user: szenled. Skipping.
2026-09-02 01:54:32,003 - DEBUG - Already followed user: Mindlyss. Skipping.
2026-09-02 01:54:32,003 - DEBUG - Already followed user: cerenyilmazjinx. Skipping.
2026-09-02 01:54:32,003 - DEBUG - Already followed user: BEPb. Skipping.
2026-09-02 01:54:32,003 - DEBUG - Already followed user: galaxyb-dark. Skipping.
2026-09-02 01:54:32,003 - DEBUG - Already followed user: HafidIdrissi. Skipping.
2026-09-02 01:54:32,003 - DEBUG - Already followed user: oluiscabral. Skipping.
2026-09-02 01:54:32,003 - DEBUG - Already followed user: cryptoAur4x. Skipping.
2026-09-02 01:54:32,003 - DEBUG - Already followed user: emilycodestar. Skipping.
2026-09-02 01:54:32,003 - DEBUG - Already followed user: giewan. Skipping.
2026-09-02 01:54:32,003 - DEBUG - Already followed user: ivasik-k7. Skipping.
2026-09-02 01:54:32,003 - DEBUG - Already followed user: sakuyaloli. Skipping.
2026-09-02 01:54:32,003 - DEBUG - Already followed user: aantoooon. Skipping.
2026-09-02 01:54:32,004 - DEBUG - Already followed user: NeoZorK. Skipping.
2026-09-02 01:54:32,004 - DEBUG - Already followed user: albonidrizi. Skipping.
2026-09-02 01:54:32,004 - DEBUG - Already followed user: Arul1998. Skipping.
2026-09-02 01:54:32,004 - DEBUG - Already followed user: hajigur69. Skipping.
2026-09-02 01:54:32,004 - DEBUG - Already followed user: trajanOx. Skipping.
2026-09-02 01:54:32,292 - INFO - Rate Limit - Remaining: 5000, Reset at: 2026-09-02 02:54:32
2026-09-02 01:54:32,293 - INFO - Fetching followers from: https://api.github.com/users/aelmizeb/followers?per_page=100&page=2
2026-09-02 01:54:32,566 - DEBUG - Number of followers fetched: 100
2026-09-02 01:54:32,566 - INFO - Fetched 100 followers on page 2.
2026-09-02 01:54:32,566 - INFO - Sleeping for 5 seconds before following users.
2026-09-02 01:54:37,569 - DEBUG - Already followed user: VictoriaCabirta. Skipping.
2026-09-02 01:54:37,569 - DEBUG - Already followed user: CHUNG-HAO. Skipping.
2026-09-02 01:54:37,569 - DEBUG - Already followed user: loreius. Skipping.
2026-09-02 01:54:37,569 - DEBUG - Already followed user: Supremenottee. Skipping.
2026-09-02 01:54:37,569 - DEBUG - Already followed user: mainstar123. Skipping.
2026-09-02 01:54:37,569 - DEBUG - Already followed user: JohnMwendwa. Skipping.
2026-09-02 01:54:37,569 - DEBUG - Already followed user: Geek-Cheth. Skipping.
2026-09-02 01:54:37,569 - DEBUG - Already followed user: AhmadJeddi. Skipping.
2026-09-02 01:54:37,569 - DEBUG - Already followed user: OftenUser. Skipping.
2026-09-02 01:54:37,569 - DEBUG - Already followed user: mohammadhasanii. Skipping.
2026-09-02 01:54:37,569 - DEBUG - Already followed user: haochezh. Skipping.
2026-09-02 01:54:37,569 - DEBUG - Already followed user: mbitujames. Skipping.
2026-09-02 01:54:37,569 - DEBUG - Already followed user: Nisyalz01. Skipping.
2026-09-02 01:54:37,569 - DEBUG - Already followed user: MaitreyeeDhar. Skipping.
2026-09-02 01:54:37,569 - DEBUG - Already followed user: nelokusa. Skipping.
2026-09-02 01:54:37,569 - DEBUG - Already followed user: r97221004. Skipping.
2026-09-02 01:54:37,569 - DEBUG - Already followed user: Carrington-dev. Skipping.
2026-09-02 01:54:37,569 - DEBUG - Already followed user: pinhe91. Skipping.
2026-09-02 01:54:37,569 - INFO - Attempting to follow user: minseochoj
2026-09-02 01:54:37,917 - INFO - Successfully followed user: minseochoj
2026-09-02 01:54:37,918 - DEBUG - Appended user minseochoj to followers.txt.
2026-09-02 01:54:37,918 - INFO - Follower counter updated: 982
2026-09-02 01:54:37,918 - INFO - Sleeping for 10.08 seconds before the next follow.
2026-09-02 01:54:48,008 - DEBUG - Already followed user: RobbyDwk. Skipping.
2026-09-02 01:54:48,008 - DEBUG - Already followed user: thisalireza. Skipping.
2026-09-02 01:54:48,008 - DEBUG - Already followed user: BhuvanAde. Skipping.
2026-09-02 01:54:48,008 - DEBUG - Already followed user: KerollosMagdy. Skipping.
2026-09-02 01:54:48,008 - DEBUG - Already followed user: Jamkris. Skipping.
2026-09-02 01:54:48,008 - DEBUG - Already followed user: 00200200. Skipping.
2026-09-02 01:54:48,008 - DEBUG - Already followed user: steph3nm. Skipping.
2026-09-02 01:54:48,008 - DEBUG - Already followed user: arch-yunus. Skipping.
2026-09-02 01:54:48,008 - DEBUG - Already followed user: Jailtonfonseca. Skipping.
2026-09-02 01:54:48,008 - DEBUG - Already followed user: lxRbckl. Skipping.
2026-09-02 01:54:48,008 - DEBUG - Already followed user: jamesgeodi. Skipping.
2026-09-02 01:54:48,008 - DEBUG - Already followed user: olienath. Skipping.
2026-09-02 01:54:48,008 - DEBUG - Already followed user: xrpcommunity. Skipping.
2026-09-02 01:54:48,008 - DEBUG - Already followed user: jolliesol. Skipping.
2026-09-02 01:54:48,008 - DEBUG - Already followed user: xnovaxdev. Skipping.
2026-09-02 01:54:48,008 - DEBUG - Already followed user: filzehoka. Skipping.
2026-09-02 01:54:48,008 - DEBUG - Already followed user: Wenyveo. Skipping.
2026-09-02 01:54:48,008 - DEBUG - Already followed user: XRPLLendingNet. Skipping.
2026-09-02 01:54:48,008 - DEBUG - Already followed user: jan-leike. Skipping.
2026-09-02 01:54:48,008 - DEBUG - Already followed user: Hstkj23. Skipping.
2026-09-02 01:54:48,008 - INFO - Attempting to follow user: emilybarru
2026-09-02 01:54:48,293 - INFO - Successfully followed user: emilybarru
2026-09-02 01:54:48,295 - DEBUG - Appended user emilybarru to followers.txt.
2026-09-02 01:54:48,295 - INFO - Follower counter updated: 983
2026-09-02 01:54:48,295 - INFO - Sleeping for 12.93 seconds before the next follow.
2026-09-02 01:55:01,235 - DEBUG - Already followed user: NazmusSayad. Skipping.
2026-09-02 01:55:01,235 - DEBUG - Already followed user: Liuboshenko. Skipping.
2026-09-02 01:55:01,235 - INFO - Attempting to follow user: lgomesappj
2026-09-02 01:55:01,550 - INFO - Successfully followed user: lgomesappj
2026-09-02 01:55:01,552 - DEBUG - Appended user lgomesappj to followers.txt.
2026-09-02 01:55:01,552 - INFO - Follower counter updated: 984
2026-09-02 01:55:01,552 - INFO - Sleeping for 14.29 seconds before the next follow.
2026-09-02 01:55:15,854 - DEBUG - Already followed user: irenascent. Skipping.
2026-09-02 01:55:15,854 - DEBUG - Already followed user: Berserk-hub150. Skipping.
2026-09-02 01:55:15,854 - DEBUG - Already followed user: mariwatts. Skipping.
2026-09-02 01:55:15,854 - DEBUG - Already followed user: Davidevlops. Skipping.
2026-09-02 01:55:15,854 - DEBUG - Already followed user: ezozu. Skipping.
2026-09-02 01:55:15,854 - DEBUG - Already followed user: OHANA-WEB. Skipping.
2026-09-02 01:55:15,854 - DEBUG - Already followed user: BamdadTabari. Skipping.
2026-09-02 01:55:15,854 - DEBUG - Already followed user: vinamega. Skipping.
2026-09-02 01:55:15,854 - DEBUG - Already followed user: cgrundman. Skipping.
2026-09-02 01:55:15,854 - DEBUG - Already followed user: zkcryptweb. Skipping.
2026-09-02 01:55:15,854 - DEBUG - Already followed user: eldarlrd. Skipping.
2026-09-02 01:55:15,854 - DEBUG - Already followed user: bashichda. Skipping.
2026-09-02 01:55:15,854 - DEBUG - Already followed user: ludo53. Skipping.
2026-09-02 01:55:15,854 - DEBUG - Already followed user: heinodendal. Skipping.
2026-09-02 01:55:15,854 - DEBUG - Already followed user: linuxtusX5. Skipping.
2026-09-02 01:55:15,854 - DEBUG - Already followed user: CarAuto34. Skipping.
2026-09-02 01:55:15,854 - DEBUG - Already followed user: elifirinci. Skipping.
2026-09-02 01:55:15,854 - DEBUG - Already followed user: sabbir-noyon. Skipping.
2026-09-02 01:55:15,854 - DEBUG - Already followed user: Nima-Mollaei. Skipping.
2026-09-02 01:55:15,854 - DEBUG - Already followed user: apurva313. Skipping.
2026-09-02 01:55:15,854 - DEBUG - Already followed user: kyiroywops. Skipping.
2026-09-02 01:55:15,854 - DEBUG - Already followed user: m-bwela. Skipping.
2026-09-02 01:55:15,855 - DEBUG - Already followed user: NachoOFC. Skipping.
2026-09-02 01:55:15,855 - DEBUG - Already followed user: CrisLottz. Skipping.
2026-09-02 01:55:15,855 - DEBUG - Already followed user: MrMDrX. Skipping.
2026-09-02 01:55:15,855 - DEBUG - Already followed user: nimakian. Skipping.
2026-09-02 01:55:15,855 - DEBUG - Already followed user: iamapuneet. Skipping.
2026-09-02 01:55:15,855 - DEBUG - Already followed user: iktiarnazib. Skipping.
2026-09-02 01:55:15,855 - DEBUG - Already followed user: Daxxtropezz. Skipping.
2026-09-02 01:55:15,855 - DEBUG - Already followed user: joaocarpim. Skipping.
2026-09-02 01:55:15,855 - DEBUG - Already followed user: 0xmurtimus. Skipping.
2026-09-02 01:55:15,855 - DEBUG - Already followed user: U1000000000000. Skipping.
2026-09-02 01:55:15,855 - DEBUG - Already followed user: shahriar0999. Skipping.
2026-09-02 01:55:15,855 - DEBUG - Already followed user: souvikrana17. Skipping.
2026-09-02 01:55:15,855 - DEBUG - Already followed user: AhmedDabish. Skipping.
2026-09-02 01:55:15,855 - DEBUG - Already followed user: cahcacah. Skipping.
2026-09-02 01:55:15,855 - DEBUG - Already followed user: DIMFLIX. Skipping.
2026-09-02 01:55:15,855 - DEBUG - Already followed user: 1526422010. Skipping.
2026-09-02 01:55:15,855 - DEBUG - Already followed user: aguptaaditya. Skipping.
2026-09-02 01:55:15,855 - DEBUG - Already followed user: EminHaziyev. Skipping.
2026-09-02 01:55:15,855 - DEBUG - Already followed user: VarshuAi. Skipping.
2026-09-02 01:55:15,855 - DEBUG - Already followed user: CelaFlori. Skipping.
2026-09-02 01:55:15,855 - DEBUG - Already followed user: 0xspryo. Skipping.
2026-09-02 01:55:15,855 - DEBUG - Already followed user: laurindoisaac. Skipping.
2026-09-02 01:55:15,855 - DEBUG - Already followed user: Motaman-M. Skipping.
2026-09-02 01:55:15,855 - DEBUG - Already followed user: Seif-01. Skipping.
2026-09-02 01:55:15,855 - DEBUG - Already followed user: motanelson. Skipping.
2026-09-02 01:55:15,855 - DEBUG - Already followed user: cepseu1. Skipping.
2026-09-02 01:55:15,855 - DEBUG - Already followed user: bolola777. Skipping.
2026-09-02 01:55:15,855 - DEBUG - Already followed user: vardan444. Skipping.
2026-09-02 01:55:15,855 - DEBUG - Already followed user: rahuloraj. Skipping.
2026-09-02 01:55:15,855 - DEBUG - Already followed user: knmlabs. Skipping.
2026-09-02 01:55:15,855 - DEBUG - Already followed user: Mubashir12392. Skipping.
2026-09-02 01:55:15,855 - DEBUG - Already followed user: jeallz. Skipping.
2026-09-02 01:55:15,855 - DEBUG - Already followed user: Arman-INF. Skipping.
2026-09-02 01:55:15,855 - DEBUG - Already followed user: reignsi. Skipping.
2026-09-02 01:55:15,856 - DEBUG - Already followed user: christosantono. Skipping.
2026-09-02 01:55:16,138 - INFO - Rate Limit - Remaining: 5000, Reset at: 2026-09-02 02:55:16
2026-09-02 01:55:16,139 - INFO - Fetching followers from: https://api.github.com/users/aelmizeb/followers?per_page=100&page=3
2026-09-02 01:55:16,454 - DEBUG - Number of followers fetched: 100
2026-09-02 01:55:16,454 - INFO - Fetched 100 followers on page 3.
2026-09-02 01:55:16,455 - INFO - Sleeping for 5 seconds before following users.
2026-09-02 01:55:21,457 - DEBUG - Already followed user: Nai64. Skipping.
2026-09-02 01:55:21,458 - DEBUG - Already followed user: K1rsN7. Skipping.
2026-09-02 01:55:21,458 - DEBUG - Already followed user: MatthewMacri. Skipping.
2026-09-02 01:55:21,458 - INFO - Attempting to follow user: whitakeroliver
2026-09-02 01:55:21,735 - INFO - Successfully followed user: whitakeroliver
2026-09-02 01:55:21,736 - DEBUG - Appended user whitakeroliver to followers.txt.
2026-09-02 01:55:21,737 - INFO - Follower counter updated: 985
2026-09-02 01:55:21,737 - INFO - Sleeping for 14.58 seconds before the next follow.
2026-09-02 01:55:36,332 - DEBUG - Already followed user: S4IL21. Skipping.
2026-09-02 01:55:36,332 - DEBUG - Already followed user: filipzekovich. Skipping.
2026-09-02 01:55:36,332 - DEBUG - Already followed user: RafalW3bCraft. Skipping.
2026-09-02 01:55:36,332 - DEBUG - Already followed user: 7007259Ankur. Skipping.
2026-09-02 01:55:36,332 - INFO - Attempting to follow user: amurrayeqc
2026-09-02 01:55:36,695 - INFO - Successfully followed user: amurrayeqc
2026-09-02 01:55:36,696 - DEBUG - Appended user amurrayeqc to followers.txt.
2026-09-02 01:55:36,697 - INFO - Follower counter updated: 986
2026-09-02 01:55:36,697 - INFO - Sleeping for 12.03 seconds before the next follow.
2026-09-02 01:55:48,735 - DEBUG - Already followed user: Willysc10. Skipping.
2026-09-02 01:55:48,735 - DEBUG - Already followed user: rasidi3112. Skipping.
2026-09-02 01:55:48,735 - DEBUG - Already followed user: otaviossousa. Skipping.
2026-09-02 01:55:48,735 - DEBUG - Already followed user: taahabz. Skipping.
2026-09-02 01:55:48,735 - DEBUG - Already followed user: topdigitalplus. Skipping.
2026-09-02 01:55:48,735 - DEBUG - Already followed user: lilbodo123. Skipping.
2026-09-02 01:55:48,735 - DEBUG - Already followed user: super-phantom91. Skipping.
2026-09-02 01:55:48,735 - DEBUG - Already followed user: hyper-ayoub. Skipping.
2026-09-02 01:55:48,735 - DEBUG - Already followed user: DrParthaMajumder. Skipping.
2026-09-02 01:55:48,735 - DEBUG - Already followed user: sunjoe508. Skipping.
2026-09-02 01:55:48,735 - DEBUG - Already followed user: IamDevDan. Skipping.
2026-09-02 01:55:48,735 - DEBUG - Already followed user: Fellipemarcal. Skipping.
2026-09-02 01:55:48,735 - DEBUG - Already followed user: potentialdev-web. Skipping.
2026-09-02 01:55:48,735 - DEBUG - Already followed user: Laqrabti. Skipping.
2026-09-02 01:55:48,735 - DEBUG - Already followed user: masonliiu. Skipping.
2026-09-02 01:55:48,735 - DEBUG - Already followed user: deadlyandro. Skipping.
2026-09-02 01:55:48,735 - DEBUG - Already followed user: AhmadTigress. Skipping.
2026-09-02 01:55:48,735 - DEBUG - Already followed user: Maher-Elmair. Skipping.
2026-09-02 01:55:48,735 - INFO - Attempting to follow user: harutosati
2026-09-02 01:55:49,063 - INFO - Successfully followed user: harutosati
2026-09-02 01:55:49,065 - DEBUG - Appended user harutosati to followers.txt.
2026-09-02 01:55:49,065 - INFO - Follower counter updated: 987
2026-09-02 01:55:49,065 - INFO - Sleeping for 10.75 seconds before the next follow.
2026-09-02 01:55:59,817 - DEBUG - Already followed user: B2Kumar03. Skipping.
2026-09-02 01:55:59,817 - DEBUG - Already followed user: AbdulRehman393. Skipping.
2026-09-02 01:55:59,817 - DEBUG - Already followed user: vijayshikhare. Skipping.
2026-09-02 01:55:59,817 - DEBUG - Already followed user: nuraisi. Skipping.
2026-09-02 01:55:59,817 - DEBUG - Already followed user: aertsimon90. Skipping.
2026-09-02 01:55:59,817 - DEBUG - Already followed user: Bifenzine. Skipping.
2026-09-02 01:55:59,817 - DEBUG - Already followed user: Chainsmoker23. Skipping.
2026-09-02 01:55:59,817 - DEBUG - Already followed user: 3nesdeniz. Skipping.
2026-09-02 01:55:59,817 - DEBUG - Already followed user: vegata099. Skipping.
2026-09-02 01:55:59,817 - DEBUG - Already followed user: marichu-kt. Skipping.
2026-09-02 01:55:59,817 - DEBUG - Already followed user: ikramagix. Skipping.
2026-09-02 01:55:59,817 - DEBUG - Already followed user: yutomiwana. Skipping.
2026-09-02 01:55:59,817 - DEBUG - Already followed user: gaqx. Skipping.
2026-09-02 01:55:59,817 - DEBUG - Already followed user: AnonimusShamshiAlex. Skipping.
2026-09-02 01:55:59,817 - DEBUG - Already followed user: goShell3. Skipping.
2026-09-02 01:55:59,817 - DEBUG - Already followed user: bencheayoub. Skipping.
2026-09-02 01:55:59,817 - DEBUG - Already followed user: juicetreacly. Skipping.
2026-09-02 01:55:59,817 - DEBUG - Already followed user: Babarali2k21. Skipping.
2026-09-02 01:55:59,817 - DEBUG - Already followed user: a-partovii. Skipping.
2026-09-02 01:55:59,817 - DEBUG - Already followed user: SalehAkramSifat. Skipping.
2026-09-02 01:55:59,817 - DEBUG - Already followed user: martian56. Skipping.
2026-09-02 01:55:59,817 - DEBUG - Already followed user: mengnankkkk. Skipping.
2026-09-02 01:55:59,817 - DEBUG - Already followed user: lec320fd90d. Skipping.
2026-09-02 01:55:59,817 - DEBUG - Already followed user: nahladzulula. Skipping.
2026-09-02 01:55:59,817 - DEBUG - Already followed user: AImaniadev. Skipping.
2026-09-02 01:55:59,818 - DEBUG - Already followed user: LakhiniVoshadee. Skipping.
2026-09-02 01:55:59,818 - DEBUG - Already followed user: cfrBernard. Skipping.
2026-09-02 01:55:59,818 - DEBUG - Already followed user: rexblade58. Skipping.
2026-09-02 01:55:59,818 - DEBUG - Already followed user: amad3i. Skipping.
2026-09-02 01:55:59,818 - DEBUG - Already followed user: Arison99. Skipping.
2026-09-02 01:55:59,818 - DEBUG - Already followed user: abdulrhmansalama. Skipping.
2026-09-02 01:55:59,818 - DEBUG - Already followed user: AbSomeone. Skipping.
2026-09-02 01:55:59,818 - DEBUG - Already followed user: nam-htran. Skipping.
2026-09-02 01:55:59,818 - DEBUG - Already followed user: GitHub7667. Skipping.
2026-09-02 01:55:59,818 - DEBUG - Already followed user: DevNinja08. Skipping.
2026-09-02 01:55:59,818 - DEBUG - Already followed user: dovvnloading. Skipping.
2026-09-02 01:55:59,818 - DEBUG - Already followed user: Ali-hey-0. Skipping.
2026-09-02 01:55:59,818 - DEBUG - Already followed user: talrejasahil4994. Skipping.
2026-09-02 01:55:59,818 - DEBUG - Already followed user: hellen-ansah. Skipping.
2026-09-02 01:55:59,818 - DEBUG - Already followed user: kiranShamsHere. Skipping.
2026-09-02 01:55:59,818 - DEBUG - Already followed user: Iankulani. Skipping.
2026-09-02 01:55:59,818 - DEBUG - Already followed user: VIDAKHOSHPEY22. Skipping.
2026-09-02 01:55:59,818 - DEBUG - Already followed user: BhagwaniVishi. Skipping.
2026-09-02 01:55:59,818 - DEBUG - Already followed user: aridepai17. Skipping.
2026-09-02 01:55:59,818 - DEBUG - Already followed user: 0Darkn. Skipping.
2026-09-02 01:55:59,818 - DEBUG - Already followed user: ShRP69. Skipping.
2026-09-02 01:55:59,818 - DEBUG - Already followed user: KayanShah. Skipping.
2026-09-02 01:55:59,818 - DEBUG - Already followed user: iousuz. Skipping.
2026-09-02 01:55:59,818 - DEBUG - Already followed user: Md-Mubin. Skipping.
2026-09-02 01:55:59,818 - DEBUG - Already followed user: lxl0825. Skipping.
2026-09-02 01:55:59,818 - DEBUG - Already followed user: abressiddique. Skipping.
2026-09-02 01:55:59,818 - DEBUG - Already followed user: 0xAdafang. Skipping.
2026-09-02 01:55:59,818 - DEBUG - Already followed user: jkdevcode. Skipping.
2026-09-02 01:55:59,818 - DEBUG - Already followed user: JawherKl. Skipping.
2026-09-02 01:55:59,818 - DEBUG - Already followed user: pwnedroot. Skipping.
2026-09-02 01:55:59,818 - DEBUG - Already followed user: DaviBaum. Skipping.
2026-09-02 01:55:59,818 - DEBUG - Already followed user: Nour-yahyaoui. Skipping.
2026-09-02 01:55:59,818 - DEBUG - Already followed user: thornebaker. Skipping.
2026-09-02 01:55:59,818 - DEBUG - Already followed user: rioryugen. Skipping.
2026-09-02 01:55:59,818 - DEBUG - Already followed user: nikhilpatidar01. Skipping.
2026-09-02 01:55:59,819 - DEBUG - Already followed user: codeXdanyal. Skipping.
2026-09-02 01:55:59,819 - DEBUG - Already followed user: gambling-addict. Skipping.
2026-09-02 01:55:59,819 - DEBUG - Already followed user: novagad. Skipping.
2026-09-02 01:55:59,819 - DEBUG - Already followed user: chojuninengu. Skipping.
2026-09-02 01:55:59,819 - DEBUG - Already followed user: JOELNATHAN544. Skipping.
2026-09-02 01:55:59,819 - DEBUG - Already followed user: Senthil455. Skipping.
2026-09-02 01:55:59,819 - DEBUG - Already followed user: pouryaPKGit. Skipping.
2026-09-02 01:55:59,819 - DEBUG - Already followed user: mwakidenis. Skipping.
2026-09-02 01:55:59,819 - DEBUG - Already followed user: daniel149afonso. Skipping.
2026-09-02 01:55:59,819 - DEBUG - Already followed user: MatheusRuivo365. Skipping.
2026-09-02 01:55:59,819 - DEBUG - Already followed user: grimwaIker. Skipping.
2026-09-02 01:55:59,819 - DEBUG - Already followed user: vsrupeshkumar. Skipping.
2026-09-02 01:56:00,108 - INFO - Rate Limit - Remaining: 5000, Reset at: 2026-09-02 02:56:00
2026-09-02 01:56:00,109 - INFO - Fetching followers from: https://api.github.com/users/aelmizeb/followers?per_page=100&page=4
2026-09-02 01:56:00,424 - DEBUG - Number of followers fetched: 100
2026-09-02 01:56:00,424 - INFO - Fetched 100 followers on page 4.
2026-09-02 01:56:00,425 - INFO - Sleeping for 5 seconds before following users.
2026-09-02 01:56:05,430 - DEBUG - Already followed user: landry-some. Skipping.
2026-09-02 01:56:05,430 - DEBUG - Already followed user: madhavgadge01. Skipping.
2026-09-02 01:56:05,430 - DEBUG - Already followed user: panyster. Skipping.
2026-09-02 01:56:05,430 - DEBUG - Already followed user: MdShawonForazi. Skipping.
2026-09-02 01:56:05,430 - DEBUG - Already followed user: Muhammad-qureshi1. Skipping.
2026-09-02 01:56:05,430 - DEBUG - Already followed user: destroy-boys. Skipping.
2026-09-02 01:56:05,430 - DEBUG - Already followed user: byxbe. Skipping.
2026-09-02 01:56:05,430 - DEBUG - Already followed user: vimal0156. Skipping.
2026-09-02 01:56:05,430 - DEBUG - Already followed user: syedbilalalam1. Skipping.
2026-09-02 01:56:05,430 - DEBUG - Already followed user: COUNTRY-HUMANS. Skipping.
2026-09-02 01:56:05,430 - DEBUG - Already followed user: Ayokanmi-Adejola. Skipping.
2026-09-02 01:56:05,430 - DEBUG - Already followed user: irenerodriguezrod. Skipping.
2026-09-02 01:56:05,430 - DEBUG - Already followed user: ngsnethawarya. Skipping.
2026-09-02 01:56:05,430 - DEBUG - Already followed user: mahimarawat0707. Skipping.
2026-09-02 01:56:05,430 - DEBUG - Already followed user: MuratKomurcu1. Skipping.
2026-09-02 01:56:05,430 - DEBUG - Already followed user: DARKANGEL689. Skipping.
2026-09-02 01:56:05,430 - DEBUG - Already followed user: buildcompanytogether. Skipping.
2026-09-02 01:56:05,430 - DEBUG - Already followed user: techspire0924. Skipping.
2026-09-02 01:56:05,430 - DEBUG - Already followed user: TechLeon001. Skipping.
2026-09-02 01:56:05,430 - DEBUG - Already followed user: sonle-dev. Skipping.
2026-09-02 01:56:05,430 - DEBUG - Already followed user: yonana-sahile. Skipping.
2026-09-02 01:56:05,430 - DEBUG - Already followed user: howls-moving-castle. Skipping.
2026-09-02 01:56:05,430 - DEBUG - Already followed user: lovehiccup. Skipping.
2026-09-02 01:56:05,430 - DEBUG - Already followed user: techEdge3030. Skipping.
2026-09-02 01:56:05,430 - DEBUG - Already followed user: webxos. Skipping.
2026-09-02 01:56:05,430 - DEBUG - Already followed user: developernayeemx. Skipping.
2026-09-02 01:56:05,431 - DEBUG - Already followed user: drydenmitchell. Skipping.
2026-09-02 01:56:05,431 - DEBUG - Already followed user: eatsky1006. Skipping.
2026-09-02 01:56:05,431 - DEBUG - Already followed user: frangelbarrera. Skipping.
2026-09-02 01:56:05,431 - DEBUG - Already followed user: 156afl. Skipping.
2026-09-02 01:56:05,431 - DEBUG - Already followed user: guten-tag-100. Skipping.
2026-09-02 01:56:05,431 - DEBUG - Already followed user: retrobullseye. Skipping.
2026-09-02 01:56:05,431 - DEBUG - Already followed user: nelbeu. Skipping.
2026-09-02 01:56:05,431 - DEBUG - Already followed user: ZPIIDR. Skipping.
2026-09-02 01:56:05,431 - DEBUG - Already followed user: floriant3. Skipping.
2026-09-02 01:56:05,431 - DEBUG - Already followed user: amazing-soft-dev. Skipping.
2026-09-02 01:56:05,431 - DEBUG - Already followed user: Quoriss. Skipping.
2026-09-02 01:56:05,431 - DEBUG - Already followed user: xcontcom. Skipping.
2026-09-02 01:56:05,431 - DEBUG - Already followed user: SparkNews00000. Skipping.
2026-09-02 01:56:05,431 - DEBUG - Already followed user: Lyne6666. Skipping.
2026-09-02 01:56:05,431 - DEBUG - Already followed user: nafiul-afk. Skipping.
2026-09-02 01:56:05,431 - DEBUG - Already followed user: ShiningRocket. Skipping.
2026-09-02 01:56:05,431 - DEBUG - Already followed user: Noori-Senior. Skipping.
2026-09-02 01:56:05,431 - DEBUG - Already followed user: AnjaliPatel301. Skipping.
2026-09-02 01:56:05,431 - DEBUG - Already followed user: Dev-Mania1988. Skipping.
2026-09-02 01:56:05,431 - DEBUG - Already followed user: BOYABOY999. Skipping.
2026-09-02 01:56:05,431 - DEBUG - Already followed user: NOUHABL. Skipping.
2026-09-02 01:56:05,431 - DEBUG - Already followed user: RamaAditya49. Skipping.
2026-09-02 01:56:05,431 - DEBUG - Already followed user: Seo-yeonLee. Skipping.
2026-09-02 01:56:05,431 - DEBUG - Already followed user: ChungusLord123. Skipping.
2026-09-02 01:56:05,431 - DEBUG - Already followed user: mohamadeydipour. Skipping.
2026-09-02 01:56:05,431 - DEBUG - Already followed user: constellation-infinity. Skipping.
2026-09-02 01:56:05,431 - DEBUG - Already followed user: rosem-coder. Skipping.
2026-09-02 01:56:05,431 - DEBUG - Already followed user: XO-Roham. Skipping.
2026-09-02 01:56:05,431 - DEBUG - Already followed user: kerryjanes. Skipping.
2026-09-02 01:56:05,431 - DEBUG - Already followed user: hyuntayo. Skipping.
2026-09-02 01:56:05,431 - DEBUG - Already followed user: wetmet. Skipping.
2026-09-02 01:56:05,431 - DEBUG - Already followed user: sezindartar. Skipping.
2026-09-02 01:56:05,431 - DEBUG - Already followed user: NovaNoodle7. Skipping.
2026-09-02 01:56:05,432 - DEBUG - Already followed user: annaveth. Skipping.
2026-09-02 01:56:05,432 - DEBUG - Already followed user: rexxdeev. Skipping.
2026-09-02 01:56:05,432 - DEBUG - Already followed user: cosmospice. Skipping.
2026-09-02 01:56:05,432 - DEBUG - Already followed user: lrepo52. Skipping.
2026-09-02 01:56:05,432 - DEBUG - Already followed user: uhsr. Skipping.
2026-09-02 01:56:05,432 - DEBUG - Already followed user: REIJISAKAMAKI. Skipping.
2026-09-02 01:56:05,432 - DEBUG - Already followed user: devnavodhimsara. Skipping.
2026-09-02 01:56:05,432 - DEBUG - Already followed user: muichirox. Skipping.
2026-09-02 01:56:05,432 - DEBUG - Already followed user: thehappydictator. Skipping.
2026-09-02 01:56:05,432 - DEBUG - Already followed user: JohnAxel04. Skipping.
2026-09-02 01:56:05,432 - DEBUG - Already followed user: laigit-dot. Skipping.
2026-09-02 01:56:05,432 - DEBUG - Already followed user: 1minds3t. Skipping.
2026-09-02 01:56:05,432 - DEBUG - Already followed user: 2nixx. Skipping.
2026-09-02 01:56:05,432 - DEBUG - Already followed user: Jones-6199. Skipping.
2026-09-02 01:56:05,432 - DEBUG - Already followed user: matchingduo. Skipping.
2026-09-02 01:56:05,432 - DEBUG - Already followed user: Mistrust12. Skipping.
2026-09-02 01:56:05,432 - DEBUG - Already followed user: runner28-code. Skipping.
2026-09-02 01:56:05,432 - DEBUG - Already followed user: kakaka-byte. Skipping.
2026-09-02 01:56:05,432 - DEBUG - Already followed user: alvrenkai. Skipping.
2026-09-02 01:56:05,432 - DEBUG - Already followed user: KabeloM13. Skipping.
2026-09-02 01:56:05,432 - DEBUG - Already followed user: HamiParsa. Skipping.
2026-09-02 01:56:05,432 - DEBUG - Already followed user: abdulrdeveloper. Skipping.
2026-09-02 01:56:05,432 - DEBUG - Already followed user: Lyche6666. Skipping.
2026-09-02 01:56:05,432 - DEBUG - Already followed user: sphinxzerd. Skipping.
2026-09-02 01:56:05,432 - DEBUG - Already followed user: siddhant3895. Skipping.
2026-09-02 01:56:05,432 - DEBUG - Already followed user: conexto. Skipping.
2026-09-02 01:56:05,432 - DEBUG - Already followed user: nikecodedev. Skipping.
2026-09-02 01:56:05,432 - DEBUG - Already followed user: anshull-rajput. Skipping.
2026-09-02 01:56:05,432 - DEBUG - Already followed user: ExCoder999. Skipping.
2026-09-02 01:56:05,432 - DEBUG - Already followed user: nykoco. Skipping.
2026-09-02 01:56:05,432 - DEBUG - Already followed user: zombietfk. Skipping.
2026-09-02 01:56:05,432 - DEBUG - Already followed user: Ashkan-P88. Skipping.
2026-09-02 01:56:05,432 - DEBUG - Already followed user: nexthireconnect. Skipping.
2026-09-02 01:56:05,432 - DEBUG - Already followed user: cyanile. Skipping.
2026-09-02 01:56:05,432 - DEBUG - Already followed user: REVOLV1NG. Skipping.
2026-09-02 01:56:05,433 - DEBUG - Already followed user: kakashl-hatake. Skipping.
2026-09-02 01:56:05,433 - DEBUG - Already followed user: martycorn. Skipping.
2026-09-02 01:56:05,433 - DEBUG - Already followed user: HysteriaWEB3. Skipping.
2026-09-02 01:56:05,433 - DEBUG - Already followed user: joebtceth. Skipping.
2026-09-02 01:56:05,433 - DEBUG - Already followed user: jojoamanie. Skipping.
2026-09-02 01:56:05,433 - DEBUG - Already followed user: MohibAhmadButt. Skipping.
2026-09-02 01:56:05,719 - INFO - Rate Limit - Remaining: 5000, Reset at: 2026-09-02 02:56:05
2026-09-02 01:56:05,720 - INFO - Fetching followers from: https://api.github.com/users/aelmizeb/followers?per_page=100&page=5
2026-09-02 01:56:06,002 - DEBUG - Number of followers fetched: 33
2026-09-02 01:56:06,002 - INFO - Fetched 33 followers on page 5.
2026-09-02 01:56:06,002 - INFO - Sleeping for 5 seconds before following users.
2026-09-02 01:56:11,008 - DEBUG - Already followed user: 9Michael-Cooley. Skipping.
2026-09-02 01:56:11,008 - DEBUG - Already followed user: nargestohidloo. Skipping.
2026-09-02 01:56:11,008 - DEBUG - Already followed user: hwg-p. Skipping.
2026-09-02 01:56:11,008 - DEBUG - Already followed user: BERDLYY. Skipping.
2026-09-02 01:56:11,008 - DEBUG - Already followed user: chenE5M2. Skipping.
2026-09-02 01:56:11,008 - DEBUG - Already followed user: IvanDevMars. Skipping.
2026-09-02 01:56:11,008 - DEBUG - Already followed user: El-Tousy. Skipping.
2026-09-02 01:56:11,008 - DEBUG - Already followed user: art-in-alizade. Skipping.
2026-09-02 01:56:11,008 - DEBUG - Already followed user: illusive7ai. Skipping.
2026-09-02 01:56:11,008 - INFO - Attempting to follow user: UnicornMorty
2026-09-02 01:56:11,287 - INFO - Successfully followed user: UnicornMorty
2026-09-02 01:56:11,288 - DEBUG - Appended user UnicornMorty to followers.txt.
2026-09-02 01:56:11,288 - INFO - Follower counter updated: 988
2026-09-02 01:56:11,289 - INFO - Sleeping for 13.31 seconds before the next follow.
2026-09-02 01:56:24,614 - DEBUG - Already followed user: vibecodinguy. Skipping.
2026-09-02 01:56:24,614 - DEBUG - Already followed user: WElRD0. Skipping.
2026-09-02 01:56:24,614 - DEBUG - Already followed user: sugarburn. Skipping.
2026-09-02 01:56:24,614 - DEBUG - Already followed user: Espotmx. Skipping.
2026-09-02 01:56:24,615 - DEBUG - Already followed user: MJ-ulia. Skipping.
2026-09-02 01:56:24,615 - DEBUG - Already followed user: DERB1F. Skipping.
2026-09-02 01:56:24,615 - DEBUG - Already followed user: donaldmorry. Skipping.
2026-09-02 01:56:24,615 - DEBUG - Already followed user: EimanTahir027. Skipping.
2026-09-02 01:56:24,615 - DEBUG - Already followed user: kyal102. Skipping.
2026-09-02 01:56:24,615 - DEBUG - Already followed user: Belucking. Skipping.
2026-09-02 01:56:24,615 - DEBUG - Already followed user: holilayet. Skipping.
2026-09-02 01:56:24,615 - DEBUG - Already followed user: ByteBunny777. Skipping.
2026-09-02 01:56:24,615 - DEBUG - Already followed user: AngelofDarknessm. Skipping.
2026-09-02 01:56:24,615 - DEBUG - Already followed user: Ella-horizon. Skipping.
2026-09-02 01:56:24,615 - DEBUG - Already followed user: hassenbrahim. Skipping.
2026-09-02 01:56:24,615 - DEBUG - Already followed user: alberto4442. Skipping.
2026-09-02 01:56:24,615 - DEBUG - Already followed user: ancaferro. Skipping.
2026-09-02 01:56:24,615 - DEBUG - Already followed user: raviwijerathna1. Skipping.
2026-09-02 01:56:24,615 - DEBUG - Already followed user: ClaerDev. Skipping.
2026-09-02 01:56:24,615 - DEBUG - Already followed user: TOPDEV99999. Skipping.
2026-09-02 01:56:24,615 - DEBUG - Already followed user: takahashikushina0223. Skipping.
2026-09-02 01:56:24,615 - DEBUG - Already followed user: cchongming. Skipping.
2026-09-02 01:56:24,615 - DEBUG - Already followed user: evvenoly. Skipping.
2026-09-02 01:56:24,895 - INFO - Rate Limit - Remaining: 5000, Reset at: 2026-09-02 02:56:24
2026-09-02 01:56:24,896 - INFO - Fetching followers from: https://api.github.com/users/aelmizeb/followers?per_page=100&page=6
2026-09-02 01:56:25,198 - DEBUG - Number of followers fetched: 0
2026-09-02 01:56:25,198 - INFO - No more followers to process. Exiting.
2026-09-02 01:56:25,198 - INFO - Follower counter updated: 988
2026-09-02 01:56:25,199 - INFO - 
Following users from your follower list is done! Total followers fetched: 433, Total followers followed: 988
2026-09-03 02:00:10,044 - INFO - Hi! I am GitHub Follower Bot.
2026-09-03 02:00:10,045 - INFO - Letting you follow all your followers!
2026-09-03 02:00:10,045 - INFO - Starting to fetch your follower lists...

2026-09-03 02:00:10,045 - INFO - Loaded 988 already followed users.
2026-09-03 02:00:10,045 - INFO - Processing all followers without resume.
2026-09-03 02:00:10,045 - INFO - Starting from page: 1
2026-09-03 02:00:10,045 - INFO - Current follower counter: 988
2026-09-03 02:00:10,268 - INFO - Rate Limit - Remaining: 5000, Reset at: 2026-09-03 03:00:10
2026-09-03 02:00:10,270 - INFO - Fetching followers from: https://api.github.com/users/aelmizeb/followers?per_page=100&page=1
2026-09-03 02:00:10,629 - DEBUG - Number of followers fetched: 100
2026-09-03 02:00:10,629 - INFO - Fetched 100 followers on page 1.
2026-09-03 02:00:10,630 - INFO - Sleeping for 5 seconds before following users.
2026-09-03 02:00:15,635 - DEBUG - Already followed user: levonk. Skipping.
2026-09-03 02:00:15,635 - DEBUG - Already followed user: peterruler. Skipping.
2026-09-03 02:00:15,635 - DEBUG - Already followed user: slavaGanzin. Skipping.
2026-09-03 02:00:15,635 - DEBUG - Already followed user: kenjinote. Skipping.
2026-09-03 02:00:15,635 - DEBUG - Already followed user: tech4xstar. Skipping.
2026-09-03 02:00:15,635 - DEBUG - Already followed user: sarkarshuvojit. Skipping.
2026-09-03 02:00:15,635 - DEBUG - Already followed user: unhappychoice. Skipping.
2026-09-03 02:00:15,635 - DEBUG - Already followed user: luckchain777. Skipping.
2026-09-03 02:00:15,635 - DEBUG - Already followed user: jorithanx. Skipping.
2026-09-03 02:00:15,635 - DEBUG - Already followed user: whiteplaine. Skipping.
2026-09-03 02:00:15,635 - DEBUG - Already followed user: gamemann. Skipping.
2026-09-03 02:00:15,635 - DEBUG - Already followed user: riseansmal. Skipping.
2026-09-03 02:00:15,635 - DEBUG - Already followed user: manman4. Skipping.
2026-09-03 02:00:15,635 - DEBUG - Already followed user: KylerCondran. Skipping.
2026-09-03 02:00:15,635 - DEBUG - Already followed user: ZhuChenn. Skipping.
2026-09-03 02:00:15,635 - DEBUG - Already followed user: Elbagoury. Skipping.
2026-09-03 02:00:15,636 - DEBUG - Already followed user: murapadev. Skipping.
2026-09-03 02:00:15,636 - DEBUG - Already followed user: tetref. Skipping.
2026-09-03 02:00:15,636 - DEBUG - Already followed user: Hantan1080. Skipping.
2026-09-03 02:00:15,636 - DEBUG - Already followed user: OliviaBennQ. Skipping.
2026-09-03 02:00:15,636 - DEBUG - Already followed user: budaivisita. Skipping.
2026-09-03 02:00:15,636 - DEBUG - Already followed user: ledgerhubteam. Skipping.
2026-09-03 02:00:15,636 - DEBUG - Already followed user: CelaDaniel. Skipping.
2026-09-03 02:00:15,636 - DEBUG - Already followed user: ThomasHWeb. Skipping.
2026-09-03 02:00:15,636 - DEBUG - Already followed user: paaak. Skipping.
2026-09-03 02:00:15,636 - DEBUG - Already followed user: hitman0290. Skipping.
2026-09-03 02:00:15,636 - DEBUG - Already followed user: jokeyhter. Skipping.
2026-09-03 02:00:15,636 - DEBUG - Already followed user: dbunt1tled. Skipping.
2026-09-03 02:00:15,636 - DEBUG - Already followed user: medmek. Skipping.
2026-09-03 02:00:15,636 - DEBUG - Already followed user: Hajjouz. Skipping.
2026-09-03 02:00:15,636 - DEBUG - Already followed user: IDouble. Skipping.
2026-09-03 02:00:15,636 - DEBUG - Already followed user: Jeesson. Skipping.
2026-09-03 02:00:15,636 - DEBUG - Already followed user: ZainJavaid. Skipping.
2026-09-03 02:00:15,636 - DEBUG - Already followed user: DanHouseman. Skipping.
2026-09-03 02:00:15,636 - DEBUG - Already followed user: forgerondev. Skipping.
2026-09-03 02:00:15,636 - DEBUG - Already followed user: djvelimir. Skipping.
2026-09-03 02:00:15,636 - DEBUG - Already followed user: guevaraStian. Skipping.
2026-09-03 02:00:15,636 - DEBUG - Already followed user: cambot86. Skipping.
2026-09-03 02:00:15,636 - DEBUG - Already followed user: mollyroger. Skipping.
2026-09-03 02:00:15,636 - DEBUG - Already followed user: visualGravitySense. Skipping.
2026-09-03 02:00:15,636 - DEBUG - Already followed user: HexCore8. Skipping.
2026-09-03 02:00:15,636 - DEBUG - Already followed user: jelspace. Skipping.
2026-09-03 02:00:15,636 - DEBUG - Already followed user: Sanghyun-0h. Skipping.
2026-09-03 02:00:15,636 - DEBUG - Already followed user: dweatherston11. Skipping.
2026-09-03 02:00:15,636 - DEBUG - Already followed user: weiquan98. Skipping.
2026-09-03 02:00:15,636 - DEBUG - Already followed user: furendyna. Skipping.
2026-09-03 02:00:15,637 - DEBUG - Already followed user: furkan012. Skipping.
2026-09-03 02:00:15,637 - DEBUG - Already followed user: KostasSliazas. Skipping.
2026-09-03 02:00:15,637 - DEBUG - Already followed user: hxreborn. Skipping.
2026-09-03 02:00:15,637 - DEBUG - Already followed user: hazexone. Skipping.
2026-09-03 02:00:15,637 - DEBUG - Already followed user: ardaltunel. Skipping.
2026-09-03 02:00:15,637 - DEBUG - Already followed user: domcomit. Skipping.
2026-09-03 02:00:15,637 - DEBUG - Already followed user: boomray. Skipping.
2026-09-03 02:00:15,637 - DEBUG - Already followed user: rob0pup. Skipping.
2026-09-03 02:00:15,637 - DEBUG - Already followed user: mevcel. Skipping.
2026-09-03 02:00:15,637 - DEBUG - Already followed user: IshmamAbir. Skipping.
2026-09-03 02:00:15,637 - DEBUG - Already followed user: designAsign. Skipping.
2026-09-03 02:00:15,637 - DEBUG - Already followed user: ai-28. Skipping.
2026-09-03 02:00:15,637 - DEBUG - Already followed user: Connor9994. Skipping.
2026-09-03 02:00:15,637 - DEBUG - Already followed user: domx4q. Skipping.
2026-09-03 02:00:15,637 - DEBUG - Already followed user: Devify-Co. Skipping.
2026-09-03 02:00:15,637 - INFO - Attempting to follow user: envisionedluna
2026-09-03 02:00:15,852 - INFO - Successfully followed user: envisionedluna
2026-09-03 02:00:15,854 - DEBUG - Appended user envisionedluna to followers.txt.
2026-09-03 02:00:15,854 - INFO - Follower counter updated: 989
2026-09-03 02:00:15,854 - INFO - Sleeping for 14.27 seconds before the next follow.
2026-09-03 02:00:30,142 - DEBUG - Already followed user: jackciw. Skipping.
2026-09-03 02:00:30,142 - DEBUG - Already followed user: 4F71. Skipping.
2026-09-03 02:00:30,142 - DEBUG - Already followed user: standardgalactic. Skipping.
2026-09-03 02:00:30,142 - DEBUG - Already followed user: sandibrrm. Skipping.
2026-09-03 02:00:30,142 - DEBUG - Already followed user: AchrafReyani. Skipping.
2026-09-03 02:00:30,142 - DEBUG - Already followed user: jaderytm. Skipping.
2026-09-03 02:00:30,143 - DEBUG - Already followed user: nstrmx. Skipping.
2026-09-03 02:00:30,143 - DEBUG - Already followed user: RaccoonFacts. Skipping.
2026-09-03 02:00:30,143 - DEBUG - Already followed user: Kos-M. Skipping.
2026-09-03 02:00:30,143 - DEBUG - Already followed user: jfullstackdev. Skipping.
2026-09-03 02:00:30,143 - DEBUG - Already followed user: iVGeek. Skipping.
2026-09-03 02:00:30,143 - DEBUG - Already followed user: th3noryx. Skipping.
2026-09-03 02:00:30,143 - DEBUG - Already followed user: Unizuka22. Skipping.
2026-09-03 02:00:30,143 - DEBUG - Already followed user: vasilirigels. Skipping.
2026-09-03 02:00:30,143 - DEBUG - Already followed user: cristinagberta. Skipping.
2026-09-03 02:00:30,143 - DEBUG - Already followed user: alexanderbergerhd. Skipping.
2026-09-03 02:00:30,143 - DEBUG - Already followed user: mohammadnabia. Skipping.
2026-09-03 02:00:30,143 - INFO - Attempting to follow user: itsbagsy
2026-09-03 02:00:30,348 - INFO - Successfully followed user: itsbagsy
2026-09-03 02:00:30,350 - DEBUG - Appended user itsbagsy to followers.txt.
2026-09-03 02:00:30,350 - INFO - Follower counter updated: 990
2026-09-03 02:00:30,350 - INFO - Sleeping for 12.03 seconds before the next follow.
2026-09-03 02:00:42,397 - DEBUG - Already followed user: dmitryravilov. Skipping.
2026-09-03 02:00:42,397 - DEBUG - Already followed user: szenled. Skipping.
2026-09-03 02:00:42,397 - DEBUG - Already followed user: Mindlyss. Skipping.
2026-09-03 02:00:42,397 - DEBUG - Already followed user: cerenyilmazjinx. Skipping.
2026-09-03 02:00:42,398 - DEBUG - Already followed user: BEPb. Skipping.
2026-09-03 02:00:42,398 - DEBUG - Already followed user: galaxyb-dark. Skipping.
2026-09-03 02:00:42,398 - DEBUG - Already followed user: HafidIdrissi. Skipping.
2026-09-03 02:00:42,398 - DEBUG - Already followed user: oluiscabral. Skipping.
2026-09-03 02:00:42,398 - DEBUG - Already followed user: cryptoAur4x. Skipping.
2026-09-03 02:00:42,398 - DEBUG - Already followed user: emilycodestar. Skipping.
2026-09-03 02:00:42,398 - DEBUG - Already followed user: giewan. Skipping.
2026-09-03 02:00:42,398 - DEBUG - Already followed user: ivasik-k7. Skipping.
2026-09-03 02:00:42,398 - DEBUG - Already followed user: sakuyaloli. Skipping.
2026-09-03 02:00:42,398 - DEBUG - Already followed user: aantoooon. Skipping.
2026-09-03 02:00:42,398 - DEBUG - Already followed user: NeoZorK. Skipping.
2026-09-03 02:00:42,398 - DEBUG - Already followed user: albonidrizi. Skipping.
2026-09-03 02:00:42,398 - DEBUG - Already followed user: Arul1998. Skipping.
2026-09-03 02:00:42,398 - DEBUG - Already followed user: hajigur69. Skipping.
2026-09-03 02:00:42,398 - DEBUG - Already followed user: trajanOx. Skipping.
2026-09-03 02:00:42,398 - DEBUG - Already followed user: VictoriaCabirta. Skipping.
2026-09-03 02:00:42,666 - INFO - Rate Limit - Remaining: 5000, Reset at: 2026-09-03 03:00:42
2026-09-03 02:00:42,668 - INFO - Fetching followers from: https://api.github.com/users/aelmizeb/followers?per_page=100&page=2
2026-09-03 02:00:42,978 - DEBUG - Number of followers fetched: 100
2026-09-03 02:00:42,978 - INFO - Fetched 100 followers on page 2.
2026-09-03 02:00:42,978 - INFO - Sleeping for 5 seconds before following users.
2026-09-03 02:00:47,984 - DEBUG - Already followed user: CHUNG-HAO. Skipping.
2026-09-03 02:00:47,984 - DEBUG - Already followed user: loreius. Skipping.
2026-09-03 02:00:47,984 - DEBUG - Already followed user: Supremenottee. Skipping.
2026-09-03 02:00:47,984 - DEBUG - Already followed user: mainstar123. Skipping.
2026-09-03 02:00:47,984 - DEBUG - Already followed user: JohnMwendwa. Skipping.
2026-09-03 02:00:47,984 - DEBUG - Already followed user: Geek-Cheth. Skipping.
2026-09-03 02:00:47,984 - DEBUG - Already followed user: AhmadJeddi. Skipping.
2026-09-03 02:00:47,984 - DEBUG - Already followed user: OftenUser. Skipping.
2026-09-03 02:00:47,984 - DEBUG - Already followed user: mohammadhasanii. Skipping.
2026-09-03 02:00:47,984 - DEBUG - Already followed user: haochezh. Skipping.
2026-09-03 02:00:47,984 - DEBUG - Already followed user: mbitujames. Skipping.
2026-09-03 02:00:47,984 - DEBUG - Already followed user: Nisyalz01. Skipping.
2026-09-03 02:00:47,984 - DEBUG - Already followed user: MaitreyeeDhar. Skipping.
2026-09-03 02:00:47,984 - DEBUG - Already followed user: nelokusa. Skipping.
2026-09-03 02:00:47,984 - DEBUG - Already followed user: r97221004. Skipping.
2026-09-03 02:00:47,984 - DEBUG - Already followed user: Carrington-dev. Skipping.
2026-09-03 02:00:47,984 - DEBUG - Already followed user: pinhe91. Skipping.
2026-09-03 02:00:47,984 - DEBUG - Already followed user: minseochoj. Skipping.
2026-09-03 02:00:47,984 - DEBUG - Already followed user: RobbyDwk. Skipping.
2026-09-03 02:00:47,984 - DEBUG - Already followed user: thisalireza. Skipping.
2026-09-03 02:00:47,984 - DEBUG - Already followed user: BhuvanAde. Skipping.
2026-09-03 02:00:47,984 - DEBUG - Already followed user: KerollosMagdy. Skipping.
2026-09-03 02:00:47,984 - DEBUG - Already followed user: Jamkris. Skipping.
2026-09-03 02:00:47,985 - DEBUG - Already followed user: steph3nm. Skipping.
2026-09-03 02:00:47,985 - DEBUG - Already followed user: arch-yunus. Skipping.
2026-09-03 02:00:47,985 - DEBUG - Already followed user: Jailtonfonseca. Skipping.
2026-09-03 02:00:47,985 - DEBUG - Already followed user: lxRbckl. Skipping.
2026-09-03 02:00:47,985 - DEBUG - Already followed user: jamesgeodi. Skipping.
2026-09-03 02:00:47,985 - DEBUG - Already followed user: olienath. Skipping.
2026-09-03 02:00:47,985 - DEBUG - Already followed user: xrpcommunity. Skipping.
2026-09-03 02:00:47,985 - DEBUG - Already followed user: jolliesol. Skipping.
2026-09-03 02:00:47,985 - DEBUG - Already followed user: xnovaxdev. Skipping.
2026-09-03 02:00:47,985 - DEBUG - Already followed user: filzehoka. Skipping.
2026-09-03 02:00:47,985 - DEBUG - Already followed user: Wenyveo. Skipping.
2026-09-03 02:00:47,985 - DEBUG - Already followed user: XRPLLendingNet. Skipping.
2026-09-03 02:00:47,985 - DEBUG - Already followed user: jan-leike. Skipping.
2026-09-03 02:00:47,985 - DEBUG - Already followed user: Hstkj23. Skipping.
2026-09-03 02:00:47,985 - DEBUG - Already followed user: emilybarru. Skipping.
2026-09-03 02:00:47,985 - DEBUG - Already followed user: NazmusSayad. Skipping.
2026-09-03 02:00:47,985 - DEBUG - Already followed user: Liuboshenko. Skipping.
2026-09-03 02:00:47,985 - DEBUG - Already followed user: lgomesappj. Skipping.
2026-09-03 02:00:47,985 - DEBUG - Already followed user: irenascent. Skipping.
2026-09-03 02:00:47,985 - DEBUG - Already followed user: Berserk-hub150. Skipping.
2026-09-03 02:00:47,985 - DEBUG - Already followed user: mariwatts. Skipping.
2026-09-03 02:00:47,985 - DEBUG - Already followed user: Davidevlops. Skipping.
2026-09-03 02:00:47,985 - DEBUG - Already followed user: ezozu. Skipping.
2026-09-03 02:00:47,985 - DEBUG - Already followed user: OHANA-WEB. Skipping.
2026-09-03 02:00:47,985 - DEBUG - Already followed user: BamdadTabari. Skipping.
2026-09-03 02:00:47,985 - DEBUG - Already followed user: vinamega. Skipping.
2026-09-03 02:00:47,985 - DEBUG - Already followed user: cgrundman. Skipping.
2026-09-03 02:00:47,985 - DEBUG - Already followed user: zkcryptweb. Skipping.
2026-09-03 02:00:47,985 - DEBUG - Already followed user: eldarlrd. Skipping.
2026-09-03 02:00:47,985 - DEBUG - Already followed user: bashichda. Skipping.
2026-09-03 02:00:47,985 - DEBUG - Already followed user: ludo53. Skipping.
2026-09-03 02:00:47,985 - DEBUG - Already followed user: heinodendal. Skipping.
2026-09-03 02:00:47,985 - DEBUG - Already followed user: linuxtusX5. Skipping.
2026-09-03 02:00:47,985 - DEBUG - Already followed user: CarAuto34. Skipping.
2026-09-03 02:00:47,986 - DEBUG - Already followed user: elifirinci. Skipping.
2026-09-03 02:00:47,986 - DEBUG - Already followed user: sabbir-noyon. Skipping.
2026-09-03 02:00:47,986 - DEBUG - Already followed user: Nima-Mollaei. Skipping.
2026-09-03 02:00:47,986 - DEBUG - Already followed user: apurva313. Skipping.
2026-09-03 02:00:47,986 - DEBUG - Already followed user: kyiroywops. Skipping.
2026-09-03 02:00:47,986 - DEBUG - Already followed user: m-bwela. Skipping.
2026-09-03 02:00:47,986 - DEBUG - Already followed user: NachoOFC. Skipping.
2026-09-03 02:00:47,986 - DEBUG - Already followed user: CrisLottz. Skipping.
2026-09-03 02:00:47,986 - DEBUG - Already followed user: MrMDrX. Skipping.
2026-09-03 02:00:47,986 - DEBUG - Already followed user: nimakian. Skipping.
2026-09-03 02:00:47,986 - DEBUG - Already followed user: iamapuneet. Skipping.
2026-09-03 02:00:47,986 - DEBUG - Already followed user: iktiarnazib. Skipping.
2026-09-03 02:00:47,986 - DEBUG - Already followed user: Daxxtropezz. Skipping.
2026-09-03 02:00:47,986 - DEBUG - Already followed user: joaocarpim. Skipping.
2026-09-03 02:00:47,986 - DEBUG - Already followed user: 0xmurtimus. Skipping.
2026-09-03 02:00:47,986 - DEBUG - Already followed user: U1000000000000. Skipping.
2026-09-03 02:00:47,986 - DEBUG - Already followed user: shahriar0999. Skipping.
2026-09-03 02:00:47,986 - DEBUG - Already followed user: souvikrana17. Skipping.
2026-09-03 02:00:47,986 - DEBUG - Already followed user: AhmedDabish. Skipping.
2026-09-03 02:00:47,986 - DEBUG - Already followed user: cahcacah. Skipping.
2026-09-03 02:00:47,986 - DEBUG - Already followed user: DIMFLIX. Skipping.
2026-09-03 02:00:47,986 - DEBUG - Already followed user: 1526422010. Skipping.
2026-09-03 02:00:47,986 - DEBUG - Already followed user: aguptaaditya. Skipping.
2026-09-03 02:00:47,986 - DEBUG - Already followed user: EminHaziyev. Skipping.
2026-09-03 02:00:47,986 - DEBUG - Already followed user: VarshuAi. Skipping.
2026-09-03 02:00:47,986 - DEBUG - Already followed user: CelaFlori. Skipping.
2026-09-03 02:00:47,986 - DEBUG - Already followed user: 0xspryo. Skipping.
2026-09-03 02:00:47,986 - DEBUG - Already followed user: laurindoisaac. Skipping.
2026-09-03 02:00:47,986 - DEBUG - Already followed user: Motaman-M. Skipping.
2026-09-03 02:00:47,986 - DEBUG - Already followed user: Seif-01. Skipping.
2026-09-03 02:00:47,986 - DEBUG - Already followed user: motanelson. Skipping.
2026-09-03 02:00:47,986 - DEBUG - Already followed user: cepseu1. Skipping.
2026-09-03 02:00:47,986 - DEBUG - Already followed user: bolola777. Skipping.
2026-09-03 02:00:47,986 - DEBUG - Already followed user: vardan444. Skipping.
2026-09-03 02:00:47,986 - DEBUG - Already followed user: rahuloraj. Skipping.
2026-09-03 02:00:47,986 - DEBUG - Already followed user: knmlabs. Skipping.
2026-09-03 02:00:47,986 - DEBUG - Already followed user: Mubashir12392. Skipping.
2026-09-03 02:00:47,987 - DEBUG - Already followed user: jeallz. Skipping.
2026-09-03 02:00:47,987 - DEBUG - Already followed user: Arman-INF. Skipping.
2026-09-03 02:00:47,987 - DEBUG - Already followed user: reignsi. Skipping.
2026-09-03 02:00:47,987 - DEBUG - Already followed user: christosantono. Skipping.
2026-09-03 02:00:47,987 - DEBUG - Already followed user: Nai64. Skipping.
2026-09-03 02:00:47,987 - DEBUG - Already followed user: K1rsN7. Skipping.
2026-09-03 02:00:48,271 - INFO - Rate Limit - Remaining: 5000, Reset at: 2026-09-03 03:00:48
2026-09-03 02:00:48,273 - INFO - Fetching followers from: https://api.github.com/users/aelmizeb/followers?per_page=100&page=3
2026-09-03 02:00:48,554 - DEBUG - Number of followers fetched: 100
2026-09-03 02:00:48,554 - INFO - Fetched 100 followers on page 3.
2026-09-03 02:00:48,554 - INFO - Sleeping for 5 seconds before following users.
2026-09-03 02:00:53,555 - DEBUG - Already followed user: MatthewMacri. Skipping.
2026-09-03 02:00:53,555 - DEBUG - Already followed user: whitakeroliver. Skipping.
2026-09-03 02:00:53,555 - DEBUG - Already followed user: S4IL21. Skipping.
2026-09-03 02:00:53,555 - DEBUG - Already followed user: filipzekovich. Skipping.
2026-09-03 02:00:53,555 - DEBUG - Already followed user: RafalW3bCraft. Skipping.
2026-09-03 02:00:53,555 - DEBUG - Already followed user: 7007259Ankur. Skipping.
2026-09-03 02:00:53,555 - DEBUG - Already followed user: amurrayeqc. Skipping.
2026-09-03 02:00:53,555 - DEBUG - Already followed user: Willysc10. Skipping.
2026-09-03 02:00:53,555 - DEBUG - Already followed user: rasidi3112. Skipping.
2026-09-03 02:00:53,555 - DEBUG - Already followed user: otaviossousa. Skipping.
2026-09-03 02:00:53,555 - DEBUG - Already followed user: taahabz. Skipping.
2026-09-03 02:00:53,555 - DEBUG - Already followed user: topdigitalplus. Skipping.
2026-09-03 02:00:53,555 - DEBUG - Already followed user: lilbodo123. Skipping.
2026-09-03 02:00:53,555 - DEBUG - Already followed user: super-phantom91. Skipping.
2026-09-03 02:00:53,555 - DEBUG - Already followed user: hyper-ayoub. Skipping.
2026-09-03 02:00:53,555 - DEBUG - Already followed user: DrParthaMajumder. Skipping.
2026-09-03 02:00:53,555 - DEBUG - Already followed user: sunjoe508. Skipping.
2026-09-03 02:00:53,555 - DEBUG - Already followed user: IamDevDan. Skipping.
2026-09-03 02:00:53,555 - DEBUG - Already followed user: Fellipemarcal. Skipping.
2026-09-03 02:00:53,555 - DEBUG - Already followed user: potentialdev-web. Skipping.
2026-09-03 02:00:53,555 - DEBUG - Already followed user: Laqrabti. Skipping.
2026-09-03 02:00:53,555 - DEBUG - Already followed user: masonliiu. Skipping.
2026-09-03 02:00:53,555 - DEBUG - Already followed user: deadlyandro. Skipping.
2026-09-03 02:00:53,555 - DEBUG - Already followed user: AhmadTigress. Skipping.
2026-09-03 02:00:53,556 - DEBUG - Already followed user: Maher-Elmair. Skipping.
2026-09-03 02:00:53,556 - DEBUG - Already followed user: harutosati. Skipping.
2026-09-03 02:00:53,556 - DEBUG - Already followed user: B2Kumar03. Skipping.
2026-09-03 02:00:53,556 - DEBUG - Already followed user: AbdulRehman393. Skipping.
2026-09-03 02:00:53,556 - DEBUG - Already followed user: vijayshikhare. Skipping.
2026-09-03 02:00:53,556 - DEBUG - Already followed user: nuraisi. Skipping.
2026-09-03 02:00:53,556 - DEBUG - Already followed user: aertsimon90. Skipping.
2026-09-03 02:00:53,556 - DEBUG - Already followed user: Bifenzine. Skipping.
2026-09-03 02:00:53,556 - DEBUG - Already followed user: Chainsmoker23. Skipping.
2026-09-03 02:00:53,556 - DEBUG - Already followed user: 3nesdeniz. Skipping.
2026-09-03 02:00:53,556 - DEBUG - Already followed user: vegata099. Skipping.
2026-09-03 02:00:53,556 - DEBUG - Already followed user: marichu-kt. Skipping.
2026-09-03 02:00:53,556 - DEBUG - Already followed user: ikramagix. Skipping.
2026-09-03 02:00:53,556 - DEBUG - Already followed user: yutomiwana. Skipping.
2026-09-03 02:00:53,556 - DEBUG - Already followed user: gaqx. Skipping.
2026-09-03 02:00:53,556 - DEBUG - Already followed user: AnonimusShamshiAlex. Skipping.
2026-09-03 02:00:53,556 - DEBUG - Already followed user: goShell3. Skipping.
2026-09-03 02:00:53,556 - DEBUG - Already followed user: bencheayoub. Skipping.
2026-09-03 02:00:53,556 - DEBUG - Already followed user: juicetreacly. Skipping.
2026-09-03 02:00:53,556 - DEBUG - Already followed user: Babarali2k21. Skipping.
2026-09-03 02:00:53,556 - DEBUG - Already followed user: a-partovii. Skipping.
2026-09-03 02:00:53,556 - DEBUG - Already followed user: SalehAkramSifat. Skipping.
2026-09-03 02:00:53,556 - DEBUG - Already followed user: martian56. Skipping.
2026-09-03 02:00:53,556 - DEBUG - Already followed user: mengnankkkk. Skipping.
2026-09-03 02:00:53,556 - DEBUG - Already followed user: lec320fd90d. Skipping.
2026-09-03 02:00:53,557 - DEBUG - Already followed user: nahladzulula. Skipping.
2026-09-03 02:00:53,557 - DEBUG - Already followed user: AImaniadev. Skipping.
2026-09-03 02:00:53,557 - DEBUG - Already followed user: LakhiniVoshadee. Skipping.
2026-09-03 02:00:53,557 - DEBUG - Already followed user: cfrBernard. Skipping.
2026-09-03 02:00:53,557 - DEBUG - Already followed user: rexblade58. Skipping.
2026-09-03 02:00:53,557 - DEBUG - Already followed user: amad3i. Skipping.
2026-09-03 02:00:53,557 - DEBUG - Already followed user: Arison99. Skipping.
2026-09-03 02:00:53,557 - DEBUG - Already followed user: abdulrhmansalama. Skipping.
2026-09-03 02:00:53,557 - DEBUG - Already followed user: AbSomeone. Skipping.
2026-09-03 02:00:53,557 - DEBUG - Already followed user: nam-htran. Skipping.
2026-09-03 02:00:53,557 - DEBUG - Already followed user: GitHub7667. Skipping.
2026-09-03 02:00:53,557 - DEBUG - Already followed user: DevNinja08. Skipping.
2026-09-03 02:00:53,557 - DEBUG - Already followed user: dovvnloading. Skipping.
2026-09-03 02:00:53,557 - DEBUG - Already followed user: Ali-hey-0. Skipping.
2026-09-03 02:00:53,557 - DEBUG - Already followed user: talrejasahil4994. Skipping.
2026-09-03 02:00:53,557 - DEBUG - Already followed user: hellen-ansah. Skipping.
2026-09-03 02:00:53,557 - DEBUG - Already followed user: kiranShamsHere. Skipping.
2026-09-03 02:00:53,557 - DEBUG - Already followed user: Iankulani. Skipping.
2026-09-03 02:00:53,557 - DEBUG - Already followed user: VIDAKHOSHPEY22. Skipping.
2026-09-03 02:00:53,557 - DEBUG - Already followed user: BhagwaniVishi. Skipping.
2026-09-03 02:00:53,557 - DEBUG - Already followed user: aridepai17. Skipping.
2026-09-03 02:00:53,557 - DEBUG - Already followed user: 0Darkn. Skipping.
2026-09-03 02:00:53,557 - DEBUG - Already followed user: ShRP69. Skipping.
2026-09-03 02:00:53,557 - DEBUG - Already followed user: KayanShah. Skipping.
2026-09-03 02:00:53,557 - DEBUG - Already followed user: iousuz. Skipping.
2026-09-03 02:00:53,557 - DEBUG - Already followed user: Md-Mubin. Skipping.
2026-09-03 02:00:53,557 - DEBUG - Already followed user: lxl0825. Skipping.
2026-09-03 02:00:53,557 - DEBUG - Already followed user: abressiddique. Skipping.
2026-09-03 02:00:53,557 - DEBUG - Already followed user: 0xAdafang. Skipping.
2026-09-03 02:00:53,557 - DEBUG - Already followed user: jkdevcode. Skipping.
2026-09-03 02:00:53,557 - DEBUG - Already followed user: JawherKl. Skipping.
2026-09-03 02:00:53,558 - DEBUG - Already followed user: pwnedroot. Skipping.
2026-09-03 02:00:53,558 - DEBUG - Already followed user: DaviBaum. Skipping.
2026-09-03 02:00:53,558 - DEBUG - Already followed user: Nour-yahyaoui. Skipping.
2026-09-03 02:00:53,558 - DEBUG - Already followed user: thornebaker. Skipping.
2026-09-03 02:00:53,558 - DEBUG - Already followed user: rioryugen. Skipping.
2026-09-03 02:00:53,558 - DEBUG - Already followed user: nikhilpatidar01. Skipping.
2026-09-03 02:00:53,558 - DEBUG - Already followed user: codeXdanyal. Skipping.
2026-09-03 02:00:53,558 - DEBUG - Already followed user: gambling-addict. Skipping.
2026-09-03 02:00:53,558 - DEBUG - Already followed user: novagad. Skipping.
2026-09-03 02:00:53,558 - DEBUG - Already followed user: chojuninengu. Skipping.
2026-09-03 02:00:53,558 - DEBUG - Already followed user: JOELNATHAN544. Skipping.
2026-09-03 02:00:53,558 - DEBUG - Already followed user: Senthil455. Skipping.
2026-09-03 02:00:53,558 - DEBUG - Already followed user: pouryaPKGit. Skipping.
2026-09-03 02:00:53,558 - DEBUG - Already followed user: mwakidenis. Skipping.
2026-09-03 02:00:53,558 - DEBUG - Already followed user: daniel149afonso. Skipping.
2026-09-03 02:00:53,558 - DEBUG - Already followed user: MatheusRuivo365. Skipping.
2026-09-03 02:00:53,558 - DEBUG - Already followed user: grimwaIker. Skipping.
2026-09-03 02:00:53,558 - DEBUG - Already followed user: vsrupeshkumar. Skipping.
2026-09-03 02:00:53,558 - DEBUG - Already followed user: landry-some. Skipping.
2026-09-03 02:00:53,558 - DEBUG - Already followed user: madhavgadge01. Skipping.
2026-09-03 02:00:53,830 - INFO - Rate Limit - Remaining: 5000, Reset at: 2026-09-03 03:00:53
2026-09-03 02:00:53,832 - INFO - Fetching followers from: https://api.github.com/users/aelmizeb/followers?per_page=100&page=4
2026-09-03 02:00:54,119 - DEBUG - Number of followers fetched: 100
2026-09-03 02:00:54,119 - INFO - Fetched 100 followers on page 4.
2026-09-03 02:00:54,119 - INFO - Sleeping for 5 seconds before following users.
2026-09-03 02:00:59,124 - DEBUG - Already followed user: panyster. Skipping.
2026-09-03 02:00:59,124 - DEBUG - Already followed user: MdShawonForazi. Skipping.
2026-09-03 02:00:59,124 - DEBUG - Already followed user: Muhammad-qureshi1. Skipping.
2026-09-03 02:00:59,124 - DEBUG - Already followed user: destroy-boys. Skipping.
2026-09-03 02:00:59,124 - DEBUG - Already followed user: byxbe. Skipping.
2026-09-03 02:00:59,124 - DEBUG - Already followed user: vimal0156. Skipping.
2026-09-03 02:00:59,124 - DEBUG - Already followed user: syedbilalalam1. Skipping.
2026-09-03 02:00:59,124 - DEBUG - Already followed user: COUNTRY-HUMANS. Skipping.
2026-09-03 02:00:59,125 - DEBUG - Already followed user: Ayokanmi-Adejola. Skipping.
2026-09-03 02:00:59,125 - DEBUG - Already followed user: irenerodriguezrod. Skipping.
2026-09-03 02:00:59,125 - DEBUG - Already followed user: ngsnethawarya. Skipping.
2026-09-03 02:00:59,125 - DEBUG - Already followed user: mahimarawat0707. Skipping.
2026-09-03 02:00:59,125 - DEBUG - Already followed user: MuratKomurcu1. Skipping.
2026-09-03 02:00:59,125 - DEBUG - Already followed user: DARKANGEL689. Skipping.
2026-09-03 02:00:59,125 - DEBUG - Already followed user: buildcompanytogether. Skipping.
2026-09-03 02:00:59,125 - DEBUG - Already followed user: techspire0924. Skipping.
2026-09-03 02:00:59,125 - DEBUG - Already followed user: TechLeon001. Skipping.
2026-09-03 02:00:59,125 - DEBUG - Already followed user: sonle-dev. Skipping.
2026-09-03 02:00:59,125 - DEBUG - Already followed user: yonana-sahile. Skipping.
2026-09-03 02:00:59,125 - DEBUG - Already followed user: howls-moving-castle. Skipping.
2026-09-03 02:00:59,125 - DEBUG - Already followed user: lovehiccup. Skipping.
2026-09-03 02:00:59,125 - DEBUG - Already followed user: techEdge3030. Skipping.
2026-09-03 02:00:59,125 - DEBUG - Already followed user: webxos. Skipping.
2026-09-03 02:00:59,125 - DEBUG - Already followed user: developernayeemx. Skipping.
2026-09-03 02:00:59,125 - DEBUG - Already followed user: drydenmitchell. Skipping.
2026-09-03 02:00:59,125 - DEBUG - Already followed user: eatsky1006. Skipping.
2026-09-03 02:00:59,125 - DEBUG - Already followed user: frangelbarrera. Skipping.
2026-09-03 02:00:59,125 - DEBUG - Already followed user: 156afl. Skipping.
2026-09-03 02:00:59,125 - DEBUG - Already followed user: guten-tag-100. Skipping.
2026-09-03 02:00:59,125 - DEBUG - Already followed user: retrobullseye. Skipping.
2026-09-03 02:00:59,125 - DEBUG - Already followed user: nelbeu. Skipping.
2026-09-03 02:00:59,125 - DEBUG - Already followed user: ZPIIDR. Skipping.
2026-09-03 02:00:59,125 - DEBUG - Already followed user: floriant3. Skipping.
2026-09-03 02:00:59,125 - DEBUG - Already followed user: amazing-soft-dev. Skipping.
2026-09-03 02:00:59,125 - DEBUG - Already followed user: Quoriss. Skipping.
2026-09-03 02:00:59,125 - DEBUG - Already followed user: xcontcom. Skipping.
2026-09-03 02:00:59,125 - DEBUG - Already followed user: SparkNews00000. Skipping.
2026-09-03 02:00:59,125 - DEBUG - Already followed user: Lyne6666. Skipping.
2026-09-03 02:00:59,125 - DEBUG - Already followed user: nafiul-afk. Skipping.
2026-09-03 02:00:59,125 - DEBUG - Already followed user: ShiningRocket. Skipping.
2026-09-03 02:00:59,125 - DEBUG - Already followed user: Noori-Senior. Skipping.
2026-09-03 02:00:59,126 - DEBUG - Already followed user: AnjaliPatel301. Skipping.
2026-09-03 02:00:59,126 - DEBUG - Already followed user: Dev-Mania1988. Skipping.
2026-09-03 02:00:59,126 - DEBUG - Already followed user: BOYABOY999. Skipping.
2026-09-03 02:00:59,126 - DEBUG - Already followed user: NOUHABL. Skipping.
2026-09-03 02:00:59,126 - DEBUG - Already followed user: RamaAditya49. Skipping.
2026-09-03 02:00:59,126 - DEBUG - Already followed user: Seo-yeonLee. Skipping.
2026-09-03 02:00:59,126 - DEBUG - Already followed user: ChungusLord123. Skipping.
2026-09-03 02:00:59,126 - DEBUG - Already followed user: mohamadeydipour. Skipping.
2026-09-03 02:00:59,126 - DEBUG - Already followed user: constellation-infinity. Skipping.
2026-09-03 02:00:59,126 - DEBUG - Already followed user: rosem-coder. Skipping.
2026-09-03 02:00:59,126 - DEBUG - Already followed user: XO-Roham. Skipping.
2026-09-03 02:00:59,126 - DEBUG - Already followed user: kerryjanes. Skipping.
2026-09-03 02:00:59,126 - DEBUG - Already followed user: hyuntayo. Skipping.
2026-09-03 02:00:59,126 - DEBUG - Already followed user: wetmet. Skipping.
2026-09-03 02:00:59,126 - DEBUG - Already followed user: sezindartar. Skipping.
2026-09-03 02:00:59,126 - DEBUG - Already followed user: NovaNoodle7. Skipping.
2026-09-03 02:00:59,126 - DEBUG - Already followed user: annaveth. Skipping.
2026-09-03 02:00:59,126 - DEBUG - Already followed user: rexxdeev. Skipping.
2026-09-03 02:00:59,126 - DEBUG - Already followed user: cosmospice. Skipping.
2026-09-03 02:00:59,126 - DEBUG - Already followed user: lrepo52. Skipping.
2026-09-03 02:00:59,126 - DEBUG - Already followed user: uhsr. Skipping.
2026-09-03 02:00:59,126 - DEBUG - Already followed user: REIJISAKAMAKI. Skipping.
2026-09-03 02:00:59,126 - DEBUG - Already followed user: devnavodhimsara. Skipping.
2026-09-03 02:00:59,126 - DEBUG - Already followed user: muichirox. Skipping.
2026-09-03 02:00:59,126 - DEBUG - Already followed user: thehappydictator. Skipping.
2026-09-03 02:00:59,126 - DEBUG - Already followed user: JohnAxel04. Skipping.
2026-09-03 02:00:59,126 - DEBUG - Already followed user: laigit-dot. Skipping.
2026-09-03 02:00:59,126 - DEBUG - Already followed user: 1minds3t. Skipping.
2026-09-03 02:00:59,126 - DEBUG - Already followed user: 2nixx. Skipping.
2026-09-03 02:00:59,126 - DEBUG - Already followed user: Jones-6199. Skipping.
2026-09-03 02:00:59,126 - DEBUG - Already followed user: matchingduo. Skipping.
2026-09-03 02:00:59,126 - DEBUG - Already followed user: Mistrust12. Skipping.
2026-09-03 02:00:59,126 - DEBUG - Already followed user: runner28-code. Skipping.
2026-09-03 02:00:59,126 - DEBUG - Already followed user: kakaka-byte. Skipping.
2026-09-03 02:00:59,126 - DEBUG - Already followed user: alvrenkai. Skipping.
2026-09-03 02:00:59,126 - DEBUG - Already followed user: KabeloM13. Skipping.
2026-09-03 02:00:59,127 - DEBUG - Already followed user: HamiParsa. Skipping.
2026-09-03 02:00:59,127 - DEBUG - Already followed user: abdulrdeveloper. Skipping.
2026-09-03 02:00:59,127 - DEBUG - Already followed user: Lyche6666. Skipping.
2026-09-03 02:00:59,127 - DEBUG - Already followed user: sphinxzerd. Skipping.
2026-09-03 02:00:59,127 - DEBUG - Already followed user: siddhant3895. Skipping.
2026-09-03 02:00:59,127 - DEBUG - Already followed user: conexto. Skipping.
2026-09-03 02:00:59,127 - DEBUG - Already followed user: nikecodedev. Skipping.
2026-09-03 02:00:59,127 - DEBUG - Already followed user: anshull-rajput. Skipping.
2026-09-03 02:00:59,127 - DEBUG - Already followed user: ExCoder999. Skipping.
2026-09-03 02:00:59,127 - DEBUG - Already followed user: nykoco. Skipping.
2026-09-03 02:00:59,127 - DEBUG - Already followed user: zombietfk. Skipping.
2026-09-03 02:00:59,127 - DEBUG - Already followed user: Ashkan-P88. Skipping.
2026-09-03 02:00:59,127 - DEBUG - Already followed user: nexthireconnect. Skipping.
2026-09-03 02:00:59,127 - DEBUG - Already followed user: cyanile. Skipping.
2026-09-03 02:00:59,127 - DEBUG - Already followed user: REVOLV1NG. Skipping.
2026-09-03 02:00:59,127 - DEBUG - Already followed user: kakashl-hatake. Skipping.
2026-09-03 02:00:59,127 - DEBUG - Already followed user: martycorn. Skipping.
2026-09-03 02:00:59,127 - DEBUG - Already followed user: HysteriaWEB3. Skipping.
2026-09-03 02:00:59,127 - DEBUG - Already followed user: joebtceth. Skipping.
2026-09-03 02:00:59,127 - DEBUG - Already followed user: jojoamanie. Skipping.
2026-09-03 02:00:59,127 - DEBUG - Already followed user: MohibAhmadButt. Skipping.
2026-09-03 02:00:59,127 - DEBUG - Already followed user: 9Michael-Cooley. Skipping.
2026-09-03 02:00:59,127 - DEBUG - Already followed user: nargestohidloo. Skipping.
2026-09-03 02:00:59,384 - INFO - Rate Limit - Remaining: 5000, Reset at: 2026-09-03 03:00:59
2026-09-03 02:00:59,386 - INFO - Fetching followers from: https://api.github.com/users/aelmizeb/followers?per_page=100&page=5
2026-09-03 02:00:59,662 - DEBUG - Number of followers fetched: 31
2026-09-03 02:00:59,662 - INFO - Fetched 31 followers on page 5.
2026-09-03 02:00:59,662 - INFO - Sleeping for 5 seconds before following users.
2026-09-03 02:01:04,668 - DEBUG - Already followed user: hwg-p. Skipping.
2026-09-03 02:01:04,668 - DEBUG - Already followed user: BERDLYY. Skipping.
2026-09-03 02:01:04,668 - DEBUG - Already followed user: chenE5M2. Skipping.
2026-09-03 02:01:04,668 - DEBUG - Already followed user: IvanDevMars. Skipping.
2026-09-03 02:01:04,668 - DEBUG - Already followed user: El-Tousy. Skipping.
2026-09-03 02:01:04,668 - DEBUG - Already followed user: art-in-alizade. Skipping.
2026-09-03 02:01:04,668 - DEBUG - Already followed user: illusive7ai. Skipping.
2026-09-03 02:01:04,668 - DEBUG - Already followed user: UnicornMorty. Skipping.
2026-09-03 02:01:04,668 - DEBUG - Already followed user: vibecodinguy. Skipping.
2026-09-03 02:01:04,668 - DEBUG - Already followed user: WElRD0. Skipping.
2026-09-03 02:01:04,668 - DEBUG - Already followed user: sugarburn. Skipping.
2026-09-03 02:01:04,668 - DEBUG - Already followed user: Espotmx. Skipping.
2026-09-03 02:01:04,668 - DEBUG - Already followed user: MJ-ulia. Skipping.
2026-09-03 02:01:04,668 - DEBUG - Already followed user: DERB1F. Skipping.
2026-09-03 02:01:04,668 - DEBUG - Already followed user: donaldmorry. Skipping.
2026-09-03 02:01:04,668 - DEBUG - Already followed user: EimanTahir027. Skipping.
2026-09-03 02:01:04,668 - DEBUG - Already followed user: kyal102. Skipping.
2026-09-03 02:01:04,668 - DEBUG - Already followed user: Belucking. Skipping.
2026-09-03 02:01:04,668 - DEBUG - Already followed user: holilayet. Skipping.
2026-09-03 02:01:04,669 - DEBUG - Already followed user: ByteBunny777. Skipping.
2026-09-03 02:01:04,669 - DEBUG - Already followed user: AngelofDarknessm. Skipping.
2026-09-03 02:01:04,669 - DEBUG - Already followed user: Ella-horizon. Skipping.
2026-09-03 02:01:04,669 - DEBUG - Already followed user: hassenbrahim. Skipping.
2026-09-03 02:01:04,669 - DEBUG - Already followed user: alberto4442. Skipping.
2026-09-03 02:01:04,669 - DEBUG - Already followed user: ancaferro. Skipping.
2026-09-03 02:01:04,669 - DEBUG - Already followed user: raviwijerathna1. Skipping.
2026-09-03 02:01:04,669 - DEBUG - Already followed user: ClaerDev. Skipping.
2026-09-03 02:01:04,669 - DEBUG - Already followed user: TOPDEV99999. Skipping.
2026-09-03 02:01:04,669 - DEBUG - Already followed user: takahashikushina0223. Skipping.
2026-09-03 02:01:04,669 - DEBUG - Already followed user: cchongming. Skipping.
2026-09-03 02:01:04,669 - DEBUG - Already followed user: evvenoly. Skipping.
2026-09-03 02:01:04,961 - INFO - Rate Limit - Remaining: 5000, Reset at: 2026-09-03 03:01:04
2026-09-03 02:01:04,963 - INFO - Fetching followers from: https://api.github.com/users/aelmizeb/followers?per_page=100&page=6
2026-09-03 02:01:05,221 - DEBUG - Number of followers fetched: 0
2026-09-03 02:01:05,221 - INFO - No more followers to process. Exiting.
2026-09-03 02:01:05,222 - INFO - Follower counter updated: 990
2026-09-03 02:01:05,222 - INFO - 
Following users from your follower list is done! Total followers fetched: 431, Total followers followed: 990
2026-09-04 01:55:11,296 - INFO - Hi! I am GitHub Follower Bot.
2026-09-04 01:55:11,296 - INFO - Letting you follow all your followers!
2026-09-04 01:55:11,296 - INFO - Starting to fetch your follower lists...

2026-09-04 01:55:11,297 - INFO - Loaded 990 already followed users.
2026-09-04 01:55:11,297 - INFO - Processing all followers without resume.
2026-09-04 01:55:11,297 - INFO - Starting from page: 1
2026-09-04 01:55:11,297 - INFO - Current follower counter: 990
2026-09-04 01:55:11,492 - INFO - Rate Limit - Remaining: 5000, Reset at: 2026-09-04 02:55:11
2026-09-04 01:55:11,493 - INFO - Fetching followers from: https://api.github.com/users/aelmizeb/followers?per_page=100&page=1
2026-09-04 01:55:11,664 - DEBUG - Number of followers fetched: 100
2026-09-04 01:55:11,664 - INFO - Fetched 100 followers on page 1.
2026-09-04 01:55:11,664 - INFO - Sleeping for 5 seconds before following users.
2026-09-04 01:55:16,669 - DEBUG - Already followed user: levonk. Skipping.
2026-09-04 01:55:16,669 - DEBUG - Already followed user: peterruler. Skipping.
2026-09-04 01:55:16,669 - DEBUG - Already followed user: slavaGanzin. Skipping.
2026-09-04 01:55:16,669 - DEBUG - Already followed user: kenjinote. Skipping.
2026-09-04 01:55:16,669 - DEBUG - Already followed user: tech4xstar. Skipping.
2026-09-04 01:55:16,669 - DEBUG - Already followed user: sarkarshuvojit. Skipping.
2026-09-04 01:55:16,669 - DEBUG - Already followed user: unhappychoice. Skipping.
2026-09-04 01:55:16,669 - DEBUG - Already followed user: luckchain777. Skipping.
2026-09-04 01:55:16,669 - DEBUG - Already followed user: jorithanx. Skipping.
2026-09-04 01:55:16,669 - DEBUG - Already followed user: whiteplaine. Skipping.
2026-09-04 01:55:16,670 - DEBUG - Already followed user: gamemann. Skipping.
2026-09-04 01:55:16,670 - DEBUG - Already followed user: riseansmal. Skipping.
2026-09-04 01:55:16,670 - DEBUG - Already followed user: manman4. Skipping.
2026-09-04 01:55:16,670 - DEBUG - Already followed user: KylerCondran. Skipping.
2026-09-04 01:55:16,670 - DEBUG - Already followed user: ZhuChenn. Skipping.
2026-09-04 01:55:16,670 - DEBUG - Already followed user: Elbagoury. Skipping.
2026-09-04 01:55:16,670 - DEBUG - Already followed user: murapadev. Skipping.
2026-09-04 01:55:16,670 - DEBUG - Already followed user: tetref. Skipping.
2026-09-04 01:55:16,670 - DEBUG - Already followed user: Hantan1080. Skipping.
2026-09-04 01:55:16,670 - DEBUG - Already followed user: OliviaBennQ. Skipping.
2026-09-04 01:55:16,670 - DEBUG - Already followed user: budaivisita. Skipping.
2026-09-04 01:55:16,670 - DEBUG - Already followed user: ledgerhubteam. Skipping.
2026-09-04 01:55:16,670 - DEBUG - Already followed user: CelaDaniel. Skipping.
2026-09-04 01:55:16,670 - DEBUG - Already followed user: ThomasHWeb. Skipping.
2026-09-04 01:55:16,670 - DEBUG - Already followed user: paaak. Skipping.
2026-09-04 01:55:16,670 - DEBUG - Already followed user: hitman0290. Skipping.
2026-09-04 01:55:16,670 - DEBUG - Already followed user: jokeyhter. Skipping.
2026-09-04 01:55:16,670 - DEBUG - Already followed user: dbunt1tled. Skipping.
2026-09-04 01:55:16,670 - DEBUG - Already followed user: medmek. Skipping.
2026-09-04 01:55:16,670 - DEBUG - Already followed user: Hajjouz. Skipping.
2026-09-04 01:55:16,670 - DEBUG - Already followed user: IDouble. Skipping.
2026-09-04 01:55:16,670 - DEBUG - Already followed user: Jeesson. Skipping.
2026-09-04 01:55:16,670 - DEBUG - Already followed user: ZainJavaid. Skipping.
2026-09-04 01:55:16,670 - DEBUG - Already followed user: DanHouseman. Skipping.
2026-09-04 01:55:16,670 - DEBUG - Already followed user: forgerondev. Skipping.
2026-09-04 01:55:16,670 - DEBUG - Already followed user: djvelimir. Skipping.
2026-09-04 01:55:16,670 - DEBUG - Already followed user: guevaraStian. Skipping.
2026-09-04 01:55:16,670 - DEBUG - Already followed user: cambot86. Skipping.
2026-09-04 01:55:16,670 - DEBUG - Already followed user: mollyroger. Skipping.
2026-09-04 01:55:16,670 - DEBUG - Already followed user: visualGravitySense. Skipping.
2026-09-04 01:55:16,670 - DEBUG - Already followed user: HexCore8. Skipping.
2026-09-04 01:55:16,670 - DEBUG - Already followed user: jelspace. Skipping.
2026-09-04 01:55:16,670 - DEBUG - Already followed user: Sanghyun-0h. Skipping.
2026-09-04 01:55:16,670 - DEBUG - Already followed user: dweatherston11. Skipping.
2026-09-04 01:55:16,670 - DEBUG - Already followed user: weiquan98. Skipping.
2026-09-04 01:55:16,670 - DEBUG - Already followed user: furendyna. Skipping.
2026-09-04 01:55:16,670 - DEBUG - Already followed user: furkan012. Skipping.
2026-09-04 01:55:16,670 - DEBUG - Already followed user: KostasSliazas. Skipping.
2026-09-04 01:55:16,670 - DEBUG - Already followed user: hxreborn. Skipping.
2026-09-04 01:55:16,670 - DEBUG - Already followed user: hazexone. Skipping.
2026-09-04 01:55:16,670 - DEBUG - Already followed user: ardaltunel. Skipping.
2026-09-04 01:55:16,671 - DEBUG - Already followed user: domcomit. Skipping.
2026-09-04 01:55:16,671 - DEBUG - Already followed user: boomray. Skipping.
2026-09-04 01:55:16,671 - DEBUG - Already followed user: rob0pup. Skipping.
2026-09-04 01:55:16,671 - DEBUG - Already followed user: mevcel. Skipping.
2026-09-04 01:55:16,671 - DEBUG - Already followed user: IshmamAbir. Skipping.
2026-09-04 01:55:16,671 - DEBUG - Already followed user: designAsign. Skipping.
2026-09-04 01:55:16,671 - DEBUG - Already followed user: ai-28. Skipping.
2026-09-04 01:55:16,671 - DEBUG - Already followed user: Connor9994. Skipping.
2026-09-04 01:55:16,671 - DEBUG - Already followed user: domx4q. Skipping.
2026-09-04 01:55:16,671 - DEBUG - Already followed user: Devify-Co. Skipping.
2026-09-04 01:55:16,671 - INFO - Attempting to follow user: arcoflord
2026-09-04 01:55:16,783 - INFO - Successfully followed user: arcoflord
2026-09-04 01:55:16,785 - DEBUG - Appended user arcoflord to followers.txt.
2026-09-04 01:55:16,785 - INFO - Follower counter updated: 991
2026-09-04 01:55:16,785 - INFO - Sleeping for 12.28 seconds before the next follow.
2026-09-04 01:55:29,079 - DEBUG - Already followed user: jackciw. Skipping.
2026-09-04 01:55:29,079 - DEBUG - Already followed user: 4F71. Skipping.
2026-09-04 01:55:29,079 - DEBUG - Already followed user: standardgalactic. Skipping.
2026-09-04 01:55:29,079 - DEBUG - Already followed user: sandibrrm. Skipping.
2026-09-04 01:55:29,079 - DEBUG - Already followed user: AchrafReyani. Skipping.
2026-09-04 01:55:29,079 - DEBUG - Already followed user: jaderytm. Skipping.
2026-09-04 01:55:29,079 - DEBUG - Already followed user: nstrmx. Skipping.
2026-09-04 01:55:29,079 - DEBUG - Already followed user: RaccoonFacts. Skipping.
2026-09-04 01:55:29,079 - DEBUG - Already followed user: Kos-M. Skipping.
2026-09-04 01:55:29,079 - DEBUG - Already followed user: jfullstackdev. Skipping.
2026-09-04 01:55:29,079 - DEBUG - Already followed user: iVGeek. Skipping.
2026-09-04 01:55:29,079 - DEBUG - Already followed user: th3noryx. Skipping.
2026-09-04 01:55:29,079 - DEBUG - Already followed user: Unizuka22. Skipping.
2026-09-04 01:55:29,079 - DEBUG - Already followed user: vasilirigels. Skipping.
2026-09-04 01:55:29,080 - DEBUG - Already followed user: cristinagberta. Skipping.
2026-09-04 01:55:29,080 - DEBUG - Already followed user: alexanderbergerhd. Skipping.
2026-09-04 01:55:29,080 - DEBUG - Already followed user: mohammadnabia. Skipping.
2026-09-04 01:55:29,080 - DEBUG - Already followed user: itsbagsy. Skipping.
2026-09-04 01:55:29,080 - DEBUG - Already followed user: dmitryravilov. Skipping.
2026-09-04 01:55:29,080 - DEBUG - Already followed user: szenled. Skipping.
2026-09-04 01:55:29,080 - DEBUG - Already followed user: Mindlyss. Skipping.
2026-09-04 01:55:29,080 - DEBUG - Already followed user: cerenyilmazjinx. Skipping.
2026-09-04 01:55:29,080 - DEBUG - Already followed user: BEPb. Skipping.
2026-09-04 01:55:29,080 - DEBUG - Already followed user: galaxyb-dark. Skipping.
2026-09-04 01:55:29,080 - DEBUG - Already followed user: HafidIdrissi. Skipping.
2026-09-04 01:55:29,080 - DEBUG - Already followed user: oluiscabral. Skipping.
2026-09-04 01:55:29,080 - DEBUG - Already followed user: cryptoAur4x. Skipping.
2026-09-04 01:55:29,080 - DEBUG - Already followed user: emilycodestar. Skipping.
2026-09-04 01:55:29,080 - DEBUG - Already followed user: giewan. Skipping.
2026-09-04 01:55:29,080 - DEBUG - Already followed user: ivasik-k7. Skipping.
2026-09-04 01:55:29,080 - DEBUG - Already followed user: sakuyaloli. Skipping.
2026-09-04 01:55:29,080 - DEBUG - Already followed user: aantoooon. Skipping.
2026-09-04 01:55:29,080 - DEBUG - Already followed user: NeoZorK. Skipping.
2026-09-04 01:55:29,080 - DEBUG - Already followed user: albonidrizi. Skipping.
2026-09-04 01:55:29,080 - DEBUG - Already followed user: Arul1998. Skipping.
2026-09-04 01:55:29,080 - DEBUG - Already followed user: hajigur69. Skipping.
2026-09-04 01:55:29,080 - DEBUG - Already followed user: trajanOx. Skipping.
2026-09-04 01:55:29,080 - DEBUG - Already followed user: VictoriaCabirta. Skipping.
2026-09-04 01:55:29,211 - INFO - Rate Limit - Remaining: 5000, Reset at: 2026-09-04 02:55:29
2026-09-04 01:55:29,212 - INFO - Fetching followers from: https://api.github.com/users/aelmizeb/followers?per_page=100&page=2
2026-09-04 01:55:29,352 - DEBUG - Number of followers fetched: 100
2026-09-04 01:55:29,352 - INFO - Fetched 100 followers on page 2.
2026-09-04 01:55:29,352 - INFO - Sleeping for 5 seconds before following users.
2026-09-04 01:55:34,357 - DEBUG - Already followed user: CHUNG-HAO. Skipping.
2026-09-04 01:55:34,357 - DEBUG - Already followed user: loreius. Skipping.
2026-09-04 01:55:34,358 - DEBUG - Already followed user: Supremenottee. Skipping.
2026-09-04 01:55:34,358 - DEBUG - Already followed user: mainstar123. Skipping.
2026-09-04 01:55:34,358 - DEBUG - Already followed user: JohnMwendwa. Skipping.
2026-09-04 01:55:34,358 - DEBUG - Already followed user: Geek-Cheth. Skipping.
2026-09-04 01:55:34,358 - DEBUG - Already followed user: AhmadJeddi. Skipping.
2026-09-04 01:55:34,358 - DEBUG - Already followed user: OftenUser. Skipping.
2026-09-04 01:55:34,358 - DEBUG - Already followed user: mohammadhasanii. Skipping.
2026-09-04 01:55:34,358 - DEBUG - Already followed user: haochezh. Skipping.
2026-09-04 01:55:34,358 - DEBUG - Already followed user: mbitujames. Skipping.
2026-09-04 01:55:34,358 - DEBUG - Already followed user: Nisyalz01. Skipping.
2026-09-04 01:55:34,358 - DEBUG - Already followed user: MaitreyeeDhar. Skipping.
2026-09-04 01:55:34,358 - DEBUG - Already followed user: nelokusa. Skipping.
2026-09-04 01:55:34,358 - DEBUG - Already followed user: r97221004. Skipping.
2026-09-04 01:55:34,358 - DEBUG - Already followed user: Carrington-dev. Skipping.
2026-09-04 01:55:34,358 - DEBUG - Already followed user: pinhe91. Skipping.
2026-09-04 01:55:34,358 - DEBUG - Already followed user: minseochoj. Skipping.
2026-09-04 01:55:34,358 - DEBUG - Already followed user: RobbyDwk. Skipping.
2026-09-04 01:55:34,358 - DEBUG - Already followed user: thisalireza. Skipping.
2026-09-04 01:55:34,358 - DEBUG - Already followed user: BhuvanAde. Skipping.
2026-09-04 01:55:34,358 - DEBUG - Already followed user: KerollosMagdy. Skipping.
2026-09-04 01:55:34,358 - DEBUG - Already followed user: Jamkris. Skipping.
2026-09-04 01:55:34,358 - DEBUG - Already followed user: steph3nm. Skipping.
2026-09-04 01:55:34,358 - DEBUG - Already followed user: arch-yunus. Skipping.
2026-09-04 01:55:34,358 - DEBUG - Already followed user: Jailtonfonseca. Skipping.
2026-09-04 01:55:34,358 - DEBUG - Already followed user: lxRbckl. Skipping.
2026-09-04 01:55:34,358 - DEBUG - Already followed user: jamesgeodi. Skipping.
2026-09-04 01:55:34,358 - DEBUG - Already followed user: olienath. Skipping.
2026-09-04 01:55:34,358 - DEBUG - Already followed user: xrpcommunity. Skipping.
2026-09-04 01:55:34,358 - DEBUG - Already followed user: jolliesol. Skipping.
2026-09-04 01:55:34,358 - DEBUG - Already followed user: xnovaxdev. Skipping.
2026-09-04 01:55:34,358 - DEBUG - Already followed user: filzehoka. Skipping.
2026-09-04 01:55:34,358 - DEBUG - Already followed user: Wenyveo. Skipping.
2026-09-04 01:55:34,358 - INFO - Attempting to follow user: 1390709
2026-09-04 01:55:34,461 - INFO - Successfully followed user: 1390709
2026-09-04 01:55:34,462 - DEBUG - Appended user 1390709 to followers.txt.
2026-09-04 01:55:34,463 - INFO - Follower counter updated: 992
2026-09-04 01:55:34,463 - INFO - Sleeping for 13.05 seconds before the next follow.
2026-09-04 01:55:47,526 - DEBUG - Already followed user: Hstkj23. Skipping.
2026-09-04 01:55:47,527 - DEBUG - Already followed user: emilybarru. Skipping.
2026-09-04 01:55:47,527 - DEBUG - Already followed user: NazmusSayad. Skipping.
2026-09-04 01:55:47,527 - DEBUG - Already followed user: Liuboshenko. Skipping.
2026-09-04 01:55:47,527 - DEBUG - Already followed user: lgomesappj. Skipping.
2026-09-04 01:55:47,527 - DEBUG - Already followed user: irenascent. Skipping.
2026-09-04 01:55:47,527 - DEBUG - Already followed user: Berserk-hub150. Skipping.
2026-09-04 01:55:47,527 - DEBUG - Already followed user: mariwatts. Skipping.
2026-09-04 01:55:47,527 - DEBUG - Already followed user: Davidevlops. Skipping.
2026-09-04 01:55:47,527 - DEBUG - Already followed user: ezozu. Skipping.
2026-09-04 01:55:47,527 - DEBUG - Already followed user: OHANA-WEB. Skipping.
2026-09-04 01:55:47,527 - DEBUG - Already followed user: BamdadTabari. Skipping.
2026-09-04 01:55:47,527 - DEBUG - Already followed user: vinamega. Skipping.
2026-09-04 01:55:47,527 - DEBUG - Already followed user: cgrundman. Skipping.
2026-09-04 01:55:47,527 - DEBUG - Already followed user: zkcryptweb. Skipping.
2026-09-04 01:55:47,527 - DEBUG - Already followed user: eldarlrd. Skipping.
2026-09-04 01:55:47,527 - DEBUG - Already followed user: bashichda. Skipping.
2026-09-04 01:55:47,527 - DEBUG - Already followed user: ludo53. Skipping.
2026-09-04 01:55:47,527 - DEBUG - Already followed user: heinodendal. Skipping.
2026-09-04 01:55:47,527 - DEBUG - Already followed user: linuxtusX5. Skipping.
2026-09-04 01:55:47,527 - DEBUG - Already followed user: CarAuto34. Skipping.
2026-09-04 01:55:47,527 - DEBUG - Already followed user: elifirinci. Skipping.
2026-09-04 01:55:47,527 - DEBUG - Already followed user: sabbir-noyon. Skipping.
2026-09-04 01:55:47,527 - DEBUG - Already followed user: Nima-Mollaei. Skipping.
2026-09-04 01:55:47,527 - DEBUG - Already followed user: apurva313. Skipping.
2026-09-04 01:55:47,527 - DEBUG - Already followed user: kyiroywops. Skipping.
2026-09-04 01:55:47,527 - DEBUG - Already followed user: m-bwela. Skipping.
2026-09-04 01:55:47,527 - DEBUG - Already followed user: NachoOFC. Skipping.
2026-09-04 01:55:47,527 - DEBUG - Already followed user: CrisLottz. Skipping.
2026-09-04 01:55:47,527 - DEBUG - Already followed user: MrMDrX. Skipping.
2026-09-04 01:55:47,527 - DEBUG - Already followed user: nimakian. Skipping.
2026-09-04 01:55:47,527 - DEBUG - Already followed user: iamapuneet. Skipping.
2026-09-04 01:55:47,527 - DEBUG - Already followed user: iktiarnazib. Skipping.
2026-09-04 01:55:47,527 - DEBUG - Already followed user: Daxxtropezz. Skipping.
2026-09-04 01:55:47,527 - DEBUG - Already followed user: joaocarpim. Skipping.
2026-09-04 01:55:47,527 - DEBUG - Already followed user: 0xmurtimus. Skipping.
2026-09-04 01:55:47,527 - DEBUG - Already followed user: U1000000000000. Skipping.
2026-09-04 01:55:47,527 - DEBUG - Already followed user: shahriar0999. Skipping.
2026-09-04 01:55:47,528 - DEBUG - Already followed user: souvikrana17. Skipping.
2026-09-04 01:55:47,528 - DEBUG - Already followed user: AhmedDabish. Skipping.
2026-09-04 01:55:47,528 - DEBUG - Already followed user: cahcacah. Skipping.
2026-09-04 01:55:47,528 - DEBUG - Already followed user: DIMFLIX. Skipping.
2026-09-04 01:55:47,528 - DEBUG - Already followed user: 1526422010. Skipping.
2026-09-04 01:55:47,528 - DEBUG - Already followed user: aguptaaditya. Skipping.
2026-09-04 01:55:47,528 - DEBUG - Already followed user: EminHaziyev. Skipping.
2026-09-04 01:55:47,528 - DEBUG - Already followed user: VarshuAi. Skipping.
2026-09-04 01:55:47,528 - DEBUG - Already followed user: CelaFlori. Skipping.
2026-09-04 01:55:47,528 - DEBUG - Already followed user: 0xspryo. Skipping.
2026-09-04 01:55:47,528 - DEBUG - Already followed user: laurindoisaac. Skipping.
2026-09-04 01:55:47,528 - DEBUG - Already followed user: Motaman-M. Skipping.
2026-09-04 01:55:47,528 - DEBUG - Already followed user: Seif-01. Skipping.
2026-09-04 01:55:47,528 - DEBUG - Already followed user: motanelson. Skipping.
2026-09-04 01:55:47,528 - DEBUG - Already followed user: cepseu1. Skipping.
2026-09-04 01:55:47,528 - DEBUG - Already followed user: bolola777. Skipping.
2026-09-04 01:55:47,528 - DEBUG - Already followed user: vardan444. Skipping.
2026-09-04 01:55:47,528 - DEBUG - Already followed user: rahuloraj. Skipping.
2026-09-04 01:55:47,528 - DEBUG - Already followed user: knmlabs. Skipping.
2026-09-04 01:55:47,528 - DEBUG - Already followed user: Mubashir12392. Skipping.
2026-09-04 01:55:47,528 - DEBUG - Already followed user: jeallz. Skipping.
2026-09-04 01:55:47,528 - DEBUG - Already followed user: Arman-INF. Skipping.
2026-09-04 01:55:47,528 - DEBUG - Already followed user: reignsi. Skipping.
2026-09-04 01:55:47,528 - DEBUG - Already followed user: christosantono. Skipping.
2026-09-04 01:55:47,528 - DEBUG - Already followed user: Nai64. Skipping.
2026-09-04 01:55:47,528 - DEBUG - Already followed user: K1rsN7. Skipping.
2026-09-04 01:55:47,528 - DEBUG - Already followed user: MatthewMacri. Skipping.
2026-09-04 01:55:47,690 - INFO - Rate Limit - Remaining: 5000, Reset at: 2026-09-04 02:55:47
2026-09-04 01:55:47,691 - INFO - Fetching followers from: https://api.github.com/users/aelmizeb/followers?per_page=100&page=3
2026-09-04 01:55:47,862 - DEBUG - Number of followers fetched: 100
2026-09-04 01:55:47,862 - INFO - Fetched 100 followers on page 3.
2026-09-04 01:55:47,862 - INFO - Sleeping for 5 seconds before following users.
2026-09-04 01:55:52,867 - DEBUG - Already followed user: whitakeroliver. Skipping.
2026-09-04 01:55:52,868 - DEBUG - Already followed user: S4IL21. Skipping.
2026-09-04 01:55:52,868 - DEBUG - Already followed user: filipzekovich. Skipping.
2026-09-04 01:55:52,868 - DEBUG - Already followed user: RafalW3bCraft. Skipping.
2026-09-04 01:55:52,868 - DEBUG - Already followed user: 7007259Ankur. Skipping.
2026-09-04 01:55:52,868 - DEBUG - Already followed user: amurrayeqc. Skipping.
2026-09-04 01:55:52,868 - DEBUG - Already followed user: Willysc10. Skipping.
2026-09-04 01:55:52,868 - DEBUG - Already followed user: rasidi3112. Skipping.
2026-09-04 01:55:52,868 - DEBUG - Already followed user: otaviossousa. Skipping.
2026-09-04 01:55:52,868 - DEBUG - Already followed user: taahabz. Skipping.
2026-09-04 01:55:52,868 - DEBUG - Already followed user: topdigitalplus. Skipping.
2026-09-04 01:55:52,868 - DEBUG - Already followed user: lilbodo123. Skipping.
2026-09-04 01:55:52,868 - DEBUG - Already followed user: super-phantom91. Skipping.
2026-09-04 01:55:52,868 - DEBUG - Already followed user: hyper-ayoub. Skipping.
2026-09-04 01:55:52,868 - DEBUG - Already followed user: DrParthaMajumder. Skipping.
2026-09-04 01:55:52,868 - DEBUG - Already followed user: sunjoe508. Skipping.
2026-09-04 01:55:52,868 - DEBUG - Already followed user: IamDevDan. Skipping.
2026-09-04 01:55:52,868 - DEBUG - Already followed user: Fellipemarcal. Skipping.
2026-09-04 01:55:52,868 - DEBUG - Already followed user: potentialdev-web. Skipping.
2026-09-04 01:55:52,868 - DEBUG - Already followed user: Laqrabti. Skipping.
2026-09-04 01:55:52,868 - DEBUG - Already followed user: masonliiu. Skipping.
2026-09-04 01:55:52,868 - DEBUG - Already followed user: deadlyandro. Skipping.
2026-09-04 01:55:52,868 - DEBUG - Already followed user: AhmadTigress. Skipping.
2026-09-04 01:55:52,868 - DEBUG - Already followed user: Maher-Elmair. Skipping.
2026-09-04 01:55:52,868 - DEBUG - Already followed user: harutosati. Skipping.
2026-09-04 01:55:52,868 - DEBUG - Already followed user: B2Kumar03. Skipping.
2026-09-04 01:55:52,868 - DEBUG - Already followed user: AbdulRehman393. Skipping.
2026-09-04 01:55:52,868 - DEBUG - Already followed user: vijayshikhare. Skipping.
2026-09-04 01:55:52,868 - DEBUG - Already followed user: nuraisi. Skipping.
2026-09-04 01:55:52,868 - DEBUG - Already followed user: aertsimon90. Skipping.
2026-09-04 01:55:52,868 - DEBUG - Already followed user: Bifenzine. Skipping.
2026-09-04 01:55:52,868 - DEBUG - Already followed user: Chainsmoker23. Skipping.
2026-09-04 01:55:52,868 - DEBUG - Already followed user: 3nesdeniz. Skipping.
2026-09-04 01:55:52,868 - DEBUG - Already followed user: vegata099. Skipping.
2026-09-04 01:55:52,868 - DEBUG - Already followed user: marichu-kt. Skipping.
2026-09-04 01:55:52,868 - DEBUG - Already followed user: ikramagix. Skipping.
2026-09-04 01:55:52,869 - DEBUG - Already followed user: yutomiwana. Skipping.
2026-09-04 01:55:52,869 - DEBUG - Already followed user: gaqx. Skipping.
2026-09-04 01:55:52,869 - DEBUG - Already followed user: AnonimusShamshiAlex. Skipping.
2026-09-04 01:55:52,869 - DEBUG - Already followed user: goShell3. Skipping.
2026-09-04 01:55:52,869 - DEBUG - Already followed user: bencheayoub. Skipping.
2026-09-04 01:55:52,869 - DEBUG - Already followed user: juicetreacly. Skipping.
2026-09-04 01:55:52,869 - DEBUG - Already followed user: Babarali2k21. Skipping.
2026-09-04 01:55:52,869 - DEBUG - Already followed user: a-partovii. Skipping.
2026-09-04 01:55:52,869 - DEBUG - Already followed user: SalehAkramSifat. Skipping.
2026-09-04 01:55:52,869 - DEBUG - Already followed user: martian56. Skipping.
2026-09-04 01:55:52,869 - DEBUG - Already followed user: mengnankkkk. Skipping.
2026-09-04 01:55:52,869 - DEBUG - Already followed user: lec320fd90d. Skipping.
2026-09-04 01:55:52,869 - DEBUG - Already followed user: nahladzulula. Skipping.
2026-09-04 01:55:52,869 - DEBUG - Already followed user: AImaniadev. Skipping.
2026-09-04 01:55:52,869 - DEBUG - Already followed user: LakhiniVoshadee. Skipping.
2026-09-04 01:55:52,869 - DEBUG - Already followed user: cfrBernard. Skipping.
2026-09-04 01:55:52,869 - DEBUG - Already followed user: rexblade58. Skipping.
2026-09-04 01:55:52,869 - DEBUG - Already followed user: amad3i. Skipping.
2026-09-04 01:55:52,869 - DEBUG - Already followed user: Arison99. Skipping.
2026-09-04 01:55:52,869 - DEBUG - Already followed user: abdulrhmansalama. Skipping.
2026-09-04 01:55:52,869 - DEBUG - Already followed user: AbSomeone. Skipping.
2026-09-04 01:55:52,869 - DEBUG - Already followed user: nam-htran. Skipping.
2026-09-04 01:55:52,869 - DEBUG - Already followed user: GitHub7667. Skipping.
2026-09-04 01:55:52,869 - DEBUG - Already followed user: DevNinja08. Skipping.
2026-09-04 01:55:52,869 - DEBUG - Already followed user: dovvnloading. Skipping.
2026-09-04 01:55:52,869 - DEBUG - Already followed user: Ali-hey-0. Skipping.
2026-09-04 01:55:52,869 - DEBUG - Already followed user: talrejasahil4994. Skipping.
2026-09-04 01:55:52,869 - DEBUG - Already followed user: hellen-ansah. Skipping.
2026-09-04 01:55:52,869 - DEBUG - Already followed user: kiranShamsHere. Skipping.
2026-09-04 01:55:52,869 - DEBUG - Already followed user: Iankulani. Skipping.
2026-09-04 01:55:52,869 - DEBUG - Already followed user: VIDAKHOSHPEY22. Skipping.
2026-09-04 01:55:52,869 - DEBUG - Already followed user: BhagwaniVishi. Skipping.
2026-09-04 01:55:52,869 - DEBUG - Already followed user: aridepai17. Skipping.
2026-09-04 01:55:52,869 - DEBUG - Already followed user: 0Darkn. Skipping.
2026-09-04 01:55:52,869 - DEBUG - Already followed user: ShRP69. Skipping.
2026-09-04 01:55:52,869 - DEBUG - Already followed user: KayanShah. Skipping.
2026-09-04 01:55:52,869 - DEBUG - Already followed user: iousuz. Skipping.
2026-09-04 01:55:52,869 - DEBUG - Already followed user: Md-Mubin. Skipping.
2026-09-04 01:55:52,869 - DEBUG - Already followed user: lxl0825. Skipping.
2026-09-04 01:55:52,869 - DEBUG - Already followed user: abressiddique. Skipping.
2026-09-04 01:55:52,869 - DEBUG - Already followed user: 0xAdafang. Skipping.
2026-09-04 01:55:52,870 - DEBUG - Already followed user: jkdevcode. Skipping.
2026-09-04 01:55:52,870 - DEBUG - Already followed user: JawherKl. Skipping.
2026-09-04 01:55:52,870 - DEBUG - Already followed user: pwnedroot. Skipping.
2026-09-04 01:55:52,870 - DEBUG - Already followed user: DaviBaum. Skipping.
2026-09-04 01:55:52,870 - DEBUG - Already followed user: Nour-yahyaoui. Skipping.
2026-09-04 01:55:52,870 - DEBUG - Already followed user: thornebaker. Skipping.
2026-09-04 01:55:52,870 - DEBUG - Already followed user: rioryugen. Skipping.
2026-09-04 01:55:52,870 - DEBUG - Already followed user: nikhilpatidar01. Skipping.
2026-09-04 01:55:52,870 - DEBUG - Already followed user: codeXdanyal. Skipping.
2026-09-04 01:55:52,870 - DEBUG - Already followed user: gambling-addict. Skipping.
2026-09-04 01:55:52,870 - DEBUG - Already followed user: novagad. Skipping.
2026-09-04 01:55:52,870 - DEBUG - Already followed user: chojuninengu. Skipping.
2026-09-04 01:55:52,870 - DEBUG - Already followed user: JOELNATHAN544. Skipping.
2026-09-04 01:55:52,870 - DEBUG - Already followed user: Senthil455. Skipping.
2026-09-04 01:55:52,870 - DEBUG - Already followed user: pouryaPKGit. Skipping.
2026-09-04 01:55:52,870 - DEBUG - Already followed user: mwakidenis. Skipping.
2026-09-04 01:55:52,870 - DEBUG - Already followed user: daniel149afonso. Skipping.
2026-09-04 01:55:52,870 - DEBUG - Already followed user: MatheusRuivo365. Skipping.
2026-09-04 01:55:52,870 - DEBUG - Already followed user: grimwaIker. Skipping.
2026-09-04 01:55:52,870 - DEBUG - Already followed user: vsrupeshkumar. Skipping.
2026-09-04 01:55:52,870 - DEBUG - Already followed user: landry-some. Skipping.
2026-09-04 01:55:52,870 - DEBUG - Already followed user: madhavgadge01. Skipping.
2026-09-04 01:55:52,870 - DEBUG - Already followed user: panyster. Skipping.
2026-09-04 01:55:53,043 - INFO - Rate Limit - Remaining: 5000, Reset at: 2026-09-04 02:55:53
2026-09-04 01:55:53,045 - INFO - Fetching followers from: https://api.github.com/users/aelmizeb/followers?per_page=100&page=4
2026-09-04 01:55:53,189 - DEBUG - Number of followers fetched: 100
2026-09-04 01:55:53,189 - INFO - Fetched 100 followers on page 4.
2026-09-04 01:55:53,189 - INFO - Sleeping for 5 seconds before following users.
2026-09-04 01:55:58,195 - DEBUG - Already followed user: MdShawonForazi. Skipping.
2026-09-04 01:55:58,195 - DEBUG - Already followed user: Muhammad-qureshi1. Skipping.
2026-09-04 01:55:58,195 - DEBUG - Already followed user: destroy-boys. Skipping.
2026-09-04 01:55:58,195 - DEBUG - Already followed user: byxbe. Skipping.
2026-09-04 01:55:58,195 - DEBUG - Already followed user: vimal0156. Skipping.
2026-09-04 01:55:58,195 - DEBUG - Already followed user: syedbilalalam1. Skipping.
2026-09-04 01:55:58,195 - DEBUG - Already followed user: COUNTRY-HUMANS. Skipping.
2026-09-04 01:55:58,195 - DEBUG - Already followed user: Ayokanmi-Adejola. Skipping.
2026-09-04 01:55:58,195 - DEBUG - Already followed user: irenerodriguezrod. Skipping.
2026-09-04 01:55:58,195 - DEBUG - Already followed user: ngsnethawarya. Skipping.
2026-09-04 01:55:58,195 - DEBUG - Already followed user: mahimarawat0707. Skipping.
2026-09-04 01:55:58,195 - DEBUG - Already followed user: MuratKomurcu1. Skipping.
2026-09-04 01:55:58,195 - DEBUG - Already followed user: DARKANGEL689. Skipping.
2026-09-04 01:55:58,195 - DEBUG - Already followed user: buildcompanytogether. Skipping.
2026-09-04 01:55:58,195 - DEBUG - Already followed user: techspire0924. Skipping.
2026-09-04 01:55:58,195 - DEBUG - Already followed user: TechLeon001. Skipping.
2026-09-04 01:55:58,195 - DEBUG - Already followed user: sonle-dev. Skipping.
2026-09-04 01:55:58,195 - DEBUG - Already followed user: yonana-sahile. Skipping.
2026-09-04 01:55:58,195 - DEBUG - Already followed user: howls-moving-castle. Skipping.
2026-09-04 01:55:58,195 - DEBUG - Already followed user: lovehiccup. Skipping.
2026-09-04 01:55:58,195 - DEBUG - Already followed user: techEdge3030. Skipping.
2026-09-04 01:55:58,195 - DEBUG - Already followed user: webxos. Skipping.
2026-09-04 01:55:58,195 - DEBUG - Already followed user: developernayeemx. Skipping.
2026-09-04 01:55:58,195 - DEBUG - Already followed user: drydenmitchell. Skipping.
2026-09-04 01:55:58,195 - DEBUG - Already followed user: eatsky1006. Skipping.
2026-09-04 01:55:58,196 - DEBUG - Already followed user: frangelbarrera. Skipping.
2026-09-04 01:55:58,196 - DEBUG - Already followed user: 156afl. Skipping.
2026-09-04 01:55:58,196 - DEBUG - Already followed user: guten-tag-100. Skipping.
2026-09-04 01:55:58,196 - DEBUG - Already followed user: retrobullseye. Skipping.
2026-09-04 01:55:58,196 - DEBUG - Already followed user: nelbeu. Skipping.
2026-09-04 01:55:58,196 - DEBUG - Already followed user: ZPIIDR. Skipping.
2026-09-04 01:55:58,196 - DEBUG - Already followed user: floriant3. Skipping.
2026-09-04 01:55:58,196 - DEBUG - Already followed user: amazing-soft-dev. Skipping.
2026-09-04 01:55:58,196 - DEBUG - Already followed user: Quoriss. Skipping.
2026-09-04 01:55:58,196 - DEBUG - Already followed user: xcontcom. Skipping.
2026-09-04 01:55:58,196 - DEBUG - Already followed user: SparkNews00000. Skipping.
2026-09-04 01:55:58,196 - DEBUG - Already followed user: Lyne6666. Skipping.
2026-09-04 01:55:58,196 - DEBUG - Already followed user: nafiul-afk. Skipping.
2026-09-04 01:55:58,196 - DEBUG - Already followed user: ShiningRocket. Skipping.
2026-09-04 01:55:58,196 - DEBUG - Already followed user: Noori-Senior. Skipping.
2026-09-04 01:55:58,196 - DEBUG - Already followed user: AnjaliPatel301. Skipping.
2026-09-04 01:55:58,196 - DEBUG - Already followed user: Dev-Mania1988. Skipping.
2026-09-04 01:55:58,196 - DEBUG - Already followed user: BOYABOY999. Skipping.
2026-09-04 01:55:58,196 - DEBUG - Already followed user: NOUHABL. Skipping.
2026-09-04 01:55:58,196 - DEBUG - Already followed user: RamaAditya49. Skipping.
2026-09-04 01:55:58,196 - DEBUG - Already followed user: Seo-yeonLee. Skipping.
2026-09-04 01:55:58,196 - DEBUG - Already followed user: ChungusLord123. Skipping.
2026-09-04 01:55:58,196 - DEBUG - Already followed user: mohamadeydipour. Skipping.
2026-09-04 01:55:58,196 - DEBUG - Already followed user: constellation-infinity. Skipping.
2026-09-04 01:55:58,196 - DEBUG - Already followed user: rosem-coder. Skipping.
2026-09-04 01:55:58,196 - DEBUG - Already followed user: XO-Roham. Skipping.
2026-09-04 01:55:58,196 - DEBUG - Already followed user: kerryjanes. Skipping.
2026-09-04 01:55:58,196 - DEBUG - Already followed user: hyuntayo. Skipping.
2026-09-04 01:55:58,196 - DEBUG - Already followed user: wetmet. Skipping.
2026-09-04 01:55:58,196 - DEBUG - Already followed user: sezindartar. Skipping.
2026-09-04 01:55:58,196 - DEBUG - Already followed user: NovaNoodle7. Skipping.
2026-09-04 01:55:58,196 - DEBUG - Already followed user: annaveth. Skipping.
2026-09-04 01:55:58,196 - DEBUG - Already followed user: rexxdeev. Skipping.
2026-09-04 01:55:58,196 - DEBUG - Already followed user: cosmospice. Skipping.
2026-09-04 01:55:58,196 - DEBUG - Already followed user: lrepo52. Skipping.
2026-09-04 01:55:58,196 - DEBUG - Already followed user: uhsr. Skipping.
2026-09-04 01:55:58,196 - DEBUG - Already followed user: REIJISAKAMAKI. Skipping.
2026-09-04 01:55:58,196 - DEBUG - Already followed user: devnavodhimsara. Skipping.
2026-09-04 01:55:58,196 - DEBUG - Already followed user: muichirox. Skipping.
2026-09-04 01:55:58,196 - DEBUG - Already followed user: thehappydictator. Skipping.
2026-09-04 01:55:58,197 - DEBUG - Already followed user: JohnAxel04. Skipping.
2026-09-04 01:55:58,197 - DEBUG - Already followed user: laigit-dot. Skipping.
2026-09-04 01:55:58,197 - DEBUG - Already followed user: 1minds3t. Skipping.
2026-09-04 01:55:58,197 - DEBUG - Already followed user: 2nixx. Skipping.
2026-09-04 01:55:58,197 - DEBUG - Already followed user: Jones-6199. Skipping.
2026-09-04 01:55:58,197 - DEBUG - Already followed user: matchingduo. Skipping.
2026-09-04 01:55:58,197 - DEBUG - Already followed user: Mistrust12. Skipping.
2026-09-04 01:55:58,197 - DEBUG - Already followed user: runner28-code. Skipping.
2026-09-04 01:55:58,197 - DEBUG - Already followed user: kakaka-byte. Skipping.
2026-09-04 01:55:58,197 - DEBUG - Already followed user: alvrenkai. Skipping.
2026-09-04 01:55:58,197 - DEBUG - Already followed user: KabeloM13. Skipping.
2026-09-04 01:55:58,197 - DEBUG - Already followed user: HamiParsa. Skipping.
2026-09-04 01:55:58,197 - DEBUG - Already followed user: abdulrdeveloper. Skipping.
2026-09-04 01:55:58,197 - DEBUG - Already followed user: Lyche6666. Skipping.
2026-09-04 01:55:58,197 - DEBUG - Already followed user: sphinxzerd. Skipping.
2026-09-04 01:55:58,197 - DEBUG - Already followed user: siddhant3895. Skipping.
2026-09-04 01:55:58,197 - DEBUG - Already followed user: conexto. Skipping.
2026-09-04 01:55:58,197 - DEBUG - Already followed user: nikecodedev. Skipping.
2026-09-04 01:55:58,197 - DEBUG - Already followed user: anshull-rajput. Skipping.
2026-09-04 01:55:58,197 - DEBUG - Already followed user: ExCoder999. Skipping.
2026-09-04 01:55:58,197 - DEBUG - Already followed user: nykoco. Skipping.
2026-09-04 01:55:58,197 - DEBUG - Already followed user: zombietfk. Skipping.
2026-09-04 01:55:58,197 - DEBUG - Already followed user: Ashkan-P88. Skipping.
2026-09-04 01:55:58,197 - DEBUG - Already followed user: nexthireconnect. Skipping.
2026-09-04 01:55:58,197 - DEBUG - Already followed user: cyanile. Skipping.
2026-09-04 01:55:58,197 - DEBUG - Already followed user: REVOLV1NG. Skipping.
2026-09-04 01:55:58,197 - DEBUG - Already followed user: kakashl-hatake. Skipping.
2026-09-04 01:55:58,197 - DEBUG - Already followed user: martycorn. Skipping.
2026-09-04 01:55:58,197 - DEBUG - Already followed user: HysteriaWEB3. Skipping.
2026-09-04 01:55:58,197 - DEBUG - Already followed user: joebtceth. Skipping.
2026-09-04 01:55:58,197 - DEBUG - Already followed user: jojoamanie. Skipping.
2026-09-04 01:55:58,197 - DEBUG - Already followed user: MohibAhmadButt. Skipping.
2026-09-04 01:55:58,197 - DEBUG - Already followed user: 9Michael-Cooley. Skipping.
2026-09-04 01:55:58,197 - DEBUG - Already followed user: nargestohidloo. Skipping.
2026-09-04 01:55:58,197 - DEBUG - Already followed user: hwg-p. Skipping.
2026-09-04 01:55:58,379 - INFO - Rate Limit - Remaining: 5000, Reset at: 2026-09-04 02:55:58
2026-09-04 01:55:58,381 - INFO - Fetching followers from: https://api.github.com/users/aelmizeb/followers?per_page=100&page=5
2026-09-04 01:55:58,525 - DEBUG - Number of followers fetched: 30
2026-09-04 01:55:58,525 - INFO - Fetched 30 followers on page 5.
2026-09-04 01:55:58,526 - INFO - Sleeping for 5 seconds before following users.
2026-09-04 01:56:03,531 - DEBUG - Already followed user: BERDLYY. Skipping.
2026-09-04 01:56:03,531 - DEBUG - Already followed user: chenE5M2. Skipping.
2026-09-04 01:56:03,531 - DEBUG - Already followed user: IvanDevMars. Skipping.
2026-09-04 01:56:03,531 - DEBUG - Already followed user: El-Tousy. Skipping.
2026-09-04 01:56:03,531 - DEBUG - Already followed user: art-in-alizade. Skipping.
2026-09-04 01:56:03,531 - DEBUG - Already followed user: illusive7ai. Skipping.
2026-09-04 01:56:03,531 - DEBUG - Already followed user: UnicornMorty. Skipping.
2026-09-04 01:56:03,531 - DEBUG - Already followed user: vibecodinguy. Skipping.
2026-09-04 01:56:03,531 - DEBUG - Already followed user: WElRD0. Skipping.
2026-09-04 01:56:03,531 - DEBUG - Already followed user: sugarburn. Skipping.
2026-09-04 01:56:03,531 - DEBUG - Already followed user: Espotmx. Skipping.
2026-09-04 01:56:03,531 - DEBUG - Already followed user: MJ-ulia. Skipping.
2026-09-04 01:56:03,531 - DEBUG - Already followed user: DERB1F. Skipping.
2026-09-04 01:56:03,531 - DEBUG - Already followed user: donaldmorry. Skipping.
2026-09-04 01:56:03,531 - DEBUG - Already followed user: EimanTahir027. Skipping.
2026-09-04 01:56:03,531 - DEBUG - Already followed user: kyal102. Skipping.
2026-09-04 01:56:03,531 - DEBUG - Already followed user: Belucking. Skipping.
2026-09-04 01:56:03,531 - DEBUG - Already followed user: holilayet. Skipping.
2026-09-04 01:56:03,531 - DEBUG - Already followed user: ByteBunny777. Skipping.
2026-09-04 01:56:03,531 - DEBUG - Already followed user: AngelofDarknessm. Skipping.
2026-09-04 01:56:03,531 - DEBUG - Already followed user: Ella-horizon. Skipping.
2026-09-04 01:56:03,531 - DEBUG - Already followed user: hassenbrahim. Skipping.
2026-09-04 01:56:03,531 - DEBUG - Already followed user: alberto4442. Skipping.
2026-09-04 01:56:03,532 - DEBUG - Already followed user: ancaferro. Skipping.
2026-09-04 01:56:03,532 - DEBUG - Already followed user: raviwijerathna1. Skipping.
2026-09-04 01:56:03,532 - DEBUG - Already followed user: ClaerDev. Skipping.
2026-09-04 01:56:03,532 - DEBUG - Already followed user: TOPDEV99999. Skipping.
2026-09-04 01:56:03,532 - DEBUG - Already followed user: takahashikushina0223. Skipping.
2026-09-04 01:56:03,532 - DEBUG - Already followed user: cchongming. Skipping.
2026-09-04 01:56:03,532 - DEBUG - Already followed user: evvenoly. Skipping.
2026-09-04 01:56:03,669 - INFO - Rate Limit - Remaining: 5000, Reset at: 2026-09-04 02:56:03
2026-09-04 01:56:03,670 - INFO - Fetching followers from: https://api.github.com/users/aelmizeb/followers?per_page=100&page=6
2026-09-04 01:56:03,794 - DEBUG - Number of followers fetched: 0
2026-09-04 01:56:03,794 - INFO - No more followers to process. Exiting.
2026-09-04 01:56:03,795 - INFO - Follower counter updated: 992
2026-09-04 01:56:03,795 - INFO - 
Following users from your follower list is done! Total followers fetched: 430, Total followers followed: 992
2026-09-05 01:55:54,122 - INFO - Hi! I am GitHub Follower Bot.
2026-09-05 01:55:54,123 - INFO - Letting you follow all your followers!
2026-09-05 01:55:54,123 - INFO - Starting to fetch your follower lists...

2026-09-05 01:55:54,123 - INFO - Loaded 992 already followed users.
2026-09-05 01:55:54,123 - INFO - Processing all followers without resume.
2026-09-05 01:55:54,123 - INFO - Starting from page: 1
2026-09-05 01:55:54,124 - INFO - Current follower counter: 992
2026-09-05 01:55:54,260 - INFO - Rate Limit - Remaining: 5000, Reset at: 2026-09-05 02:55:54
2026-09-05 01:55:54,262 - INFO - Fetching followers from: https://api.github.com/users/aelmizeb/followers?per_page=100&page=1
2026-09-05 01:55:54,423 - DEBUG - Number of followers fetched: 100
2026-09-05 01:55:54,423 - INFO - Fetched 100 followers on page 1.
2026-09-05 01:55:54,423 - INFO - Sleeping for 5 seconds before following users.
2026-09-05 01:55:59,428 - DEBUG - Already followed user: levonk. Skipping.
2026-09-05 01:55:59,428 - DEBUG - Already followed user: peterruler. Skipping.
2026-09-05 01:55:59,428 - DEBUG - Already followed user: slavaGanzin. Skipping.
2026-09-05 01:55:59,428 - DEBUG - Already followed user: kenjinote. Skipping.
2026-09-05 01:55:59,428 - DEBUG - Already followed user: tech4xstar. Skipping.
2026-09-05 01:55:59,428 - DEBUG - Already followed user: sarkarshuvojit. Skipping.
2026-09-05 01:55:59,428 - DEBUG - Already followed user: unhappychoice. Skipping.
2026-09-05 01:55:59,428 - DEBUG - Already followed user: luckchain777. Skipping.
2026-09-05 01:55:59,428 - DEBUG - Already followed user: jorithanx. Skipping.
2026-09-05 01:55:59,428 - DEBUG - Already followed user: whiteplaine. Skipping.
2026-09-05 01:55:59,429 - DEBUG - Already followed user: gamemann. Skipping.
2026-09-05 01:55:59,429 - DEBUG - Already followed user: riseansmal. Skipping.
2026-09-05 01:55:59,429 - DEBUG - Already followed user: manman4. Skipping.
2026-09-05 01:55:59,429 - DEBUG - Already followed user: KylerCondran. Skipping.
2026-09-05 01:55:59,429 - DEBUG - Already followed user: ZhuChenn. Skipping.
2026-09-05 01:55:59,429 - DEBUG - Already followed user: Elbagoury. Skipping.
2026-09-05 01:55:59,429 - DEBUG - Already followed user: murapadev. Skipping.
2026-09-05 01:55:59,429 - DEBUG - Already followed user: tetref. Skipping.
2026-09-05 01:55:59,429 - DEBUG - Already followed user: Hantan1080. Skipping.
2026-09-05 01:55:59,429 - DEBUG - Already followed user: OliviaBennQ. Skipping.
2026-09-05 01:55:59,429 - DEBUG - Already followed user: budaivisita. Skipping.
2026-09-05 01:55:59,429 - DEBUG - Already followed user: ledgerhubteam. Skipping.
2026-09-05 01:55:59,429 - DEBUG - Already followed user: CelaDaniel. Skipping.
2026-09-05 01:55:59,429 - DEBUG - Already followed user: ThomasHWeb. Skipping.
2026-09-05 01:55:59,429 - DEBUG - Already followed user: paaak. Skipping.
2026-09-05 01:55:59,429 - DEBUG - Already followed user: hitman0290. Skipping.
2026-09-05 01:55:59,429 - DEBUG - Already followed user: jokeyhter. Skipping.
2026-09-05 01:55:59,429 - DEBUG - Already followed user: dbunt1tled. Skipping.
2026-09-05 01:55:59,429 - DEBUG - Already followed user: medmek. Skipping.
2026-09-05 01:55:59,429 - DEBUG - Already followed user: Hajjouz. Skipping.
2026-09-05 01:55:59,429 - DEBUG - Already followed user: IDouble. Skipping.
2026-09-05 01:55:59,429 - DEBUG - Already followed user: Jeesson. Skipping.
2026-09-05 01:55:59,429 - DEBUG - Already followed user: ZainJavaid. Skipping.
2026-09-05 01:55:59,429 - DEBUG - Already followed user: DanHouseman. Skipping.
2026-09-05 01:55:59,429 - DEBUG - Already followed user: forgerondev. Skipping.
2026-09-05 01:55:59,429 - DEBUG - Already followed user: djvelimir. Skipping.
2026-09-05 01:55:59,429 - DEBUG - Already followed user: guevaraStian. Skipping.
2026-09-05 01:55:59,429 - DEBUG - Already followed user: cambot86. Skipping.
2026-09-05 01:55:59,429 - DEBUG - Already followed user: mollyroger. Skipping.
2026-09-05 01:55:59,429 - DEBUG - Already followed user: visualGravitySense. Skipping.
2026-09-05 01:55:59,429 - DEBUG - Already followed user: HexCore8. Skipping.
2026-09-05 01:55:59,429 - DEBUG - Already followed user: jelspace. Skipping.
2026-09-05 01:55:59,429 - DEBUG - Already followed user: Sanghyun-0h. Skipping.
2026-09-05 01:55:59,430 - DEBUG - Already followed user: dweatherston11. Skipping.
2026-09-05 01:55:59,430 - DEBUG - Already followed user: weiquan98. Skipping.
2026-09-05 01:55:59,430 - DEBUG - Already followed user: furendyna. Skipping.
2026-09-05 01:55:59,430 - DEBUG - Already followed user: furkan012. Skipping.
2026-09-05 01:55:59,430 - DEBUG - Already followed user: KostasSliazas. Skipping.
2026-09-05 01:55:59,430 - DEBUG - Already followed user: hxreborn. Skipping.
2026-09-05 01:55:59,430 - DEBUG - Already followed user: hazexone. Skipping.
2026-09-05 01:55:59,430 - DEBUG - Already followed user: ardaltunel. Skipping.
2026-09-05 01:55:59,430 - DEBUG - Already followed user: domcomit. Skipping.
2026-09-05 01:55:59,430 - DEBUG - Already followed user: boomray. Skipping.
2026-09-05 01:55:59,430 - DEBUG - Already followed user: rob0pup. Skipping.
2026-09-05 01:55:59,430 - DEBUG - Already followed user: mevcel. Skipping.
2026-09-05 01:55:59,430 - DEBUG - Already followed user: IshmamAbir. Skipping.
2026-09-05 01:55:59,430 - DEBUG - Already followed user: designAsign. Skipping.
2026-09-05 01:55:59,430 - DEBUG - Already followed user: ai-28. Skipping.
2026-09-05 01:55:59,430 - DEBUG - Already followed user: Connor9994. Skipping.
2026-09-05 01:55:59,430 - DEBUG - Already followed user: domx4q. Skipping.
2026-09-05 01:55:59,430 - DEBUG - Already followed user: Devify-Co. Skipping.
2026-09-05 01:55:59,430 - DEBUG - Already followed user: arcoflord. Skipping.
2026-09-05 01:55:59,430 - DEBUG - Already followed user: jackciw. Skipping.
2026-09-05 01:55:59,430 - DEBUG - Already followed user: 4F71. Skipping.
2026-09-05 01:55:59,430 - DEBUG - Already followed user: standardgalactic. Skipping.
2026-09-05 01:55:59,430 - DEBUG - Already followed user: sandibrrm. Skipping.
2026-09-05 01:55:59,430 - DEBUG - Already followed user: AchrafReyani. Skipping.
2026-09-05 01:55:59,430 - DEBUG - Already followed user: jaderytm. Skipping.
2026-09-05 01:55:59,430 - DEBUG - Already followed user: nstrmx. Skipping.
2026-09-05 01:55:59,430 - DEBUG - Already followed user: RaccoonFacts. Skipping.
2026-09-05 01:55:59,430 - DEBUG - Already followed user: Kos-M. Skipping.
2026-09-05 01:55:59,430 - DEBUG - Already followed user: jfullstackdev. Skipping.
2026-09-05 01:55:59,430 - DEBUG - Already followed user: iVGeek. Skipping.
2026-09-05 01:55:59,430 - DEBUG - Already followed user: th3noryx. Skipping.
2026-09-05 01:55:59,430 - DEBUG - Already followed user: Unizuka22. Skipping.
2026-09-05 01:55:59,430 - DEBUG - Already followed user: vasilirigels. Skipping.
2026-09-05 01:55:59,430 - DEBUG - Already followed user: cristinagberta. Skipping.
2026-09-05 01:55:59,430 - DEBUG - Already followed user: alexanderbergerhd. Skipping.
2026-09-05 01:55:59,430 - DEBUG - Already followed user: mohammadnabia. Skipping.
2026-09-05 01:55:59,430 - DEBUG - Already followed user: itsbagsy. Skipping.
2026-09-05 01:55:59,430 - DEBUG - Already followed user: dmitryravilov. Skipping.
2026-09-05 01:55:59,431 - DEBUG - Already followed user: szenled. Skipping.
2026-09-05 01:55:59,431 - DEBUG - Already followed user: Mindlyss. Skipping.
2026-09-05 01:55:59,431 - DEBUG - Already followed user: cerenyilmazjinx. Skipping.
2026-09-05 01:55:59,431 - DEBUG - Already followed user: BEPb. Skipping.
2026-09-05 01:55:59,431 - DEBUG - Already followed user: galaxyb-dark. Skipping.
2026-09-05 01:55:59,431 - DEBUG - Already followed user: HafidIdrissi. Skipping.
2026-09-05 01:55:59,431 - DEBUG - Already followed user: oluiscabral. Skipping.
2026-09-05 01:55:59,431 - DEBUG - Already followed user: cryptoAur4x. Skipping.
2026-09-05 01:55:59,431 - DEBUG - Already followed user: emilycodestar. Skipping.
2026-09-05 01:55:59,431 - DEBUG - Already followed user: giewan. Skipping.
2026-09-05 01:55:59,431 - DEBUG - Already followed user: ivasik-k7. Skipping.
2026-09-05 01:55:59,431 - DEBUG - Already followed user: sakuyaloli. Skipping.
2026-09-05 01:55:59,431 - DEBUG - Already followed user: aantoooon. Skipping.
2026-09-05 01:55:59,431 - DEBUG - Already followed user: NeoZorK. Skipping.
2026-09-05 01:55:59,431 - DEBUG - Already followed user: albonidrizi. Skipping.
2026-09-05 01:55:59,431 - DEBUG - Already followed user: Arul1998. Skipping.
2026-09-05 01:55:59,431 - DEBUG - Already followed user: hajigur69. Skipping.
2026-09-05 01:55:59,431 - DEBUG - Already followed user: trajanOx. Skipping.
2026-09-05 01:55:59,431 - DEBUG - Already followed user: VictoriaCabirta. Skipping.
2026-09-05 01:55:59,569 - INFO - Rate Limit - Remaining: 5000, Reset at: 2026-09-05 02:55:59
2026-09-05 01:55:59,571 - INFO - Fetching followers from: https://api.github.com/users/aelmizeb/followers?per_page=100&page=2
2026-09-05 01:55:59,745 - DEBUG - Number of followers fetched: 100
2026-09-05 01:55:59,745 - INFO - Fetched 100 followers on page 2.
2026-09-05 01:55:59,745 - INFO - Sleeping for 5 seconds before following users.
2026-09-05 01:56:04,750 - DEBUG - Already followed user: CHUNG-HAO. Skipping.
2026-09-05 01:56:04,750 - DEBUG - Already followed user: loreius. Skipping.
2026-09-05 01:56:04,750 - DEBUG - Already followed user: Supremenottee. Skipping.
2026-09-05 01:56:04,750 - DEBUG - Already followed user: mainstar123. Skipping.
2026-09-05 01:56:04,750 - DEBUG - Already followed user: JohnMwendwa. Skipping.
2026-09-05 01:56:04,750 - DEBUG - Already followed user: Geek-Cheth. Skipping.
2026-09-05 01:56:04,750 - DEBUG - Already followed user: AhmadJeddi. Skipping.
2026-09-05 01:56:04,750 - DEBUG - Already followed user: OftenUser. Skipping.
2026-09-05 01:56:04,751 - DEBUG - Already followed user: mohammadhasanii. Skipping.
2026-09-05 01:56:04,751 - DEBUG - Already followed user: haochezh. Skipping.
2026-09-05 01:56:04,751 - DEBUG - Already followed user: mbitujames. Skipping.
2026-09-05 01:56:04,751 - DEBUG - Already followed user: Nisyalz01. Skipping.
2026-09-05 01:56:04,751 - DEBUG - Already followed user: MaitreyeeDhar. Skipping.
2026-09-05 01:56:04,751 - DEBUG - Already followed user: nelokusa. Skipping.
2026-09-05 01:56:04,751 - DEBUG - Already followed user: r97221004. Skipping.
2026-09-05 01:56:04,751 - DEBUG - Already followed user: Carrington-dev. Skipping.
2026-09-05 01:56:04,751 - DEBUG - Already followed user: pinhe91. Skipping.
2026-09-05 01:56:04,751 - DEBUG - Already followed user: minseochoj. Skipping.
2026-09-05 01:56:04,751 - DEBUG - Already followed user: RobbyDwk. Skipping.
2026-09-05 01:56:04,751 - DEBUG - Already followed user: thisalireza. Skipping.
2026-09-05 01:56:04,751 - DEBUG - Already followed user: BhuvanAde. Skipping.
2026-09-05 01:56:04,751 - DEBUG - Already followed user: KerollosMagdy. Skipping.
2026-09-05 01:56:04,751 - DEBUG - Already followed user: Jamkris. Skipping.
2026-09-05 01:56:04,751 - DEBUG - Already followed user: steph3nm. Skipping.
2026-09-05 01:56:04,751 - DEBUG - Already followed user: arch-yunus. Skipping.
2026-09-05 01:56:04,751 - DEBUG - Already followed user: Jailtonfonseca. Skipping.
2026-09-05 01:56:04,751 - DEBUG - Already followed user: lxRbckl. Skipping.
2026-09-05 01:56:04,751 - DEBUG - Already followed user: jamesgeodi. Skipping.
2026-09-05 01:56:04,751 - DEBUG - Already followed user: olienath. Skipping.
2026-09-05 01:56:04,751 - DEBUG - Already followed user: xrpcommunity. Skipping.
2026-09-05 01:56:04,751 - DEBUG - Already followed user: jolliesol. Skipping.
2026-09-05 01:56:04,751 - DEBUG - Already followed user: xnovaxdev. Skipping.
2026-09-05 01:56:04,751 - DEBUG - Already followed user: filzehoka. Skipping.
2026-09-05 01:56:04,751 - DEBUG - Already followed user: Wenyveo. Skipping.
2026-09-05 01:56:04,751 - DEBUG - Already followed user: 1390709. Skipping.
2026-09-05 01:56:04,751 - DEBUG - Already followed user: Hstkj23. Skipping.
2026-09-05 01:56:04,752 - DEBUG - Already followed user: emilybarru. Skipping.
2026-09-05 01:56:04,752 - DEBUG - Already followed user: NazmusSayad. Skipping.
2026-09-05 01:56:04,752 - DEBUG - Already followed user: Liuboshenko. Skipping.
2026-09-05 01:56:04,752 - DEBUG - Already followed user: lgomesappj. Skipping.
2026-09-05 01:56:04,752 - DEBUG - Already followed user: irenascent. Skipping.
2026-09-05 01:56:04,752 - DEBUG - Already followed user: Berserk-hub150. Skipping.
2026-09-05 01:56:04,752 - DEBUG - Already followed user: mariwatts. Skipping.
2026-09-05 01:56:04,752 - DEBUG - Already followed user: Davidevlops. Skipping.
2026-09-05 01:56:04,752 - DEBUG - Already followed user: ezozu. Skipping.
2026-09-05 01:56:04,752 - DEBUG - Already followed user: OHANA-WEB. Skipping.
2026-09-05 01:56:04,752 - DEBUG - Already followed user: BamdadTabari. Skipping.
2026-09-05 01:56:04,752 - DEBUG - Already followed user: vinamega. Skipping.
2026-09-05 01:56:04,752 - DEBUG - Already followed user: cgrundman. Skipping.
2026-09-05 01:56:04,752 - DEBUG - Already followed user: zkcryptweb. Skipping.
2026-09-05 01:56:04,752 - DEBUG - Already followed user: eldarlrd. Skipping.
2026-09-05 01:56:04,752 - DEBUG - Already followed user: bashichda. Skipping.
2026-09-05 01:56:04,752 - DEBUG - Already followed user: ludo53. Skipping.
2026-09-05 01:56:04,752 - DEBUG - Already followed user: heinodendal. Skipping.
2026-09-05 01:56:04,752 - DEBUG - Already followed user: linuxtusX5. Skipping.
2026-09-05 01:56:04,752 - DEBUG - Already followed user: CarAuto34. Skipping.
2026-09-05 01:56:04,752 - DEBUG - Already followed user: elifirinci. Skipping.
2026-09-05 01:56:04,752 - DEBUG - Already followed user: sabbir-noyon. Skipping.
2026-09-05 01:56:04,752 - DEBUG - Already followed user: Nima-Mollaei. Skipping.
2026-09-05 01:56:04,752 - DEBUG - Already followed user: apurva313. Skipping.
2026-09-05 01:56:04,752 - DEBUG - Already followed user: kyiroywops. Skipping.
2026-09-05 01:56:04,752 - DEBUG - Already followed user: m-bwela. Skipping.
2026-09-05 01:56:04,752 - DEBUG - Already followed user: NachoOFC. Skipping.
2026-09-05 01:56:04,752 - DEBUG - Already followed user: CrisLottz. Skipping.
2026-09-05 01:56:04,752 - DEBUG - Already followed user: MrMDrX. Skipping.
2026-09-05 01:56:04,752 - DEBUG - Already followed user: nimakian. Skipping.
2026-09-05 01:56:04,752 - DEBUG - Already followed user: iamapuneet. Skipping.
2026-09-05 01:56:04,752 - DEBUG - Already followed user: iktiarnazib. Skipping.
2026-09-05 01:56:04,752 - DEBUG - Already followed user: Daxxtropezz. Skipping.
2026-09-05 01:56:04,752 - DEBUG - Already followed user: joaocarpim. Skipping.
2026-09-05 01:56:04,752 - DEBUG - Already followed user: 0xmurtimus. Skipping.
2026-09-05 01:56:04,752 - DEBUG - Already followed user: U1000000000000. Skipping.
2026-09-05 01:56:04,752 - DEBUG - Already followed user: shahriar0999. Skipping.
2026-09-05 01:56:04,752 - DEBUG - Already followed user: souvikrana17. Skipping.
2026-09-05 01:56:04,753 - DEBUG - Already followed user: AhmedDabish. Skipping.
2026-09-05 01:56:04,753 - DEBUG - Already followed user: cahcacah. Skipping.
2026-09-05 01:56:04,753 - DEBUG - Already followed user: DIMFLIX. Skipping.
2026-09-05 01:56:04,753 - DEBUG - Already followed user: 1526422010. Skipping.
2026-09-05 01:56:04,753 - DEBUG - Already followed user: EminHaziyev. Skipping.
2026-09-05 01:56:04,753 - DEBUG - Already followed user: VarshuAi. Skipping.
2026-09-05 01:56:04,753 - DEBUG - Already followed user: CelaFlori. Skipping.
2026-09-05 01:56:04,753 - DEBUG - Already followed user: 0xspryo. Skipping.
2026-09-05 01:56:04,753 - DEBUG - Already followed user: laurindoisaac. Skipping.
2026-09-05 01:56:04,753 - DEBUG - Already followed user: Motaman-M. Skipping.
2026-09-05 01:56:04,753 - DEBUG - Already followed user: Seif-01. Skipping.
2026-09-05 01:56:04,753 - DEBUG - Already followed user: motanelson. Skipping.
2026-09-05 01:56:04,753 - DEBUG - Already followed user: cepseu1. Skipping.
2026-09-05 01:56:04,753 - DEBUG - Already followed user: bolola777. Skipping.
2026-09-05 01:56:04,753 - DEBUG - Already followed user: vardan444. Skipping.
2026-09-05 01:56:04,753 - DEBUG - Already followed user: rahuloraj. Skipping.
2026-09-05 01:56:04,753 - DEBUG - Already followed user: knmlabs. Skipping.
2026-09-05 01:56:04,753 - DEBUG - Already followed user: Mubashir12392. Skipping.
2026-09-05 01:56:04,753 - DEBUG - Already followed user: jeallz. Skipping.
2026-09-05 01:56:04,753 - DEBUG - Already followed user: Arman-INF. Skipping.
2026-09-05 01:56:04,753 - DEBUG - Already followed user: reignsi. Skipping.
2026-09-05 01:56:04,753 - DEBUG - Already followed user: christosantono. Skipping.
2026-09-05 01:56:04,753 - DEBUG - Already followed user: Nai64. Skipping.
2026-09-05 01:56:04,753 - DEBUG - Already followed user: K1rsN7. Skipping.
2026-09-05 01:56:04,753 - DEBUG - Already followed user: MatthewMacri. Skipping.
2026-09-05 01:56:04,753 - DEBUG - Already followed user: whitakeroliver. Skipping.
2026-09-05 01:56:04,873 - INFO - Rate Limit - Remaining: 5000, Reset at: 2026-09-05 02:56:04
2026-09-05 01:56:04,874 - INFO - Fetching followers from: https://api.github.com/users/aelmizeb/followers?per_page=100&page=3
2026-09-05 01:56:05,018 - DEBUG - Number of followers fetched: 100
2026-09-05 01:56:05,018 - INFO - Fetched 100 followers on page 3.
2026-09-05 01:56:05,018 - INFO - Sleeping for 5 seconds before following users.
2026-09-05 01:56:10,024 - DEBUG - Already followed user: S4IL21. Skipping.
2026-09-05 01:56:10,024 - DEBUG - Already followed user: filipzekovich. Skipping.
2026-09-05 01:56:10,024 - DEBUG - Already followed user: RafalW3bCraft. Skipping.
2026-09-05 01:56:10,024 - DEBUG - Already followed user: 7007259Ankur. Skipping.
2026-09-05 01:56:10,024 - DEBUG - Already followed user: amurrayeqc. Skipping.
2026-09-05 01:56:10,024 - DEBUG - Already followed user: Willysc10. Skipping.
2026-09-05 01:56:10,024 - DEBUG - Already followed user: rasidi3112. Skipping.
2026-09-05 01:56:10,024 - DEBUG - Already followed user: otaviossousa. Skipping.
2026-09-05 01:56:10,024 - DEBUG - Already followed user: taahabz. Skipping.
2026-09-05 01:56:10,024 - DEBUG - Already followed user: topdigitalplus. Skipping.
2026-09-05 01:56:10,024 - DEBUG - Already followed user: lilbodo123. Skipping.
2026-09-05 01:56:10,024 - DEBUG - Already followed user: super-phantom91. Skipping.
2026-09-05 01:56:10,024 - DEBUG - Already followed user: hyper-ayoub. Skipping.
2026-09-05 01:56:10,024 - DEBUG - Already followed user: DrParthaMajumder. Skipping.
2026-09-05 01:56:10,024 - DEBUG - Already followed user: sunjoe508. Skipping.
2026-09-05 01:56:10,024 - INFO - Attempting to follow user: HalfFriedPotato
2026-09-05 01:56:10,306 - INFO - Successfully followed user: HalfFriedPotato
2026-09-05 01:56:10,308 - DEBUG - Appended user HalfFriedPotato to followers.txt.
2026-09-05 01:56:10,309 - INFO - Follower counter updated: 993
2026-09-05 01:56:10,309 - INFO - Sleeping for 10.60 seconds before the next follow.
2026-09-05 01:56:20,916 - DEBUG - Already followed user: IamDevDan. Skipping.
2026-09-05 01:56:20,916 - DEBUG - Already followed user: Fellipemarcal. Skipping.
2026-09-05 01:56:20,916 - DEBUG - Already followed user: potentialdev-web. Skipping.
2026-09-05 01:56:20,916 - DEBUG - Already followed user: Laqrabti. Skipping.
2026-09-05 01:56:20,916 - DEBUG - Already followed user: masonliiu. Skipping.
2026-09-05 01:56:20,916 - DEBUG - Already followed user: deadlyandro. Skipping.
2026-09-05 01:56:20,916 - DEBUG - Already followed user: AhmadTigress. Skipping.
2026-09-05 01:56:20,916 - DEBUG - Already followed user: Maher-Elmair. Skipping.
2026-09-05 01:56:20,916 - DEBUG - Already followed user: harutosati. Skipping.
2026-09-05 01:56:20,916 - DEBUG - Already followed user: B2Kumar03. Skipping.
2026-09-05 01:56:20,916 - DEBUG - Already followed user: AbdulRehman393. Skipping.
2026-09-05 01:56:20,916 - DEBUG - Already followed user: vijayshikhare. Skipping.
2026-09-05 01:56:20,916 - DEBUG - Already followed user: nuraisi. Skipping.
2026-09-05 01:56:20,916 - DEBUG - Already followed user: aertsimon90. Skipping.
2026-09-05 01:56:20,916 - DEBUG - Already followed user: Bifenzine. Skipping.
2026-09-05 01:56:20,916 - DEBUG - Already followed user: Chainsmoker23. Skipping.
2026-09-05 01:56:20,916 - DEBUG - Already followed user: 3nesdeniz. Skipping.
2026-09-05 01:56:20,916 - DEBUG - Already followed user: vegata099. Skipping.
2026-09-05 01:56:20,916 - DEBUG - Already followed user: marichu-kt. Skipping.
2026-09-05 01:56:20,916 - DEBUG - Already followed user: ikramagix. Skipping.
2026-09-05 01:56:20,916 - DEBUG - Already followed user: yutomiwana. Skipping.
2026-09-05 01:56:20,916 - DEBUG - Already followed user: gaqx. Skipping.
2026-09-05 01:56:20,916 - DEBUG - Already followed user: AnonimusShamshiAlex. Skipping.
2026-09-05 01:56:20,916 - DEBUG - Already followed user: goShell3. Skipping.
2026-09-05 01:56:20,916 - DEBUG - Already followed user: bencheayoub. Skipping.
2026-09-05 01:56:20,916 - DEBUG - Already followed user: juicetreacly. Skipping.
2026-09-05 01:56:20,916 - DEBUG - Already followed user: Babarali2k21. Skipping.
2026-09-05 01:56:20,917 - DEBUG - Already followed user: a-partovii. Skipping.
2026-09-05 01:56:20,917 - DEBUG - Already followed user: SalehAkramSifat. Skipping.
2026-09-05 01:56:20,917 - DEBUG - Already followed user: martian56. Skipping.
2026-09-05 01:56:20,917 - DEBUG - Already followed user: mengnankkkk. Skipping.
2026-09-05 01:56:20,917 - DEBUG - Already followed user: lec320fd90d. Skipping.
2026-09-05 01:56:20,917 - DEBUG - Already followed user: nahladzulula. Skipping.
2026-09-05 01:56:20,917 - DEBUG - Already followed user: AImaniadev. Skipping.
2026-09-05 01:56:20,917 - DEBUG - Already followed user: LakhiniVoshadee. Skipping.
2026-09-05 01:56:20,917 - DEBUG - Already followed user: cfrBernard. Skipping.
2026-09-05 01:56:20,917 - DEBUG - Already followed user: rexblade58. Skipping.
2026-09-05 01:56:20,917 - DEBUG - Already followed user: amad3i. Skipping.
2026-09-05 01:56:20,917 - DEBUG - Already followed user: Arison99. Skipping.
2026-09-05 01:56:20,917 - DEBUG - Already followed user: abdulrhmansalama. Skipping.
2026-09-05 01:56:20,917 - DEBUG - Already followed user: AbSomeone. Skipping.
2026-09-05 01:56:20,917 - DEBUG - Already followed user: nam-htran. Skipping.
2026-09-05 01:56:20,917 - DEBUG - Already followed user: GitHub7667. Skipping.
2026-09-05 01:56:20,917 - DEBUG - Already followed user: DevNinja08. Skipping.
2026-09-05 01:56:20,917 - DEBUG - Already followed user: dovvnloading. Skipping.
2026-09-05 01:56:20,917 - DEBUG - Already followed user: Ali-hey-0. Skipping.
2026-09-05 01:56:20,917 - DEBUG - Already followed user: talrejasahil4994. Skipping.
2026-09-05 01:56:20,917 - DEBUG - Already followed user: hellen-ansah. Skipping.
2026-09-05 01:56:20,917 - DEBUG - Already followed user: kiranShamsHere. Skipping.
2026-09-05 01:56:20,917 - DEBUG - Already followed user: Iankulani. Skipping.
2026-09-05 01:56:20,917 - DEBUG - Already followed user: VIDAKHOSHPEY22. Skipping.
2026-09-05 01:56:20,917 - DEBUG - Already followed user: BhagwaniVishi. Skipping.
2026-09-05 01:56:20,917 - DEBUG - Already followed user: aridepai17. Skipping.
2026-09-05 01:56:20,917 - DEBUG - Already followed user: 0Darkn. Skipping.
2026-09-05 01:56:20,917 - DEBUG - Already followed user: ShRP69. Skipping.
2026-09-05 01:56:20,917 - DEBUG - Already followed user: KayanShah. Skipping.
2026-09-05 01:56:20,917 - DEBUG - Already followed user: iousuz. Skipping.
2026-09-05 01:56:20,917 - DEBUG - Already followed user: Md-Mubin. Skipping.
2026-09-05 01:56:20,917 - DEBUG - Already followed user: lxl0825. Skipping.
2026-09-05 01:56:20,917 - DEBUG - Already followed user: abressiddique. Skipping.
2026-09-05 01:56:20,917 - DEBUG - Already followed user: 0xAdafang. Skipping.
2026-09-05 01:56:20,917 - DEBUG - Already followed user: jkdevcode. Skipping.
2026-09-05 01:56:20,917 - DEBUG - Already followed user: JawherKl. Skipping.
2026-09-05 01:56:20,917 - DEBUG - Already followed user: pwnedroot. Skipping.
2026-09-05 01:56:20,917 - DEBUG - Already followed user: DaviBaum. Skipping.
2026-09-05 01:56:20,918 - DEBUG - Already followed user: Nour-yahyaoui. Skipping.
2026-09-05 01:56:20,918 - DEBUG - Already followed user: thornebaker. Skipping.
2026-09-05 01:56:20,918 - DEBUG - Already followed user: rioryugen. Skipping.
2026-09-05 01:56:20,918 - DEBUG - Already followed user: nikhilpatidar01. Skipping.
2026-09-05 01:56:20,918 - DEBUG - Already followed user: codeXdanyal. Skipping.
2026-09-05 01:56:20,918 - DEBUG - Already followed user: gambling-addict. Skipping.
2026-09-05 01:56:20,918 - DEBUG - Already followed user: novagad. Skipping.
2026-09-05 01:56:20,918 - DEBUG - Already followed user: chojuninengu. Skipping.
2026-09-05 01:56:20,918 - DEBUG - Already followed user: JOELNATHAN544. Skipping.
2026-09-05 01:56:20,918 - DEBUG - Already followed user: Senthil455. Skipping.
2026-09-05 01:56:20,918 - DEBUG - Already followed user: pouryaPKGit. Skipping.
2026-09-05 01:56:20,918 - DEBUG - Already followed user: mwakidenis. Skipping.
2026-09-05 01:56:20,918 - DEBUG - Already followed user: daniel149afonso. Skipping.
2026-09-05 01:56:20,918 - DEBUG - Already followed user: MatheusRuivo365. Skipping.
2026-09-05 01:56:20,918 - DEBUG - Already followed user: grimwaIker. Skipping.
2026-09-05 01:56:20,918 - DEBUG - Already followed user: vsrupeshkumar. Skipping.
2026-09-05 01:56:20,918 - DEBUG - Already followed user: landry-some. Skipping.
2026-09-05 01:56:20,918 - DEBUG - Already followed user: madhavgadge01. Skipping.
2026-09-05 01:56:20,918 - DEBUG - Already followed user: panyster. Skipping.
2026-09-05 01:56:21,038 - INFO - Rate Limit - Remaining: 5000, Reset at: 2026-09-05 02:56:21
2026-09-05 01:56:21,039 - INFO - Fetching followers from: https://api.github.com/users/aelmizeb/followers?per_page=100&page=4
2026-09-05 01:56:21,214 - DEBUG - Number of followers fetched: 100
2026-09-05 01:56:21,214 - INFO - Fetched 100 followers on page 4.
2026-09-05 01:56:21,214 - INFO - Sleeping for 5 seconds before following users.
2026-09-05 01:56:26,219 - DEBUG - Already followed user: MdShawonForazi. Skipping.
2026-09-05 01:56:26,219 - DEBUG - Already followed user: Muhammad-qureshi1. Skipping.
2026-09-05 01:56:26,219 - DEBUG - Already followed user: destroy-boys. Skipping.
2026-09-05 01:56:26,220 - DEBUG - Already followed user: byxbe. Skipping.
2026-09-05 01:56:26,220 - DEBUG - Already followed user: vimal0156. Skipping.
2026-09-05 01:56:26,220 - DEBUG - Already followed user: syedbilalalam1. Skipping.
2026-09-05 01:56:26,220 - DEBUG - Already followed user: COUNTRY-HUMANS. Skipping.
2026-09-05 01:56:26,220 - DEBUG - Already followed user: Ayokanmi-Adejola. Skipping.
2026-09-05 01:56:26,220 - DEBUG - Already followed user: irenerodriguezrod. Skipping.
2026-09-05 01:56:26,220 - DEBUG - Already followed user: ngsnethawarya. Skipping.
2026-09-05 01:56:26,220 - DEBUG - Already followed user: mahimarawat0707. Skipping.
2026-09-05 01:56:26,220 - DEBUG - Already followed user: MuratKomurcu1. Skipping.
2026-09-05 01:56:26,220 - DEBUG - Already followed user: DARKANGEL689. Skipping.
2026-09-05 01:56:26,220 - DEBUG - Already followed user: buildcompanytogether. Skipping.
2026-09-05 01:56:26,220 - DEBUG - Already followed user: techspire0924. Skipping.
2026-09-05 01:56:26,220 - DEBUG - Already followed user: TechLeon001. Skipping.
2026-09-05 01:56:26,220 - DEBUG - Already followed user: sonle-dev. Skipping.
2026-09-05 01:56:26,220 - DEBUG - Already followed user: yonana-sahile. Skipping.
2026-09-05 01:56:26,220 - DEBUG - Already followed user: howls-moving-castle. Skipping.
2026-09-05 01:56:26,220 - DEBUG - Already followed user: lovehiccup. Skipping.
2026-09-05 01:56:26,220 - DEBUG - Already followed user: techEdge3030. Skipping.
2026-09-05 01:56:26,220 - DEBUG - Already followed user: webxos. Skipping.
2026-09-05 01:56:26,220 - DEBUG - Already followed user: developernayeemx. Skipping.
2026-09-05 01:56:26,220 - DEBUG - Already followed user: drydenmitchell. Skipping.
2026-09-05 01:56:26,220 - DEBUG - Already followed user: eatsky1006. Skipping.
2026-09-05 01:56:26,220 - DEBUG - Already followed user: frangelbarrera. Skipping.
2026-09-05 01:56:26,220 - DEBUG - Already followed user: 156afl. Skipping.
2026-09-05 01:56:26,220 - DEBUG - Already followed user: guten-tag-100. Skipping.
2026-09-05 01:56:26,220 - DEBUG - Already followed user: retrobullseye. Skipping.
2026-09-05 01:56:26,220 - DEBUG - Already followed user: nelbeu. Skipping.
2026-09-05 01:56:26,220 - DEBUG - Already followed user: ZPIIDR. Skipping.
2026-09-05 01:56:26,220 - DEBUG - Already followed user: floriant3. Skipping.
2026-09-05 01:56:26,221 - DEBUG - Already followed user: amazing-soft-dev. Skipping.
2026-09-05 01:56:26,221 - DEBUG - Already followed user: Quoriss. Skipping.
2026-09-05 01:56:26,221 - DEBUG - Already followed user: xcontcom. Skipping.
2026-09-05 01:56:26,221 - DEBUG - Already followed user: SparkNews00000. Skipping.
2026-09-05 01:56:26,221 - DEBUG - Already followed user: Lyne6666. Skipping.
2026-09-05 01:56:26,221 - DEBUG - Already followed user: nafiul-afk. Skipping.
2026-09-05 01:56:26,221 - DEBUG - Already followed user: ShiningRocket. Skipping.
2026-09-05 01:56:26,221 - DEBUG - Already followed user: Noori-Senior. Skipping.
2026-09-05 01:56:26,221 - DEBUG - Already followed user: AnjaliPatel301. Skipping.
2026-09-05 01:56:26,221 - DEBUG - Already followed user: Dev-Mania1988. Skipping.
2026-09-05 01:56:26,221 - DEBUG - Already followed user: BOYABOY999. Skipping.
2026-09-05 01:56:26,221 - DEBUG - Already followed user: NOUHABL. Skipping.
2026-09-05 01:56:26,221 - DEBUG - Already followed user: RamaAditya49. Skipping.
2026-09-05 01:56:26,221 - DEBUG - Already followed user: Seo-yeonLee. Skipping.
2026-09-05 01:56:26,221 - DEBUG - Already followed user: ChungusLord123. Skipping.
2026-09-05 01:56:26,221 - DEBUG - Already followed user: mohamadeydipour. Skipping.
2026-09-05 01:56:26,221 - DEBUG - Already followed user: constellation-infinity. Skipping.
2026-09-05 01:56:26,221 - DEBUG - Already followed user: rosem-coder. Skipping.
2026-09-05 01:56:26,221 - DEBUG - Already followed user: XO-Roham. Skipping.
2026-09-05 01:56:26,221 - DEBUG - Already followed user: kerryjanes. Skipping.
2026-09-05 01:56:26,221 - DEBUG - Already followed user: hyuntayo. Skipping.
2026-09-05 01:56:26,221 - DEBUG - Already followed user: wetmet. Skipping.
2026-09-05 01:56:26,221 - DEBUG - Already followed user: sezindartar. Skipping.
2026-09-05 01:56:26,221 - DEBUG - Already followed user: NovaNoodle7. Skipping.
2026-09-05 01:56:26,221 - DEBUG - Already followed user: annaveth. Skipping.
2026-09-05 01:56:26,221 - DEBUG - Already followed user: rexxdeev. Skipping.
2026-09-05 01:56:26,221 - DEBUG - Already followed user: cosmospice. Skipping.
2026-09-05 01:56:26,221 - DEBUG - Already followed user: lrepo52. Skipping.
2026-09-05 01:56:26,221 - DEBUG - Already followed user: uhsr. Skipping.
2026-09-05 01:56:26,221 - DEBUG - Already followed user: REIJISAKAMAKI. Skipping.
2026-09-05 01:56:26,221 - DEBUG - Already followed user: devnavodhimsara. Skipping.
2026-09-05 01:56:26,221 - DEBUG - Already followed user: muichirox. Skipping.
2026-09-05 01:56:26,221 - DEBUG - Already followed user: thehappydictator. Skipping.
2026-09-05 01:56:26,221 - DEBUG - Already followed user: JohnAxel04. Skipping.
2026-09-05 01:56:26,221 - DEBUG - Already followed user: laigit-dot. Skipping.
2026-09-05 01:56:26,221 - DEBUG - Already followed user: 1minds3t. Skipping.
2026-09-05 01:56:26,221 - DEBUG - Already followed user: 2nixx. Skipping.
2026-09-05 01:56:26,222 - DEBUG - Already followed user: Jones-6199. Skipping.
2026-09-05 01:56:26,222 - DEBUG - Already followed user: matchingduo. Skipping.
2026-09-05 01:56:26,222 - DEBUG - Already followed user: Mistrust12. Skipping.
2026-09-05 01:56:26,222 - DEBUG - Already followed user: runner28-code. Skipping.
2026-09-05 01:56:26,222 - DEBUG - Already followed user: kakaka-byte. Skipping.
2026-09-05 01:56:26,222 - DEBUG - Already followed user: alvrenkai. Skipping.
2026-09-05 01:56:26,222 - DEBUG - Already followed user: KabeloM13. Skipping.
2026-09-05 01:56:26,222 - DEBUG - Already followed user: HamiParsa. Skipping.
2026-09-05 01:56:26,222 - DEBUG - Already followed user: abdulrdeveloper. Skipping.
2026-09-05 01:56:26,222 - DEBUG - Already followed user: Lyche6666. Skipping.
2026-09-05 01:56:26,222 - DEBUG - Already followed user: sphinxzerd. Skipping.
2026-09-05 01:56:26,222 - DEBUG - Already followed user: siddhant3895. Skipping.
2026-09-05 01:56:26,222 - DEBUG - Already followed user: conexto. Skipping.
2026-09-05 01:56:26,222 - DEBUG - Already followed user: nikecodedev. Skipping.
2026-09-05 01:56:26,222 - DEBUG - Already followed user: anshull-rajput. Skipping.
2026-09-05 01:56:26,222 - DEBUG - Already followed user: ExCoder999. Skipping.
2026-09-05 01:56:26,222 - DEBUG - Already followed user: nykoco. Skipping.
2026-09-05 01:56:26,222 - DEBUG - Already followed user: zombietfk. Skipping.
2026-09-05 01:56:26,222 - DEBUG - Already followed user: Ashkan-P88. Skipping.
2026-09-05 01:56:26,222 - DEBUG - Already followed user: nexthireconnect. Skipping.
2026-09-05 01:56:26,222 - DEBUG - Already followed user: cyanile. Skipping.
2026-09-05 01:56:26,222 - DEBUG - Already followed user: REVOLV1NG. Skipping.
2026-09-05 01:56:26,222 - DEBUG - Already followed user: kakashl-hatake. Skipping.
2026-09-05 01:56:26,222 - DEBUG - Already followed user: martycorn. Skipping.
2026-09-05 01:56:26,222 - DEBUG - Already followed user: HysteriaWEB3. Skipping.
2026-09-05 01:56:26,222 - DEBUG - Already followed user: joebtceth. Skipping.
2026-09-05 01:56:26,222 - DEBUG - Already followed user: jojoamanie. Skipping.
2026-09-05 01:56:26,222 - DEBUG - Already followed user: MohibAhmadButt. Skipping.
2026-09-05 01:56:26,222 - DEBUG - Already followed user: 9Michael-Cooley. Skipping.
2026-09-05 01:56:26,222 - DEBUG - Already followed user: nargestohidloo. Skipping.
2026-09-05 01:56:26,222 - DEBUG - Already followed user: hwg-p. Skipping.
2026-09-05 01:56:26,354 - INFO - Rate Limit - Remaining: 5000, Reset at: 2026-09-05 02:56:26
2026-09-05 01:56:26,355 - INFO - Fetching followers from: https://api.github.com/users/aelmizeb/followers?per_page=100&page=5
2026-09-05 01:56:26,604 - DEBUG - Number of followers fetched: 30
2026-09-05 01:56:26,604 - INFO - Fetched 30 followers on page 5.
2026-09-05 01:56:26,604 - INFO - Sleeping for 5 seconds before following users.
2026-09-05 01:56:31,610 - DEBUG - Already followed user: BERDLYY. Skipping.
2026-09-05 01:56:31,610 - DEBUG - Already followed user: chenE5M2. Skipping.
2026-09-05 01:56:31,610 - DEBUG - Already followed user: IvanDevMars. Skipping.
2026-09-05 01:56:31,610 - DEBUG - Already followed user: El-Tousy. Skipping.
2026-09-05 01:56:31,610 - DEBUG - Already followed user: art-in-alizade. Skipping.
2026-09-05 01:56:31,610 - DEBUG - Already followed user: illusive7ai. Skipping.
2026-09-05 01:56:31,610 - DEBUG - Already followed user: UnicornMorty. Skipping.
2026-09-05 01:56:31,610 - DEBUG - Already followed user: vibecodinguy. Skipping.
2026-09-05 01:56:31,610 - DEBUG - Already followed user: WElRD0. Skipping.
2026-09-05 01:56:31,610 - DEBUG - Already followed user: sugarburn. Skipping.
2026-09-05 01:56:31,610 - DEBUG - Already followed user: Espotmx. Skipping.
2026-09-05 01:56:31,610 - DEBUG - Already followed user: MJ-ulia. Skipping.
2026-09-05 01:56:31,610 - DEBUG - Already followed user: DERB1F. Skipping.
2026-09-05 01:56:31,610 - DEBUG - Already followed user: donaldmorry. Skipping.
2026-09-05 01:56:31,610 - DEBUG - Already followed user: EimanTahir027. Skipping.
2026-09-05 01:56:31,610 - DEBUG - Already followed user: kyal102. Skipping.
2026-09-05 01:56:31,610 - DEBUG - Already followed user: Belucking. Skipping.
2026-09-05 01:56:31,610 - DEBUG - Already followed user: holilayet. Skipping.
2026-09-05 01:56:31,610 - DEBUG - Already followed user: ByteBunny777. Skipping.
2026-09-05 01:56:31,610 - DEBUG - Already followed user: AngelofDarknessm. Skipping.
2026-09-05 01:56:31,610 - DEBUG - Already followed user: Ella-horizon. Skipping.
2026-09-05 01:56:31,610 - DEBUG - Already followed user: hassenbrahim. Skipping.
2026-09-05 01:56:31,610 - DEBUG - Already followed user: alberto4442. Skipping.
2026-09-05 01:56:31,610 - DEBUG - Already followed user: ancaferro. Skipping.
2026-09-05 01:56:31,610 - DEBUG - Already followed user: raviwijerathna1. Skipping.
2026-09-05 01:56:31,611 - DEBUG - Already followed user: ClaerDev. Skipping.
2026-09-05 01:56:31,611 - DEBUG - Already followed user: TOPDEV99999. Skipping.
2026-09-05 01:56:31,611 - DEBUG - Already followed user: takahashikushina0223. Skipping.
2026-09-05 01:56:31,611 - DEBUG - Already followed user: cchongming. Skipping.
2026-09-05 01:56:31,611 - DEBUG - Already followed user: evvenoly. Skipping.
2026-09-05 01:56:31,817 - INFO - Rate Limit - Remaining: 5000, Reset at: 2026-09-05 02:56:31
2026-09-05 01:56:31,818 - INFO - Fetching followers from: https://api.github.com/users/aelmizeb/followers?per_page=100&page=6
2026-09-05 01:56:32,149 - DEBUG - Number of followers fetched: 0
2026-09-05 01:56:32,149 - INFO - No more followers to process. Exiting.
2026-09-05 01:56:32,149 - INFO - Follower counter updated: 993
2026-09-05 01:56:32,149 - INFO - 
Following users from your follower list is done! Total followers fetched: 430, Total followers followed: 993
2026-09-06 01:50:35,680 - INFO - Hi! I am GitHub Follower Bot.
2026-09-06 01:50:35,680 - INFO - Letting you follow all your followers!
2026-09-06 01:50:35,681 - INFO - Starting to fetch your follower lists...

2026-09-06 01:50:35,681 - INFO - Loaded 993 already followed users.
2026-09-06 01:50:35,681 - INFO - Processing all followers without resume.
2026-09-06 01:50:35,681 - INFO - Starting from page: 1
2026-09-06 01:50:35,681 - INFO - Current follower counter: 993
2026-09-06 01:50:35,827 - INFO - Rate Limit - Remaining: 5000, Reset at: 2026-09-06 02:50:35
2026-09-06 01:50:35,829 - INFO - Fetching followers from: https://api.github.com/users/aelmizeb/followers?per_page=100&page=1
2026-09-06 01:50:35,982 - DEBUG - Number of followers fetched: 100
2026-09-06 01:50:35,982 - INFO - Fetched 100 followers on page 1.
2026-09-06 01:50:35,982 - INFO - Sleeping for 5 seconds before following users.
2026-09-06 01:50:40,988 - DEBUG - Already followed user: levonk. Skipping.
2026-09-06 01:50:40,988 - DEBUG - Already followed user: peterruler. Skipping.
2026-09-06 01:50:40,988 - DEBUG - Already followed user: slavaGanzin. Skipping.
2026-09-06 01:50:40,988 - DEBUG - Already followed user: kenjinote. Skipping.
2026-09-06 01:50:40,988 - DEBUG - Already followed user: tech4xstar. Skipping.
2026-09-06 01:50:40,988 - DEBUG - Already followed user: sarkarshuvojit. Skipping.
2026-09-06 01:50:40,988 - DEBUG - Already followed user: unhappychoice. Skipping.
2026-09-06 01:50:40,988 - DEBUG - Already followed user: luckchain777. Skipping.
2026-09-06 01:50:40,988 - DEBUG - Already followed user: jorithanx. Skipping.
2026-09-06 01:50:40,988 - DEBUG - Already followed user: whiteplaine. Skipping.
2026-09-06 01:50:40,988 - DEBUG - Already followed user: gamemann. Skipping.
2026-09-06 01:50:40,988 - DEBUG - Already followed user: riseansmal. Skipping.
2026-09-06 01:50:40,988 - DEBUG - Already followed user: manman4. Skipping.
2026-09-06 01:50:40,988 - DEBUG - Already followed user: KylerCondran. Skipping.
2026-09-06 01:50:40,988 - DEBUG - Already followed user: ZhuChenn. Skipping.
2026-09-06 01:50:40,988 - DEBUG - Already followed user: Elbagoury. Skipping.
2026-09-06 01:50:40,988 - DEBUG - Already followed user: murapadev. Skipping.
2026-09-06 01:50:40,988 - DEBUG - Already followed user: tetref. Skipping.
2026-09-06 01:50:40,988 - DEBUG - Already followed user: Hantan1080. Skipping.
2026-09-06 01:50:40,988 - DEBUG - Already followed user: OliviaBennQ. Skipping.
2026-09-06 01:50:40,988 - DEBUG - Already followed user: budaivisita. Skipping.
2026-09-06 01:50:40,988 - DEBUG - Already followed user: ledgerhubteam. Skipping.
2026-09-06 01:50:40,988 - DEBUG - Already followed user: CelaDaniel. Skipping.
2026-09-06 01:50:40,988 - DEBUG - Already followed user: ThomasHWeb. Skipping.
2026-09-06 01:50:40,989 - DEBUG - Already followed user: paaak. Skipping.
2026-09-06 01:50:40,989 - DEBUG - Already followed user: hitman0290. Skipping.
2026-09-06 01:50:40,989 - DEBUG - Already followed user: jokeyhter. Skipping.
2026-09-06 01:50:40,989 - DEBUG - Already followed user: dbunt1tled. Skipping.
2026-09-06 01:50:40,989 - DEBUG - Already followed user: medmek. Skipping.
2026-09-06 01:50:40,989 - DEBUG - Already followed user: Hajjouz. Skipping.
2026-09-06 01:50:40,989 - DEBUG - Already followed user: IDouble. Skipping.
2026-09-06 01:50:40,989 - DEBUG - Already followed user: Jeesson. Skipping.
2026-09-06 01:50:40,989 - DEBUG - Already followed user: ZainJavaid. Skipping.
2026-09-06 01:50:40,989 - DEBUG - Already followed user: DanHouseman. Skipping.
2026-09-06 01:50:40,989 - DEBUG - Already followed user: forgerondev. Skipping.
2026-09-06 01:50:40,989 - DEBUG - Already followed user: djvelimir. Skipping.
2026-09-06 01:50:40,989 - DEBUG - Already followed user: guevaraStian. Skipping.
2026-09-06 01:50:40,989 - DEBUG - Already followed user: cambot86. Skipping.
2026-09-06 01:50:40,989 - DEBUG - Already followed user: mollyroger. Skipping.
2026-09-06 01:50:40,989 - DEBUG - Already followed user: visualGravitySense. Skipping.
2026-09-06 01:50:40,989 - DEBUG - Already followed user: HexCore8. Skipping.
2026-09-06 01:50:40,989 - DEBUG - Already followed user: jelspace. Skipping.
2026-09-06 01:50:40,989 - DEBUG - Already followed user: Sanghyun-0h. Skipping.
2026-09-06 01:50:40,989 - DEBUG - Already followed user: dweatherston11. Skipping.
2026-09-06 01:50:40,989 - DEBUG - Already followed user: weiquan98. Skipping.
2026-09-06 01:50:40,989 - DEBUG - Already followed user: furendyna. Skipping.
2026-09-06 01:50:40,989 - DEBUG - Already followed user: furkan012. Skipping.
2026-09-06 01:50:40,989 - DEBUG - Already followed user: KostasSliazas. Skipping.
2026-09-06 01:50:40,989 - DEBUG - Already followed user: hxreborn. Skipping.
2026-09-06 01:50:40,989 - DEBUG - Already followed user: hazexone. Skipping.
2026-09-06 01:50:40,989 - DEBUG - Already followed user: ardaltunel. Skipping.
2026-09-06 01:50:40,989 - DEBUG - Already followed user: domcomit. Skipping.
2026-09-06 01:50:40,989 - DEBUG - Already followed user: boomray. Skipping.
2026-09-06 01:50:40,989 - DEBUG - Already followed user: rob0pup. Skipping.
2026-09-06 01:50:40,989 - DEBUG - Already followed user: IshmamAbir. Skipping.
2026-09-06 01:50:40,989 - DEBUG - Already followed user: designAsign. Skipping.
2026-09-06 01:50:40,989 - DEBUG - Already followed user: ai-28. Skipping.
2026-09-06 01:50:40,989 - DEBUG - Already followed user: Connor9994. Skipping.
2026-09-06 01:50:40,989 - DEBUG - Already followed user: domx4q. Skipping.
2026-09-06 01:50:40,989 - DEBUG - Already followed user: Devify-Co. Skipping.
2026-09-06 01:50:40,989 - DEBUG - Already followed user: arcoflord. Skipping.
2026-09-06 01:50:40,989 - DEBUG - Already followed user: jackciw. Skipping.
2026-09-06 01:50:40,989 - DEBUG - Already followed user: 4F71. Skipping.
2026-09-06 01:50:40,989 - DEBUG - Already followed user: standardgalactic. Skipping.
2026-09-06 01:50:40,989 - DEBUG - Already followed user: sandibrrm. Skipping.
2026-09-06 01:50:40,990 - DEBUG - Already followed user: AchrafReyani. Skipping.
2026-09-06 01:50:40,990 - DEBUG - Already followed user: jaderytm. Skipping.
2026-09-06 01:50:40,990 - DEBUG - Already followed user: nstrmx. Skipping.
2026-09-06 01:50:40,990 - DEBUG - Already followed user: RaccoonFacts. Skipping.
2026-09-06 01:50:40,990 - DEBUG - Already followed user: Kos-M. Skipping.
2026-09-06 01:50:40,990 - DEBUG - Already followed user: jfullstackdev. Skipping.
2026-09-06 01:50:40,990 - DEBUG - Already followed user: iVGeek. Skipping.
2026-09-06 01:50:40,990 - DEBUG - Already followed user: th3noryx. Skipping.
2026-09-06 01:50:40,990 - DEBUG - Already followed user: Unizuka22. Skipping.
2026-09-06 01:50:40,990 - DEBUG - Already followed user: vasilirigels. Skipping.
2026-09-06 01:50:40,990 - DEBUG - Already followed user: cristinagberta. Skipping.
2026-09-06 01:50:40,990 - DEBUG - Already followed user: alexanderbergerhd. Skipping.
2026-09-06 01:50:40,990 - DEBUG - Already followed user: mohammadnabia. Skipping.
2026-09-06 01:50:40,990 - DEBUG - Already followed user: itsbagsy. Skipping.
2026-09-06 01:50:40,990 - DEBUG - Already followed user: dmitryravilov. Skipping.
2026-09-06 01:50:40,990 - DEBUG - Already followed user: szenled. Skipping.
2026-09-06 01:50:40,990 - DEBUG - Already followed user: Mindlyss. Skipping.
2026-09-06 01:50:40,990 - DEBUG - Already followed user: cerenyilmazjinx. Skipping.
2026-09-06 01:50:40,990 - DEBUG - Already followed user: BEPb. Skipping.
2026-09-06 01:50:40,990 - DEBUG - Already followed user: galaxyb-dark. Skipping.
2026-09-06 01:50:40,990 - DEBUG - Already followed user: HafidIdrissi. Skipping.
2026-09-06 01:50:40,990 - DEBUG - Already followed user: oluiscabral. Skipping.
2026-09-06 01:50:40,990 - DEBUG - Already followed user: cryptoAur4x. Skipping.
2026-09-06 01:50:40,990 - DEBUG - Already followed user: emilycodestar. Skipping.
2026-09-06 01:50:40,990 - DEBUG - Already followed user: giewan. Skipping.
2026-09-06 01:50:40,990 - DEBUG - Already followed user: ivasik-k7. Skipping.
2026-09-06 01:50:40,990 - DEBUG - Already followed user: sakuyaloli. Skipping.
2026-09-06 01:50:40,990 - DEBUG - Already followed user: aantoooon. Skipping.
2026-09-06 01:50:40,990 - DEBUG - Already followed user: NeoZorK. Skipping.
2026-09-06 01:50:40,990 - DEBUG - Already followed user: albonidrizi. Skipping.
2026-09-06 01:50:40,990 - DEBUG - Already followed user: Arul1998. Skipping.
2026-09-06 01:50:40,990 - DEBUG - Already followed user: hajigur69. Skipping.
2026-09-06 01:50:40,990 - DEBUG - Already followed user: trajanOx. Skipping.
2026-09-06 01:50:40,990 - DEBUG - Already followed user: VictoriaCabirta. Skipping.
2026-09-06 01:50:40,990 - DEBUG - Already followed user: CHUNG-HAO. Skipping.
2026-09-06 01:50:41,125 - INFO - Rate Limit - Remaining: 5000, Reset at: 2026-09-06 02:50:41
2026-09-06 01:50:41,126 - INFO - Fetching followers from: https://api.github.com/users/aelmizeb/followers?per_page=100&page=2
2026-09-06 01:50:41,300 - DEBUG - Number of followers fetched: 100
2026-09-06 01:50:41,301 - INFO - Fetched 100 followers on page 2.
2026-09-06 01:50:41,301 - INFO - Sleeping for 5 seconds before following users.
2026-09-06 01:50:46,305 - DEBUG - Already followed user: loreius. Skipping.
2026-09-06 01:50:46,305 - DEBUG - Already followed user: Supremenottee. Skipping.
2026-09-06 01:50:46,305 - DEBUG - Already followed user: mainstar123. Skipping.
2026-09-06 01:50:46,305 - DEBUG - Already followed user: JohnMwendwa. Skipping.
2026-09-06 01:50:46,305 - DEBUG - Already followed user: Geek-Cheth. Skipping.
2026-09-06 01:50:46,305 - DEBUG - Already followed user: AhmadJeddi. Skipping.
2026-09-06 01:50:46,305 - DEBUG - Already followed user: OftenUser. Skipping.
2026-09-06 01:50:46,306 - DEBUG - Already followed user: mohammadhasanii. Skipping.
2026-09-06 01:50:46,306 - DEBUG - Already followed user: haochezh. Skipping.
2026-09-06 01:50:46,306 - DEBUG - Already followed user: mbitujames. Skipping.
2026-09-06 01:50:46,306 - DEBUG - Already followed user: Nisyalz01. Skipping.
2026-09-06 01:50:46,306 - DEBUG - Already followed user: MaitreyeeDhar. Skipping.
2026-09-06 01:50:46,306 - DEBUG - Already followed user: nelokusa. Skipping.
2026-09-06 01:50:46,306 - DEBUG - Already followed user: r97221004. Skipping.
2026-09-06 01:50:46,306 - DEBUG - Already followed user: Carrington-dev. Skipping.
2026-09-06 01:50:46,306 - DEBUG - Already followed user: pinhe91. Skipping.
2026-09-06 01:50:46,306 - DEBUG - Already followed user: minseochoj. Skipping.
2026-09-06 01:50:46,306 - DEBUG - Already followed user: thisalireza. Skipping.
2026-09-06 01:50:46,306 - DEBUG - Already followed user: BhuvanAde. Skipping.
2026-09-06 01:50:46,306 - DEBUG - Already followed user: KerollosMagdy. Skipping.
2026-09-06 01:50:46,306 - DEBUG - Already followed user: Jamkris. Skipping.
2026-09-06 01:50:46,306 - DEBUG - Already followed user: steph3nm. Skipping.
2026-09-06 01:50:46,306 - DEBUG - Already followed user: arch-yunus. Skipping.
2026-09-06 01:50:46,306 - DEBUG - Already followed user: Jailtonfonseca. Skipping.
2026-09-06 01:50:46,306 - DEBUG - Already followed user: lxRbckl. Skipping.
2026-09-06 01:50:46,306 - DEBUG - Already followed user: jamesgeodi. Skipping.
2026-09-06 01:50:46,306 - DEBUG - Already followed user: olienath. Skipping.
2026-09-06 01:50:46,306 - DEBUG - Already followed user: xrpcommunity. Skipping.
2026-09-06 01:50:46,306 - DEBUG - Already followed user: jolliesol. Skipping.
2026-09-06 01:50:46,306 - DEBUG - Already followed user: xnovaxdev. Skipping.
2026-09-06 01:50:46,306 - DEBUG - Already followed user: filzehoka. Skipping.
2026-09-06 01:50:46,306 - DEBUG - Already followed user: Wenyveo. Skipping.
2026-09-06 01:50:46,306 - INFO - Attempting to follow user: jennifertieuu
2026-09-06 01:50:46,457 - INFO - Successfully followed user: jennifertieuu
2026-09-06 01:50:46,458 - DEBUG - Appended user jennifertieuu to followers.txt.
2026-09-06 01:50:46,458 - INFO - Follower counter updated: 994
2026-09-06 01:50:46,458 - INFO - Sleeping for 10.73 seconds before the next follow.
2026-09-06 01:50:57,197 - DEBUG - Already followed user: Hstkj23. Skipping.
2026-09-06 01:50:57,197 - DEBUG - Already followed user: emilybarru. Skipping.
2026-09-06 01:50:57,197 - DEBUG - Already followed user: NazmusSayad. Skipping.
2026-09-06 01:50:57,197 - DEBUG - Already followed user: Liuboshenko. Skipping.
2026-09-06 01:50:57,197 - DEBUG - Already followed user: lgomesappj. Skipping.
2026-09-06 01:50:57,197 - DEBUG - Already followed user: irenascent. Skipping.
2026-09-06 01:50:57,197 - DEBUG - Already followed user: Berserk-hub150. Skipping.
2026-09-06 01:50:57,197 - DEBUG - Already followed user: mariwatts. Skipping.
2026-09-06 01:50:57,197 - DEBUG - Already followed user: Davidevlops. Skipping.
2026-09-06 01:50:57,197 - DEBUG - Already followed user: ezozu. Skipping.
2026-09-06 01:50:57,197 - DEBUG - Already followed user: OHANA-WEB. Skipping.
2026-09-06 01:50:57,197 - DEBUG - Already followed user: BamdadTabari. Skipping.
2026-09-06 01:50:57,198 - DEBUG - Already followed user: vinamega. Skipping.
2026-09-06 01:50:57,198 - DEBUG - Already followed user: cgrundman. Skipping.
2026-09-06 01:50:57,198 - DEBUG - Already followed user: zkcryptweb. Skipping.
2026-09-06 01:50:57,198 - DEBUG - Already followed user: eldarlrd. Skipping.
2026-09-06 01:50:57,198 - DEBUG - Already followed user: bashichda. Skipping.
2026-09-06 01:50:57,198 - DEBUG - Already followed user: ludo53. Skipping.
2026-09-06 01:50:57,198 - DEBUG - Already followed user: heinodendal. Skipping.
2026-09-06 01:50:57,198 - DEBUG - Already followed user: linuxtusX5. Skipping.
2026-09-06 01:50:57,198 - DEBUG - Already followed user: CarAuto34. Skipping.
2026-09-06 01:50:57,198 - DEBUG - Already followed user: elifirinci. Skipping.
2026-09-06 01:50:57,198 - DEBUG - Already followed user: sabbir-noyon. Skipping.
2026-09-06 01:50:57,198 - DEBUG - Already followed user: Nima-Mollaei. Skipping.
2026-09-06 01:50:57,198 - DEBUG - Already followed user: apurva313. Skipping.
2026-09-06 01:50:57,198 - DEBUG - Already followed user: kyiroywops. Skipping.
2026-09-06 01:50:57,198 - DEBUG - Already followed user: m-bwela. Skipping.
2026-09-06 01:50:57,198 - DEBUG - Already followed user: NachoOFC. Skipping.
2026-09-06 01:50:57,198 - DEBUG - Already followed user: CrisLottz. Skipping.
2026-09-06 01:50:57,198 - DEBUG - Already followed user: MrMDrX. Skipping.
2026-09-06 01:50:57,198 - DEBUG - Already followed user: nimakian. Skipping.
2026-09-06 01:50:57,198 - DEBUG - Already followed user: iamapuneet. Skipping.
2026-09-06 01:50:57,198 - DEBUG - Already followed user: iktiarnazib. Skipping.
2026-09-06 01:50:57,198 - DEBUG - Already followed user: Daxxtropezz. Skipping.
2026-09-06 01:50:57,198 - DEBUG - Already followed user: joaocarpim. Skipping.
2026-09-06 01:50:57,198 - DEBUG - Already followed user: 0xmurtimus. Skipping.
2026-09-06 01:50:57,198 - DEBUG - Already followed user: U1000000000000. Skipping.
2026-09-06 01:50:57,198 - DEBUG - Already followed user: shahriar0999. Skipping.
2026-09-06 01:50:57,198 - DEBUG - Already followed user: souvikrana17. Skipping.
2026-09-06 01:50:57,198 - DEBUG - Already followed user: AhmedDabish. Skipping.
2026-09-06 01:50:57,198 - DEBUG - Already followed user: DIMFLIX. Skipping.
2026-09-06 01:50:57,198 - DEBUG - Already followed user: 1526422010. Skipping.
2026-09-06 01:50:57,198 - DEBUG - Already followed user: EminHaziyev. Skipping.
2026-09-06 01:50:57,198 - DEBUG - Already followed user: VarshuAi. Skipping.
2026-09-06 01:50:57,198 - DEBUG - Already followed user: CelaFlori. Skipping.
2026-09-06 01:50:57,198 - DEBUG - Already followed user: 0xspryo. Skipping.
2026-09-06 01:50:57,198 - DEBUG - Already followed user: laurindoisaac. Skipping.
2026-09-06 01:50:57,198 - DEBUG - Already followed user: Motaman-M. Skipping.
2026-09-06 01:50:57,198 - DEBUG - Already followed user: Seif-01. Skipping.
2026-09-06 01:50:57,198 - DEBUG - Already followed user: motanelson. Skipping.
2026-09-06 01:50:57,198 - DEBUG - Already followed user: cepseu1. Skipping.
2026-09-06 01:50:57,198 - DEBUG - Already followed user: bolola777. Skipping.
2026-09-06 01:50:57,198 - DEBUG - Already followed user: vardan444. Skipping.
2026-09-06 01:50:57,199 - DEBUG - Already followed user: rahuloraj. Skipping.
2026-09-06 01:50:57,199 - DEBUG - Already followed user: knmlabs. Skipping.
2026-09-06 01:50:57,199 - DEBUG - Already followed user: Mubashir12392. Skipping.
2026-09-06 01:50:57,199 - DEBUG - Already followed user: jeallz. Skipping.
2026-09-06 01:50:57,199 - INFO - Attempting to follow user: Arman-pons
2026-09-06 01:50:57,304 - INFO - Successfully followed user: Arman-pons
2026-09-06 01:50:57,305 - DEBUG - Appended user Arman-pons to followers.txt.
2026-09-06 01:50:57,306 - INFO - Follower counter updated: 995
2026-09-06 01:50:57,306 - INFO - Sleeping for 12.40 seconds before the next follow.
2026-09-06 01:51:09,719 - DEBUG - Already followed user: reignsi. Skipping.
2026-09-06 01:51:09,719 - DEBUG - Already followed user: christosantono. Skipping.
2026-09-06 01:51:09,719 - DEBUG - Already followed user: Nai64. Skipping.
2026-09-06 01:51:09,719 - DEBUG - Already followed user: K1rsN7. Skipping.
2026-09-06 01:51:09,719 - DEBUG - Already followed user: MatthewMacri. Skipping.
2026-09-06 01:51:09,719 - DEBUG - Already followed user: whitakeroliver. Skipping.
2026-09-06 01:51:09,719 - DEBUG - Already followed user: S4IL21. Skipping.
2026-09-06 01:51:09,719 - DEBUG - Already followed user: filipzekovich. Skipping.
2026-09-06 01:51:09,719 - DEBUG - Already followed user: RafalW3bCraft. Skipping.
2026-09-06 01:51:09,860 - INFO - Rate Limit - Remaining: 5000, Reset at: 2026-09-06 02:51:09
2026-09-06 01:51:09,861 - INFO - Fetching followers from: https://api.github.com/users/aelmizeb/followers?per_page=100&page=3
2026-09-06 01:51:10,026 - DEBUG - Number of followers fetched: 100
2026-09-06 01:51:10,026 - INFO - Fetched 100 followers on page 3.
2026-09-06 01:51:10,026 - INFO - Sleeping for 5 seconds before following users.
2026-09-06 01:51:15,028 - DEBUG - Already followed user: 7007259Ankur. Skipping.
2026-09-06 01:51:15,028 - DEBUG - Already followed user: amurrayeqc. Skipping.
2026-09-06 01:51:15,028 - DEBUG - Already followed user: Willysc10. Skipping.
2026-09-06 01:51:15,028 - DEBUG - Already followed user: rasidi3112. Skipping.
2026-09-06 01:51:15,029 - DEBUG - Already followed user: otaviossousa. Skipping.
2026-09-06 01:51:15,029 - DEBUG - Already followed user: taahabz. Skipping.
2026-09-06 01:51:15,029 - DEBUG - Already followed user: topdigitalplus. Skipping.
2026-09-06 01:51:15,029 - DEBUG - Already followed user: lilbodo123. Skipping.
2026-09-06 01:51:15,029 - DEBUG - Already followed user: super-phantom91. Skipping.
2026-09-06 01:51:15,029 - DEBUG - Already followed user: hyper-ayoub. Skipping.
2026-09-06 01:51:15,029 - DEBUG - Already followed user: DrParthaMajumder. Skipping.
2026-09-06 01:51:15,029 - DEBUG - Already followed user: sunjoe508. Skipping.
2026-09-06 01:51:15,029 - DEBUG - Already followed user: HalfFriedPotato. Skipping.
2026-09-06 01:51:15,029 - DEBUG - Already followed user: IamDevDan. Skipping.
2026-09-06 01:51:15,029 - DEBUG - Already followed user: Fellipemarcal. Skipping.
2026-09-06 01:51:15,029 - DEBUG - Already followed user: potentialdev-web. Skipping.
2026-09-06 01:51:15,029 - DEBUG - Already followed user: Laqrabti. Skipping.
2026-09-06 01:51:15,029 - DEBUG - Already followed user: masonliiu. Skipping.
2026-09-06 01:51:15,029 - DEBUG - Already followed user: deadlyandro. Skipping.
2026-09-06 01:51:15,029 - DEBUG - Already followed user: AhmadTigress. Skipping.
2026-09-06 01:51:15,029 - DEBUG - Already followed user: Maher-Elmair. Skipping.
2026-09-06 01:51:15,029 - DEBUG - Already followed user: harutosati. Skipping.
2026-09-06 01:51:15,029 - DEBUG - Already followed user: B2Kumar03. Skipping.
2026-09-06 01:51:15,029 - DEBUG - Already followed user: AbdulRehman393. Skipping.
2026-09-06 01:51:15,029 - DEBUG - Already followed user: vijayshikhare. Skipping.
2026-09-06 01:51:15,029 - DEBUG - Already followed user: nuraisi. Skipping.
2026-09-06 01:51:15,029 - DEBUG - Already followed user: aertsimon90. Skipping.
2026-09-06 01:51:15,029 - DEBUG - Already followed user: Bifenzine. Skipping.
2026-09-06 01:51:15,029 - DEBUG - Already followed user: Chainsmoker23. Skipping.
2026-09-06 01:51:15,029 - DEBUG - Already followed user: 3nesdeniz. Skipping.
2026-09-06 01:51:15,029 - DEBUG - Already followed user: vegata099. Skipping.
2026-09-06 01:51:15,029 - DEBUG - Already followed user: marichu-kt. Skipping.
2026-09-06 01:51:15,029 - DEBUG - Already followed user: ikramagix. Skipping.
2026-09-06 01:51:15,029 - DEBUG - Already followed user: yutomiwana. Skipping.
2026-09-06 01:51:15,029 - DEBUG - Already followed user: gaqx. Skipping.
2026-09-06 01:51:15,029 - DEBUG - Already followed user: AnonimusShamshiAlex. Skipping.
2026-09-06 01:51:15,029 - DEBUG - Already followed user: goShell3. Skipping.
2026-09-06 01:51:15,029 - DEBUG - Already followed user: bencheayoub. Skipping.
2026-09-06 01:51:15,029 - DEBUG - Already followed user: juicetreacly. Skipping.
2026-09-06 01:51:15,029 - DEBUG - Already followed user: Babarali2k21. Skipping.
2026-09-06 01:51:15,029 - DEBUG - Already followed user: a-partovii. Skipping.
2026-09-06 01:51:15,029 - DEBUG - Already followed user: SalehAkramSifat. Skipping.
2026-09-06 01:51:15,030 - DEBUG - Already followed user: martian56. Skipping.
2026-09-06 01:51:15,030 - DEBUG - Already followed user: mengnankkkk. Skipping.
2026-09-06 01:51:15,030 - DEBUG - Already followed user: lec320fd90d. Skipping.
2026-09-06 01:51:15,030 - DEBUG - Already followed user: nahladzulula. Skipping.
2026-09-06 01:51:15,030 - DEBUG - Already followed user: AImaniadev. Skipping.
2026-09-06 01:51:15,030 - DEBUG - Already followed user: LakhiniVoshadee. Skipping.
2026-09-06 01:51:15,030 - DEBUG - Already followed user: cfrBernard. Skipping.
2026-09-06 01:51:15,030 - DEBUG - Already followed user: rexblade58. Skipping.
2026-09-06 01:51:15,030 - DEBUG - Already followed user: amad3i. Skipping.
2026-09-06 01:51:15,030 - DEBUG - Already followed user: Arison99. Skipping.
2026-09-06 01:51:15,030 - DEBUG - Already followed user: abdulrhmansalama. Skipping.
2026-09-06 01:51:15,030 - DEBUG - Already followed user: AbSomeone. Skipping.
2026-09-06 01:51:15,030 - DEBUG - Already followed user: nam-htran. Skipping.
2026-09-06 01:51:15,030 - DEBUG - Already followed user: GitHub7667. Skipping.
2026-09-06 01:51:15,030 - DEBUG - Already followed user: DevNinja08. Skipping.
2026-09-06 01:51:15,030 - DEBUG - Already followed user: dovvnloading. Skipping.
2026-09-06 01:51:15,030 - DEBUG - Already followed user: Ali-hey-0. Skipping.
2026-09-06 01:51:15,030 - DEBUG - Already followed user: talrejasahil4994. Skipping.
2026-09-06 01:51:15,030 - DEBUG - Already followed user: hellen-ansah. Skipping.
2026-09-06 01:51:15,030 - DEBUG - Already followed user: kiranShamsHere. Skipping.
2026-09-06 01:51:15,030 - DEBUG - Already followed user: Iankulani. Skipping.
2026-09-06 01:51:15,030 - DEBUG - Already followed user: VIDAKHOSHPEY22. Skipping.
2026-09-06 01:51:15,030 - DEBUG - Already followed user: BhagwaniVishi. Skipping.
2026-09-06 01:51:15,030 - DEBUG - Already followed user: aridepai17. Skipping.
2026-09-06 01:51:15,030 - DEBUG - Already followed user: 0Darkn. Skipping.
2026-09-06 01:51:15,030 - DEBUG - Already followed user: ShRP69. Skipping.
2026-09-06 01:51:15,030 - DEBUG - Already followed user: KayanShah. Skipping.
2026-09-06 01:51:15,030 - DEBUG - Already followed user: iousuz. Skipping.
2026-09-06 01:51:15,030 - DEBUG - Already followed user: Md-Mubin. Skipping.
2026-09-06 01:51:15,030 - DEBUG - Already followed user: lxl0825. Skipping.
2026-09-06 01:51:15,030 - DEBUG - Already followed user: abressiddique. Skipping.
2026-09-06 01:51:15,030 - DEBUG - Already followed user: 0xAdafang. Skipping.
2026-09-06 01:51:15,030 - DEBUG - Already followed user: jkdevcode. Skipping.
2026-09-06 01:51:15,030 - DEBUG - Already followed user: JawherKl. Skipping.
2026-09-06 01:51:15,030 - DEBUG - Already followed user: pwnedroot. Skipping.
2026-09-06 01:51:15,030 - DEBUG - Already followed user: DaviBaum. Skipping.
2026-09-06 01:51:15,030 - DEBUG - Already followed user: Nour-yahyaoui. Skipping.
2026-09-06 01:51:15,030 - DEBUG - Already followed user: thornebaker. Skipping.
2026-09-06 01:51:15,030 - DEBUG - Already followed user: rioryugen. Skipping.
2026-09-06 01:51:15,030 - DEBUG - Already followed user: nikhilpatidar01. Skipping.
2026-09-06 01:51:15,031 - DEBUG - Already followed user: codeXdanyal. Skipping.
2026-09-06 01:51:15,031 - DEBUG - Already followed user: gambling-addict. Skipping.
2026-09-06 01:51:15,031 - DEBUG - Already followed user: novagad. Skipping.
2026-09-06 01:51:15,031 - DEBUG - Already followed user: chojuninengu. Skipping.
2026-09-06 01:51:15,031 - DEBUG - Already followed user: JOELNATHAN544. Skipping.
2026-09-06 01:51:15,031 - DEBUG - Already followed user: Senthil455. Skipping.
2026-09-06 01:51:15,031 - DEBUG - Already followed user: pouryaPKGit. Skipping.
2026-09-06 01:51:15,031 - DEBUG - Already followed user: mwakidenis. Skipping.
2026-09-06 01:51:15,031 - DEBUG - Already followed user: daniel149afonso. Skipping.
2026-09-06 01:51:15,031 - DEBUG - Already followed user: MatheusRuivo365. Skipping.
2026-09-06 01:51:15,031 - DEBUG - Already followed user: grimwaIker. Skipping.
2026-09-06 01:51:15,031 - DEBUG - Already followed user: vsrupeshkumar. Skipping.
2026-09-06 01:51:15,031 - DEBUG - Already followed user: landry-some. Skipping.
2026-09-06 01:51:15,031 - DEBUG - Already followed user: madhavgadge01. Skipping.
2026-09-06 01:51:15,031 - DEBUG - Already followed user: panyster. Skipping.
2026-09-06 01:51:15,031 - DEBUG - Already followed user: MdShawonForazi. Skipping.
2026-09-06 01:51:15,031 - DEBUG - Already followed user: Muhammad-qureshi1. Skipping.
2026-09-06 01:51:15,031 - DEBUG - Already followed user: destroy-boys. Skipping.
2026-09-06 01:51:15,193 - INFO - Rate Limit - Remaining: 5000, Reset at: 2026-09-06 02:51:15
2026-09-06 01:51:15,194 - INFO - Fetching followers from: https://api.github.com/users/aelmizeb/followers?per_page=100&page=4
2026-09-06 01:51:15,347 - DEBUG - Number of followers fetched: 100
2026-09-06 01:51:15,347 - INFO - Fetched 100 followers on page 4.
2026-09-06 01:51:15,347 - INFO - Sleeping for 5 seconds before following users.
2026-09-06 01:51:20,352 - DEBUG - Already followed user: byxbe. Skipping.
2026-09-06 01:51:20,353 - DEBUG - Already followed user: vimal0156. Skipping.
2026-09-06 01:51:20,353 - DEBUG - Already followed user: syedbilalalam1. Skipping.
2026-09-06 01:51:20,353 - DEBUG - Already followed user: COUNTRY-HUMANS. Skipping.
2026-09-06 01:51:20,353 - DEBUG - Already followed user: Ayokanmi-Adejola. Skipping.
2026-09-06 01:51:20,353 - DEBUG - Already followed user: irenerodriguezrod. Skipping.
2026-09-06 01:51:20,353 - DEBUG - Already followed user: ngsnethawarya. Skipping.
2026-09-06 01:51:20,353 - DEBUG - Already followed user: mahimarawat0707. Skipping.
2026-09-06 01:51:20,353 - DEBUG - Already followed user: MuratKomurcu1. Skipping.
2026-09-06 01:51:20,353 - DEBUG - Already followed user: DARKANGEL689. Skipping.
2026-09-06 01:51:20,353 - DEBUG - Already followed user: buildcompanytogether. Skipping.
2026-09-06 01:51:20,353 - DEBUG - Already followed user: techspire0924. Skipping.
2026-09-06 01:51:20,353 - DEBUG - Already followed user: TechLeon001. Skipping.
2026-09-06 01:51:20,353 - DEBUG - Already followed user: sonle-dev. Skipping.
2026-09-06 01:51:20,353 - DEBUG - Already followed user: yonana-sahile. Skipping.
2026-09-06 01:51:20,353 - DEBUG - Already followed user: howls-moving-castle. Skipping.
2026-09-06 01:51:20,353 - DEBUG - Already followed user: lovehiccup. Skipping.
2026-09-06 01:51:20,353 - DEBUG - Already followed user: techEdge3030. Skipping.
2026-09-06 01:51:20,353 - DEBUG - Already followed user: webxos. Skipping.
2026-09-06 01:51:20,353 - DEBUG - Already followed user: developernayeemx. Skipping.
2026-09-06 01:51:20,353 - DEBUG - Already followed user: drydenmitchell. Skipping.
2026-09-06 01:51:20,353 - DEBUG - Already followed user: eatsky1006. Skipping.
2026-09-06 01:51:20,353 - DEBUG - Already followed user: frangelbarrera. Skipping.
2026-09-06 01:51:20,353 - DEBUG - Already followed user: 156afl. Skipping.
2026-09-06 01:51:20,353 - DEBUG - Already followed user: guten-tag-100. Skipping.
2026-09-06 01:51:20,353 - DEBUG - Already followed user: retrobullseye. Skipping.
2026-09-06 01:51:20,353 - DEBUG - Already followed user: nelbeu. Skipping.
2026-09-06 01:51:20,353 - DEBUG - Already followed user: ZPIIDR. Skipping.
2026-09-06 01:51:20,353 - DEBUG - Already followed user: floriant3. Skipping.
2026-09-06 01:51:20,353 - DEBUG - Already followed user: amazing-soft-dev. Skipping.
2026-09-06 01:51:20,353 - DEBUG - Already followed user: Quoriss. Skipping.
2026-09-06 01:51:20,353 - DEBUG - Already followed user: xcontcom. Skipping.
2026-09-06 01:51:20,353 - DEBUG - Already followed user: SparkNews00000. Skipping.
2026-09-06 01:51:20,353 - DEBUG - Already followed user: Lyne6666. Skipping.
2026-09-06 01:51:20,353 - DEBUG - Already followed user: nafiul-afk. Skipping.
2026-09-06 01:51:20,353 - DEBUG - Already followed user: ShiningRocket. Skipping.
2026-09-06 01:51:20,353 - DEBUG - Already followed user: Noori-Senior. Skipping.
2026-09-06 01:51:20,353 - DEBUG - Already followed user: AnjaliPatel301. Skipping.
2026-09-06 01:51:20,354 - DEBUG - Already followed user: Dev-Mania1988. Skipping.
2026-09-06 01:51:20,354 - DEBUG - Already followed user: BOYABOY999. Skipping.
2026-09-06 01:51:20,354 - DEBUG - Already followed user: NOUHABL. Skipping.
2026-09-06 01:51:20,354 - DEBUG - Already followed user: RamaAditya49. Skipping.
2026-09-06 01:51:20,354 - DEBUG - Already followed user: Seo-yeonLee. Skipping.
2026-09-06 01:51:20,354 - DEBUG - Already followed user: ChungusLord123. Skipping.
2026-09-06 01:51:20,354 - DEBUG - Already followed user: mohamadeydipour. Skipping.
2026-09-06 01:51:20,354 - DEBUG - Already followed user: constellation-infinity. Skipping.
2026-09-06 01:51:20,354 - DEBUG - Already followed user: rosem-coder. Skipping.
2026-09-06 01:51:20,354 - DEBUG - Already followed user: XO-Roham. Skipping.
2026-09-06 01:51:20,354 - DEBUG - Already followed user: kerryjanes. Skipping.
2026-09-06 01:51:20,354 - DEBUG - Already followed user: hyuntayo. Skipping.
2026-09-06 01:51:20,354 - DEBUG - Already followed user: wetmet. Skipping.
2026-09-06 01:51:20,354 - DEBUG - Already followed user: sezindartar. Skipping.
2026-09-06 01:51:20,354 - DEBUG - Already followed user: NovaNoodle7. Skipping.
2026-09-06 01:51:20,354 - DEBUG - Already followed user: annaveth. Skipping.
2026-09-06 01:51:20,354 - DEBUG - Already followed user: rexxdeev. Skipping.
2026-09-06 01:51:20,354 - DEBUG - Already followed user: cosmospice. Skipping.
2026-09-06 01:51:20,354 - DEBUG - Already followed user: lrepo52. Skipping.
2026-09-06 01:51:20,354 - DEBUG - Already followed user: uhsr. Skipping.
2026-09-06 01:51:20,354 - DEBUG - Already followed user: REIJISAKAMAKI. Skipping.
2026-09-06 01:51:20,354 - DEBUG - Already followed user: devnavodhimsara. Skipping.
2026-09-06 01:51:20,354 - DEBUG - Already followed user: muichirox. Skipping.
2026-09-06 01:51:20,354 - DEBUG - Already followed user: thehappydictator. Skipping.
2026-09-06 01:51:20,354 - DEBUG - Already followed user: JohnAxel04. Skipping.
2026-09-06 01:51:20,354 - DEBUG - Already followed user: laigit-dot. Skipping.
2026-09-06 01:51:20,354 - DEBUG - Already followed user: 1minds3t. Skipping.
2026-09-06 01:51:20,354 - DEBUG - Already followed user: 2nixx. Skipping.
2026-09-06 01:51:20,354 - DEBUG - Already followed user: Jones-6199. Skipping.
2026-09-06 01:51:20,354 - DEBUG - Already followed user: matchingduo. Skipping.
2026-09-06 01:51:20,354 - DEBUG - Already followed user: Mistrust12. Skipping.
2026-09-06 01:51:20,354 - DEBUG - Already followed user: runner28-code. Skipping.
2026-09-06 01:51:20,354 - DEBUG - Already followed user: kakaka-byte. Skipping.
2026-09-06 01:51:20,354 - DEBUG - Already followed user: alvrenkai. Skipping.
2026-09-06 01:51:20,354 - DEBUG - Already followed user: KabeloM13. Skipping.
2026-09-06 01:51:20,354 - DEBUG - Already followed user: HamiParsa. Skipping.
2026-09-06 01:51:20,354 - DEBUG - Already followed user: abdulrdeveloper. Skipping.
2026-09-06 01:51:20,354 - DEBUG - Already followed user: Lyche6666. Skipping.
2026-09-06 01:51:20,354 - DEBUG - Already followed user: sphinxzerd. Skipping.
2026-09-06 01:51:20,354 - DEBUG - Already followed user: siddhant3895. Skipping.
2026-09-06 01:51:20,355 - DEBUG - Already followed user: conexto. Skipping.
2026-09-06 01:51:20,355 - DEBUG - Already followed user: nikecodedev. Skipping.
2026-09-06 01:51:20,355 - DEBUG - Already followed user: anshull-rajput. Skipping.
2026-09-06 01:51:20,355 - DEBUG - Already followed user: ExCoder999. Skipping.
2026-09-06 01:51:20,355 - DEBUG - Already followed user: nykoco. Skipping.
2026-09-06 01:51:20,355 - DEBUG - Already followed user: zombietfk. Skipping.
2026-09-06 01:51:20,355 - DEBUG - Already followed user: Ashkan-P88. Skipping.
2026-09-06 01:51:20,355 - DEBUG - Already followed user: nexthireconnect. Skipping.
2026-09-06 01:51:20,355 - DEBUG - Already followed user: cyanile. Skipping.
2026-09-06 01:51:20,355 - DEBUG - Already followed user: REVOLV1NG. Skipping.
2026-09-06 01:51:20,355 - DEBUG - Already followed user: kakashl-hatake. Skipping.
2026-09-06 01:51:20,355 - DEBUG - Already followed user: martycorn. Skipping.
2026-09-06 01:51:20,355 - DEBUG - Already followed user: HysteriaWEB3. Skipping.
2026-09-06 01:51:20,355 - DEBUG - Already followed user: joebtceth. Skipping.
2026-09-06 01:51:20,355 - DEBUG - Already followed user: jojoamanie. Skipping.
2026-09-06 01:51:20,355 - DEBUG - Already followed user: MohibAhmadButt. Skipping.
2026-09-06 01:51:20,355 - DEBUG - Already followed user: 9Michael-Cooley. Skipping.
2026-09-06 01:51:20,355 - DEBUG - Already followed user: nargestohidloo. Skipping.
2026-09-06 01:51:20,355 - DEBUG - Already followed user: hwg-p. Skipping.
2026-09-06 01:51:20,355 - DEBUG - Already followed user: BERDLYY. Skipping.
2026-09-06 01:51:20,355 - DEBUG - Already followed user: chenE5M2. Skipping.
2026-09-06 01:51:20,355 - DEBUG - Already followed user: IvanDevMars. Skipping.
2026-09-06 01:51:20,486 - INFO - Rate Limit - Remaining: 5000, Reset at: 2026-09-06 02:51:20
2026-09-06 01:51:20,487 - INFO - Fetching followers from: https://api.github.com/users/aelmizeb/followers?per_page=100&page=5
2026-09-06 01:51:20,637 - DEBUG - Number of followers fetched: 27
2026-09-06 01:51:20,637 - INFO - Fetched 27 followers on page 5.
2026-09-06 01:51:20,637 - INFO - Sleeping for 5 seconds before following users.
2026-09-06 01:51:25,642 - DEBUG - Already followed user: El-Tousy. Skipping.
2026-09-06 01:51:25,642 - DEBUG - Already followed user: art-in-alizade. Skipping.
2026-09-06 01:51:25,642 - DEBUG - Already followed user: illusive7ai. Skipping.
2026-09-06 01:51:25,642 - DEBUG - Already followed user: UnicornMorty. Skipping.
2026-09-06 01:51:25,642 - DEBUG - Already followed user: vibecodinguy. Skipping.
2026-09-06 01:51:25,642 - DEBUG - Already followed user: WElRD0. Skipping.
2026-09-06 01:51:25,642 - DEBUG - Already followed user: sugarburn. Skipping.
2026-09-06 01:51:25,642 - DEBUG - Already followed user: Espotmx. Skipping.
2026-09-06 01:51:25,642 - DEBUG - Already followed user: MJ-ulia. Skipping.
2026-09-06 01:51:25,642 - DEBUG - Already followed user: DERB1F. Skipping.
2026-09-06 01:51:25,643 - DEBUG - Already followed user: donaldmorry. Skipping.
2026-09-06 01:51:25,643 - DEBUG - Already followed user: EimanTahir027. Skipping.
2026-09-06 01:51:25,643 - DEBUG - Already followed user: kyal102. Skipping.
2026-09-06 01:51:25,643 - DEBUG - Already followed user: Belucking. Skipping.
2026-09-06 01:51:25,643 - DEBUG - Already followed user: holilayet. Skipping.
2026-09-06 01:51:25,643 - DEBUG - Already followed user: ByteBunny777. Skipping.
2026-09-06 01:51:25,643 - DEBUG - Already followed user: AngelofDarknessm. Skipping.
2026-09-06 01:51:25,643 - DEBUG - Already followed user: Ella-horizon. Skipping.
2026-09-06 01:51:25,643 - DEBUG - Already followed user: hassenbrahim. Skipping.
2026-09-06 01:51:25,643 - DEBUG - Already followed user: alberto4442. Skipping.
2026-09-06 01:51:25,643 - DEBUG - Already followed user: ancaferro. Skipping.
2026-09-06 01:51:25,643 - DEBUG - Already followed user: raviwijerathna1. Skipping.
2026-09-06 01:51:25,643 - DEBUG - Already followed user: ClaerDev. Skipping.
2026-09-06 01:51:25,643 - DEBUG - Already followed user: TOPDEV99999. Skipping.
2026-09-06 01:51:25,643 - DEBUG - Already followed user: takahashikushina0223. Skipping.
2026-09-06 01:51:25,643 - DEBUG - Already followed user: cchongming. Skipping.
2026-09-06 01:51:25,643 - DEBUG - Already followed user: evvenoly. Skipping.
2026-09-06 01:51:25,810 - INFO - Rate Limit - Remaining: 5000, Reset at: 2026-09-06 02:51:25
2026-09-06 01:51:25,812 - INFO - Fetching followers from: https://api.github.com/users/aelmizeb/followers?per_page=100&page=6
2026-09-06 01:51:25,960 - DEBUG - Number of followers fetched: 0
2026-09-06 01:51:25,960 - INFO - No more followers to process. Exiting.
2026-09-06 01:51:25,960 - INFO - Follower counter updated: 995
2026-09-06 01:51:25,960 - INFO - 
Following users from your follower list is done! Total followers fetched: 427, Total followers followed: 995
2026-09-07 01:47:42,189 - INFO - Hi! I am GitHub Follower Bot.
2026-09-07 01:47:42,189 - INFO - Letting you follow all your followers!
2026-09-07 01:47:42,189 - INFO - Starting to fetch your follower lists...

2026-09-07 01:47:42,190 - INFO - Loaded 995 already followed users.
2026-09-07 01:47:42,190 - INFO - Processing all followers without resume.
2026-09-07 01:47:42,190 - INFO - Starting from page: 1
2026-09-07 01:47:42,190 - INFO - Current follower counter: 995
2026-09-07 01:47:42,439 - INFO - Rate Limit - Remaining: 5000, Reset at: 2026-09-07 02:47:42
2026-09-07 01:47:42,440 - INFO - Fetching followers from: https://api.github.com/users/aelmizeb/followers?per_page=100&page=1
2026-09-07 01:47:42,631 - DEBUG - Number of followers fetched: 100
2026-09-07 01:47:42,631 - INFO - Fetched 100 followers on page 1.
2026-09-07 01:47:42,631 - INFO - Sleeping for 5 seconds before following users.
2026-09-07 01:47:47,636 - DEBUG - Already followed user: levonk. Skipping.
2026-09-07 01:47:47,636 - DEBUG - Already followed user: peterruler. Skipping.
2026-09-07 01:47:47,637 - DEBUG - Already followed user: slavaGanzin. Skipping.
2026-09-07 01:47:47,637 - DEBUG - Already followed user: kenjinote. Skipping.
2026-09-07 01:47:47,637 - DEBUG - Already followed user: tech4xstar. Skipping.
2026-09-07 01:47:47,637 - DEBUG - Already followed user: sarkarshuvojit. Skipping.
2026-09-07 01:47:47,637 - DEBUG - Already followed user: unhappychoice. Skipping.
2026-09-07 01:47:47,637 - DEBUG - Already followed user: luckchain777. Skipping.
2026-09-07 01:47:47,637 - DEBUG - Already followed user: jorithanx. Skipping.
2026-09-07 01:47:47,637 - DEBUG - Already followed user: whiteplaine. Skipping.
2026-09-07 01:47:47,637 - DEBUG - Already followed user: gamemann. Skipping.
2026-09-07 01:47:47,637 - DEBUG - Already followed user: riseansmal. Skipping.
2026-09-07 01:47:47,637 - DEBUG - Already followed user: manman4. Skipping.
2026-09-07 01:47:47,637 - DEBUG - Already followed user: KylerCondran. Skipping.
2026-09-07 01:47:47,637 - DEBUG - Already followed user: ZhuChenn. Skipping.
2026-09-07 01:47:47,637 - DEBUG - Already followed user: Elbagoury. Skipping.
2026-09-07 01:47:47,637 - DEBUG - Already followed user: murapadev. Skipping.
2026-09-07 01:47:47,637 - DEBUG - Already followed user: tetref. Skipping.
2026-09-07 01:47:47,637 - DEBUG - Already followed user: Hantan1080. Skipping.
2026-09-07 01:47:47,637 - DEBUG - Already followed user: OliviaBennQ. Skipping.
2026-09-07 01:47:47,637 - DEBUG - Already followed user: budaivisita. Skipping.
2026-09-07 01:47:47,637 - DEBUG - Already followed user: ledgerhubteam. Skipping.
2026-09-07 01:47:47,637 - DEBUG - Already followed user: CelaDaniel. Skipping.
2026-09-07 01:47:47,637 - DEBUG - Already followed user: ThomasHWeb. Skipping.
2026-09-07 01:47:47,637 - DEBUG - Already followed user: paaak. Skipping.
2026-09-07 01:47:47,637 - DEBUG - Already followed user: hitman0290. Skipping.
2026-09-07 01:47:47,637 - DEBUG - Already followed user: jokeyhter. Skipping.
2026-09-07 01:47:47,637 - DEBUG - Already followed user: dbunt1tled. Skipping.
2026-09-07 01:47:47,637 - DEBUG - Already followed user: medmek. Skipping.
2026-09-07 01:47:47,637 - DEBUG - Already followed user: Hajjouz. Skipping.
2026-09-07 01:47:47,637 - DEBUG - Already followed user: IDouble. Skipping.
2026-09-07 01:47:47,638 - DEBUG - Already followed user: Jeesson. Skipping.
2026-09-07 01:47:47,638 - DEBUG - Already followed user: ZainJavaid. Skipping.
2026-09-07 01:47:47,638 - INFO - Attempting to follow user: dioptx
2026-09-07 01:47:48,006 - INFO - Successfully followed user: dioptx
2026-09-07 01:47:48,007 - DEBUG - Appended user dioptx to followers.txt.
2026-09-07 01:47:48,008 - INFO - Follower counter updated: 996
2026-09-07 01:47:48,008 - INFO - Sleeping for 13.94 seconds before the next follow.
2026-09-07 01:48:01,961 - DEBUG - Already followed user: DanHouseman. Skipping.
2026-09-07 01:48:01,961 - DEBUG - Already followed user: forgerondev. Skipping.
2026-09-07 01:48:01,961 - DEBUG - Already followed user: djvelimir. Skipping.
2026-09-07 01:48:01,961 - DEBUG - Already followed user: guevaraStian. Skipping.
2026-09-07 01:48:01,961 - DEBUG - Already followed user: cambot86. Skipping.
2026-09-07 01:48:01,961 - DEBUG - Already followed user: mollyroger. Skipping.
2026-09-07 01:48:01,961 - DEBUG - Already followed user: visualGravitySense. Skipping.
2026-09-07 01:48:01,961 - DEBUG - Already followed user: HexCore8. Skipping.
2026-09-07 01:48:01,961 - DEBUG - Already followed user: jelspace. Skipping.
2026-09-07 01:48:01,961 - DEBUG - Already followed user: Sanghyun-0h. Skipping.
2026-09-07 01:48:01,961 - DEBUG - Already followed user: dweatherston11. Skipping.
2026-09-07 01:48:01,961 - DEBUG - Already followed user: weiquan98. Skipping.
2026-09-07 01:48:01,961 - DEBUG - Already followed user: furendyna. Skipping.
2026-09-07 01:48:01,961 - DEBUG - Already followed user: furkan012. Skipping.
2026-09-07 01:48:01,962 - DEBUG - Already followed user: KostasSliazas. Skipping.
2026-09-07 01:48:01,962 - DEBUG - Already followed user: hxreborn. Skipping.
2026-09-07 01:48:01,962 - DEBUG - Already followed user: hazexone. Skipping.
2026-09-07 01:48:01,962 - DEBUG - Already followed user: ardaltunel. Skipping.
2026-09-07 01:48:01,962 - DEBUG - Already followed user: domcomit. Skipping.
2026-09-07 01:48:01,962 - DEBUG - Already followed user: boomray. Skipping.
2026-09-07 01:48:01,962 - DEBUG - Already followed user: rob0pup. Skipping.
2026-09-07 01:48:01,962 - DEBUG - Already followed user: IshmamAbir. Skipping.
2026-09-07 01:48:01,962 - DEBUG - Already followed user: designAsign. Skipping.
2026-09-07 01:48:01,962 - DEBUG - Already followed user: ai-28. Skipping.
2026-09-07 01:48:01,962 - DEBUG - Already followed user: Connor9994. Skipping.
2026-09-07 01:48:01,962 - DEBUG - Already followed user: domx4q. Skipping.
2026-09-07 01:48:01,962 - DEBUG - Already followed user: Devify-Co. Skipping.
2026-09-07 01:48:01,962 - DEBUG - Already followed user: arcoflord. Skipping.
2026-09-07 01:48:01,962 - DEBUG - Already followed user: jackciw. Skipping.
2026-09-07 01:48:01,962 - DEBUG - Already followed user: 4F71. Skipping.
2026-09-07 01:48:01,962 - DEBUG - Already followed user: standardgalactic. Skipping.
2026-09-07 01:48:01,962 - DEBUG - Already followed user: sandibrrm. Skipping.
2026-09-07 01:48:01,962 - DEBUG - Already followed user: AchrafReyani. Skipping.
2026-09-07 01:48:01,962 - DEBUG - Already followed user: jaderytm. Skipping.
2026-09-07 01:48:01,962 - DEBUG - Already followed user: nstrmx. Skipping.
2026-09-07 01:48:01,962 - DEBUG - Already followed user: RaccoonFacts. Skipping.
2026-09-07 01:48:01,962 - DEBUG - Already followed user: Kos-M. Skipping.
2026-09-07 01:48:01,962 - DEBUG - Already followed user: jfullstackdev. Skipping.
2026-09-07 01:48:01,962 - DEBUG - Already followed user: iVGeek. Skipping.
2026-09-07 01:48:01,962 - DEBUG - Already followed user: th3noryx. Skipping.
2026-09-07 01:48:01,962 - DEBUG - Already followed user: Unizuka22. Skipping.
2026-09-07 01:48:01,962 - DEBUG - Already followed user: vasilirigels. Skipping.
2026-09-07 01:48:01,962 - DEBUG - Already followed user: cristinagberta. Skipping.
2026-09-07 01:48:01,962 - DEBUG - Already followed user: alexanderbergerhd. Skipping.
2026-09-07 01:48:01,962 - DEBUG - Already followed user: mohammadnabia. Skipping.
2026-09-07 01:48:01,962 - DEBUG - Already followed user: itsbagsy. Skipping.
2026-09-07 01:48:01,962 - DEBUG - Already followed user: dmitryravilov. Skipping.
2026-09-07 01:48:01,962 - DEBUG - Already followed user: szenled. Skipping.
2026-09-07 01:48:01,962 - DEBUG - Already followed user: Mindlyss. Skipping.
2026-09-07 01:48:01,963 - DEBUG - Already followed user: cerenyilmazjinx. Skipping.
2026-09-07 01:48:01,963 - DEBUG - Already followed user: BEPb. Skipping.
2026-09-07 01:48:01,963 - DEBUG - Already followed user: galaxyb-dark. Skipping.
2026-09-07 01:48:01,963 - DEBUG - Already followed user: HafidIdrissi. Skipping.
2026-09-07 01:48:01,963 - DEBUG - Already followed user: oluiscabral. Skipping.
2026-09-07 01:48:01,963 - DEBUG - Already followed user: cryptoAur4x. Skipping.
2026-09-07 01:48:01,963 - DEBUG - Already followed user: emilycodestar. Skipping.
2026-09-07 01:48:01,963 - DEBUG - Already followed user: giewan. Skipping.
2026-09-07 01:48:01,963 - DEBUG - Already followed user: ivasik-k7. Skipping.
2026-09-07 01:48:01,963 - DEBUG - Already followed user: sakuyaloli. Skipping.
2026-09-07 01:48:01,963 - DEBUG - Already followed user: aantoooon. Skipping.
2026-09-07 01:48:01,963 - DEBUG - Already followed user: NeoZorK. Skipping.
2026-09-07 01:48:01,963 - DEBUG - Already followed user: albonidrizi. Skipping.
2026-09-07 01:48:01,963 - DEBUG - Already followed user: Arul1998. Skipping.
2026-09-07 01:48:01,963 - DEBUG - Already followed user: hajigur69. Skipping.
2026-09-07 01:48:01,963 - DEBUG - Already followed user: trajanOx. Skipping.
2026-09-07 01:48:01,963 - DEBUG - Already followed user: VictoriaCabirta. Skipping.
2026-09-07 01:48:02,194 - INFO - Rate Limit - Remaining: 5000, Reset at: 2026-09-07 02:48:02
2026-09-07 01:48:02,195 - INFO - Fetching followers from: https://api.github.com/users/aelmizeb/followers?per_page=100&page=2
2026-09-07 01:48:02,448 - DEBUG - Number of followers fetched: 100
2026-09-07 01:48:02,448 - INFO - Fetched 100 followers on page 2.
2026-09-07 01:48:02,448 - INFO - Sleeping for 5 seconds before following users.
2026-09-07 01:48:07,454 - DEBUG - Already followed user: CHUNG-HAO. Skipping.
2026-09-07 01:48:07,454 - DEBUG - Already followed user: loreius. Skipping.
2026-09-07 01:48:07,454 - DEBUG - Already followed user: Supremenottee. Skipping.
2026-09-07 01:48:07,454 - DEBUG - Already followed user: mainstar123. Skipping.
2026-09-07 01:48:07,454 - DEBUG - Already followed user: JohnMwendwa. Skipping.
2026-09-07 01:48:07,454 - DEBUG - Already followed user: Geek-Cheth. Skipping.
2026-09-07 01:48:07,454 - DEBUG - Already followed user: AhmadJeddi. Skipping.
2026-09-07 01:48:07,454 - DEBUG - Already followed user: OftenUser. Skipping.
2026-09-07 01:48:07,454 - DEBUG - Already followed user: mohammadhasanii. Skipping.
2026-09-07 01:48:07,454 - DEBUG - Already followed user: haochezh. Skipping.
2026-09-07 01:48:07,454 - DEBUG - Already followed user: mbitujames. Skipping.
2026-09-07 01:48:07,454 - DEBUG - Already followed user: Nisyalz01. Skipping.
2026-09-07 01:48:07,454 - DEBUG - Already followed user: MaitreyeeDhar. Skipping.
2026-09-07 01:48:07,454 - DEBUG - Already followed user: nelokusa. Skipping.
2026-09-07 01:48:07,454 - DEBUG - Already followed user: r97221004. Skipping.
2026-09-07 01:48:07,454 - DEBUG - Already followed user: Carrington-dev. Skipping.
2026-09-07 01:48:07,454 - DEBUG - Already followed user: pinhe91. Skipping.
2026-09-07 01:48:07,454 - DEBUG - Already followed user: minseochoj. Skipping.
2026-09-07 01:48:07,455 - DEBUG - Already followed user: thisalireza. Skipping.
2026-09-07 01:48:07,455 - DEBUG - Already followed user: BhuvanAde. Skipping.
2026-09-07 01:48:07,455 - DEBUG - Already followed user: KerollosMagdy. Skipping.
2026-09-07 01:48:07,455 - DEBUG - Already followed user: Jamkris. Skipping.
2026-09-07 01:48:07,455 - DEBUG - Already followed user: steph3nm. Skipping.
2026-09-07 01:48:07,455 - DEBUG - Already followed user: arch-yunus. Skipping.
2026-09-07 01:48:07,455 - DEBUG - Already followed user: Jailtonfonseca. Skipping.
2026-09-07 01:48:07,455 - DEBUG - Already followed user: lxRbckl. Skipping.
2026-09-07 01:48:07,455 - DEBUG - Already followed user: jamesgeodi. Skipping.
2026-09-07 01:48:07,455 - DEBUG - Already followed user: olienath. Skipping.
2026-09-07 01:48:07,455 - DEBUG - Already followed user: xrpcommunity. Skipping.
2026-09-07 01:48:07,455 - DEBUG - Already followed user: jolliesol. Skipping.
2026-09-07 01:48:07,455 - DEBUG - Already followed user: xnovaxdev. Skipping.
2026-09-07 01:48:07,455 - DEBUG - Already followed user: filzehoka. Skipping.
2026-09-07 01:48:07,455 - DEBUG - Already followed user: Wenyveo. Skipping.
2026-09-07 01:48:07,455 - DEBUG - Already followed user: jennifertieuu. Skipping.
2026-09-07 01:48:07,455 - DEBUG - Already followed user: Hstkj23. Skipping.
2026-09-07 01:48:07,455 - DEBUG - Already followed user: emilybarru. Skipping.
2026-09-07 01:48:07,455 - DEBUG - Already followed user: NazmusSayad. Skipping.
2026-09-07 01:48:07,455 - DEBUG - Already followed user: Liuboshenko. Skipping.
2026-09-07 01:48:07,455 - DEBUG - Already followed user: lgomesappj. Skipping.
2026-09-07 01:48:07,455 - DEBUG - Already followed user: irenascent. Skipping.
2026-09-07 01:48:07,455 - DEBUG - Already followed user: Berserk-hub150. Skipping.
2026-09-07 01:48:07,455 - DEBUG - Already followed user: mariwatts. Skipping.
2026-09-07 01:48:07,455 - DEBUG - Already followed user: Davidevlops. Skipping.
2026-09-07 01:48:07,455 - DEBUG - Already followed user: ezozu. Skipping.
2026-09-07 01:48:07,455 - DEBUG - Already followed user: OHANA-WEB. Skipping.
2026-09-07 01:48:07,455 - DEBUG - Already followed user: BamdadTabari. Skipping.
2026-09-07 01:48:07,455 - DEBUG - Already followed user: vinamega. Skipping.
2026-09-07 01:48:07,455 - DEBUG - Already followed user: cgrundman. Skipping.
2026-09-07 01:48:07,455 - DEBUG - Already followed user: zkcryptweb. Skipping.
2026-09-07 01:48:07,455 - DEBUG - Already followed user: eldarlrd. Skipping.
2026-09-07 01:48:07,455 - DEBUG - Already followed user: bashichda. Skipping.
2026-09-07 01:48:07,455 - DEBUG - Already followed user: ludo53. Skipping.
2026-09-07 01:48:07,455 - DEBUG - Already followed user: heinodendal. Skipping.
2026-09-07 01:48:07,455 - DEBUG - Already followed user: linuxtusX5. Skipping.
2026-09-07 01:48:07,456 - DEBUG - Already followed user: CarAuto34. Skipping.
2026-09-07 01:48:07,456 - DEBUG - Already followed user: elifirinci. Skipping.
2026-09-07 01:48:07,456 - DEBUG - Already followed user: sabbir-noyon. Skipping.
2026-09-07 01:48:07,456 - DEBUG - Already followed user: Nima-Mollaei. Skipping.
2026-09-07 01:48:07,456 - DEBUG - Already followed user: apurva313. Skipping.
2026-09-07 01:48:07,456 - DEBUG - Already followed user: kyiroywops. Skipping.
2026-09-07 01:48:07,456 - DEBUG - Already followed user: m-bwela. Skipping.
2026-09-07 01:48:07,456 - DEBUG - Already followed user: NachoOFC. Skipping.
2026-09-07 01:48:07,456 - DEBUG - Already followed user: CrisLottz. Skipping.
2026-09-07 01:48:07,456 - DEBUG - Already followed user: MrMDrX. Skipping.
2026-09-07 01:48:07,456 - DEBUG - Already followed user: nimakian. Skipping.
2026-09-07 01:48:07,456 - DEBUG - Already followed user: iamapuneet. Skipping.
2026-09-07 01:48:07,456 - DEBUG - Already followed user: iktiarnazib. Skipping.
2026-09-07 01:48:07,456 - DEBUG - Already followed user: Daxxtropezz. Skipping.
2026-09-07 01:48:07,456 - DEBUG - Already followed user: joaocarpim. Skipping.
2026-09-07 01:48:07,456 - DEBUG - Already followed user: 0xmurtimus. Skipping.
2026-09-07 01:48:07,456 - DEBUG - Already followed user: U1000000000000. Skipping.
2026-09-07 01:48:07,456 - DEBUG - Already followed user: shahriar0999. Skipping.
2026-09-07 01:48:07,456 - DEBUG - Already followed user: souvikrana17. Skipping.
2026-09-07 01:48:07,456 - DEBUG - Already followed user: AhmedDabish. Skipping.
2026-09-07 01:48:07,456 - DEBUG - Already followed user: DIMFLIX. Skipping.
2026-09-07 01:48:07,456 - DEBUG - Already followed user: 1526422010. Skipping.
2026-09-07 01:48:07,456 - DEBUG - Already followed user: EminHaziyev. Skipping.
2026-09-07 01:48:07,456 - DEBUG - Already followed user: VarshuAi. Skipping.
2026-09-07 01:48:07,456 - DEBUG - Already followed user: CelaFlori. Skipping.
2026-09-07 01:48:07,456 - DEBUG - Already followed user: 0xspryo. Skipping.
2026-09-07 01:48:07,456 - DEBUG - Already followed user: laurindoisaac. Skipping.
2026-09-07 01:48:07,456 - DEBUG - Already followed user: Motaman-M. Skipping.
2026-09-07 01:48:07,456 - DEBUG - Already followed user: Seif-01. Skipping.
2026-09-07 01:48:07,456 - DEBUG - Already followed user: motanelson. Skipping.
2026-09-07 01:48:07,456 - DEBUG - Already followed user: cepseu1. Skipping.
2026-09-07 01:48:07,456 - DEBUG - Already followed user: bolola777. Skipping.
2026-09-07 01:48:07,456 - DEBUG - Already followed user: vardan444. Skipping.
2026-09-07 01:48:07,456 - DEBUG - Already followed user: rahuloraj. Skipping.
2026-09-07 01:48:07,456 - DEBUG - Already followed user: knmlabs. Skipping.
2026-09-07 01:48:07,456 - DEBUG - Already followed user: Mubashir12392. Skipping.
2026-09-07 01:48:07,456 - DEBUG - Already followed user: jeallz. Skipping.
2026-09-07 01:48:07,456 - DEBUG - Already followed user: Arman-pons. Skipping.
2026-09-07 01:48:07,457 - DEBUG - Already followed user: reignsi. Skipping.
2026-09-07 01:48:07,457 - DEBUG - Already followed user: christosantono. Skipping.
2026-09-07 01:48:07,457 - DEBUG - Already followed user: Nai64. Skipping.
2026-09-07 01:48:07,457 - DEBUG - Already followed user: K1rsN7. Skipping.
2026-09-07 01:48:07,457 - DEBUG - Already followed user: MatthewMacri. Skipping.
2026-09-07 01:48:07,457 - DEBUG - Already followed user: whitakeroliver. Skipping.
2026-09-07 01:48:07,457 - DEBUG - Already followed user: S4IL21. Skipping.
2026-09-07 01:48:07,457 - DEBUG - Already followed user: filipzekovich. Skipping.
2026-09-07 01:48:07,669 - INFO - Rate Limit - Remaining: 5000, Reset at: 2026-09-07 02:48:07
2026-09-07 01:48:07,670 - INFO - Fetching followers from: https://api.github.com/users/aelmizeb/followers?per_page=100&page=3
2026-09-07 01:48:07,941 - DEBUG - Number of followers fetched: 100
2026-09-07 01:48:07,941 - INFO - Fetched 100 followers on page 3.
2026-09-07 01:48:07,941 - INFO - Sleeping for 5 seconds before following users.
2026-09-07 01:48:12,947 - DEBUG - Already followed user: RafalW3bCraft. Skipping.
2026-09-07 01:48:12,947 - DEBUG - Already followed user: 7007259Ankur. Skipping.
2026-09-07 01:48:12,947 - DEBUG - Already followed user: amurrayeqc. Skipping.
2026-09-07 01:48:12,947 - DEBUG - Already followed user: Willysc10. Skipping.
2026-09-07 01:48:12,947 - DEBUG - Already followed user: rasidi3112. Skipping.
2026-09-07 01:48:12,947 - DEBUG - Already followed user: otaviossousa. Skipping.
2026-09-07 01:48:12,947 - DEBUG - Already followed user: taahabz. Skipping.
2026-09-07 01:48:12,947 - DEBUG - Already followed user: topdigitalplus. Skipping.
2026-09-07 01:48:12,947 - DEBUG - Already followed user: lilbodo123. Skipping.
2026-09-07 01:48:12,947 - DEBUG - Already followed user: super-phantom91. Skipping.
2026-09-07 01:48:12,947 - DEBUG - Already followed user: hyper-ayoub. Skipping.
2026-09-07 01:48:12,947 - DEBUG - Already followed user: DrParthaMajumder. Skipping.
2026-09-07 01:48:12,947 - DEBUG - Already followed user: sunjoe508. Skipping.
2026-09-07 01:48:12,947 - DEBUG - Already followed user: HalfFriedPotato. Skipping.
2026-09-07 01:48:12,947 - DEBUG - Already followed user: IamDevDan. Skipping.
2026-09-07 01:48:12,947 - DEBUG - Already followed user: Fellipemarcal. Skipping.
2026-09-07 01:48:12,948 - DEBUG - Already followed user: potentialdev-web. Skipping.
2026-09-07 01:48:12,948 - DEBUG - Already followed user: Laqrabti. Skipping.
2026-09-07 01:48:12,948 - DEBUG - Already followed user: masonliiu. Skipping.
2026-09-07 01:48:12,948 - DEBUG - Already followed user: deadlyandro. Skipping.
2026-09-07 01:48:12,948 - DEBUG - Already followed user: AhmadTigress. Skipping.
2026-09-07 01:48:12,948 - DEBUG - Already followed user: Maher-Elmair. Skipping.
2026-09-07 01:48:12,948 - DEBUG - Already followed user: harutosati. Skipping.
2026-09-07 01:48:12,948 - DEBUG - Already followed user: B2Kumar03. Skipping.
2026-09-07 01:48:12,948 - DEBUG - Already followed user: AbdulRehman393. Skipping.
2026-09-07 01:48:12,948 - DEBUG - Already followed user: vijayshikhare. Skipping.
2026-09-07 01:48:12,948 - DEBUG - Already followed user: nuraisi. Skipping.
2026-09-07 01:48:12,948 - DEBUG - Already followed user: aertsimon90. Skipping.
2026-09-07 01:48:12,948 - DEBUG - Already followed user: Bifenzine. Skipping.
2026-09-07 01:48:12,948 - DEBUG - Already followed user: Chainsmoker23. Skipping.
2026-09-07 01:48:12,948 - DEBUG - Already followed user: 3nesdeniz. Skipping.
2026-09-07 01:48:12,948 - DEBUG - Already followed user: vegata099. Skipping.
2026-09-07 01:48:12,948 - DEBUG - Already followed user: marichu-kt. Skipping.
2026-09-07 01:48:12,948 - DEBUG - Already followed user: ikramagix. Skipping.
2026-09-07 01:48:12,948 - DEBUG - Already followed user: yutomiwana. Skipping.
2026-09-07 01:48:12,948 - DEBUG - Already followed user: gaqx. Skipping.
2026-09-07 01:48:12,948 - DEBUG - Already followed user: AnonimusShamshiAlex. Skipping.
2026-09-07 01:48:12,948 - DEBUG - Already followed user: goShell3. Skipping.
2026-09-07 01:48:12,948 - DEBUG - Already followed user: bencheayoub. Skipping.
2026-09-07 01:48:12,948 - DEBUG - Already followed user: juicetreacly. Skipping.
2026-09-07 01:48:12,948 - DEBUG - Already followed user: Babarali2k21. Skipping.
2026-09-07 01:48:12,948 - DEBUG - Already followed user: a-partovii. Skipping.
2026-09-07 01:48:12,948 - DEBUG - Already followed user: SalehAkramSifat. Skipping.
2026-09-07 01:48:12,948 - DEBUG - Already followed user: martian56. Skipping.
2026-09-07 01:48:12,948 - DEBUG - Already followed user: mengnankkkk. Skipping.
2026-09-07 01:48:12,948 - DEBUG - Already followed user: lec320fd90d. Skipping.
2026-09-07 01:48:12,948 - DEBUG - Already followed user: nahladzulula. Skipping.
2026-09-07 01:48:12,948 - DEBUG - Already followed user: AImaniadev. Skipping.
2026-09-07 01:48:12,948 - DEBUG - Already followed user: LakhiniVoshadee. Skipping.
2026-09-07 01:48:12,949 - DEBUG - Already followed user: cfrBernard. Skipping.
2026-09-07 01:48:12,949 - DEBUG - Already followed user: rexblade58. Skipping.
2026-09-07 01:48:12,949 - DEBUG - Already followed user: amad3i. Skipping.
2026-09-07 01:48:12,949 - DEBUG - Already followed user: Arison99. Skipping.
2026-09-07 01:48:12,949 - DEBUG - Already followed user: abdulrhmansalama. Skipping.
2026-09-07 01:48:12,949 - DEBUG - Already followed user: AbSomeone. Skipping.
2026-09-07 01:48:12,949 - DEBUG - Already followed user: nam-htran. Skipping.
2026-09-07 01:48:12,949 - DEBUG - Already followed user: GitHub7667. Skipping.
2026-09-07 01:48:12,949 - DEBUG - Already followed user: DevNinja08. Skipping.
2026-09-07 01:48:12,949 - DEBUG - Already followed user: dovvnloading. Skipping.
2026-09-07 01:48:12,949 - DEBUG - Already followed user: Ali-hey-0. Skipping.
2026-09-07 01:48:12,949 - DEBUG - Already followed user: talrejasahil4994. Skipping.
2026-09-07 01:48:12,949 - DEBUG - Already followed user: hellen-ansah. Skipping.
2026-09-07 01:48:12,949 - DEBUG - Already followed user: kiranShamsHere. Skipping.
2026-09-07 01:48:12,949 - DEBUG - Already followed user: Iankulani. Skipping.
2026-09-07 01:48:12,949 - DEBUG - Already followed user: VIDAKHOSHPEY22. Skipping.
2026-09-07 01:48:12,949 - DEBUG - Already followed user: BhagwaniVishi. Skipping.
2026-09-07 01:48:12,949 - DEBUG - Already followed user: aridepai17. Skipping.
2026-09-07 01:48:12,949 - DEBUG - Already followed user: 0Darkn. Skipping.
2026-09-07 01:48:12,949 - DEBUG - Already followed user: ShRP69. Skipping.
2026-09-07 01:48:12,949 - DEBUG - Already followed user: KayanShah. Skipping.
2026-09-07 01:48:12,949 - DEBUG - Already followed user: iousuz. Skipping.
2026-09-07 01:48:12,949 - DEBUG - Already followed user: Md-Mubin. Skipping.
2026-09-07 01:48:12,949 - DEBUG - Already followed user: lxl0825. Skipping.
2026-09-07 01:48:12,949 - DEBUG - Already followed user: abressiddique. Skipping.
2026-09-07 01:48:12,949 - DEBUG - Already followed user: 0xAdafang. Skipping.
2026-09-07 01:48:12,949 - DEBUG - Already followed user: jkdevcode. Skipping.
2026-09-07 01:48:12,949 - DEBUG - Already followed user: JawherKl. Skipping.
2026-09-07 01:48:12,949 - DEBUG - Already followed user: pwnedroot. Skipping.
2026-09-07 01:48:12,949 - DEBUG - Already followed user: DaviBaum. Skipping.
2026-09-07 01:48:12,949 - DEBUG - Already followed user: Nour-yahyaoui. Skipping.
2026-09-07 01:48:12,949 - DEBUG - Already followed user: thornebaker. Skipping.
2026-09-07 01:48:12,949 - DEBUG - Already followed user: rioryugen. Skipping.
2026-09-07 01:48:12,949 - DEBUG - Already followed user: nikhilpatidar01. Skipping.
2026-09-07 01:48:12,949 - DEBUG - Already followed user: codeXdanyal. Skipping.
2026-09-07 01:48:12,949 - DEBUG - Already followed user: gambling-addict. Skipping.
2026-09-07 01:48:12,950 - DEBUG - Already followed user: novagad. Skipping.
2026-09-07 01:48:12,950 - DEBUG - Already followed user: chojuninengu. Skipping.
2026-09-07 01:48:12,950 - DEBUG - Already followed user: JOELNATHAN544. Skipping.
2026-09-07 01:48:12,950 - DEBUG - Already followed user: Senthil455. Skipping.
2026-09-07 01:48:12,950 - DEBUG - Already followed user: pouryaPKGit. Skipping.
2026-09-07 01:48:12,950 - DEBUG - Already followed user: mwakidenis. Skipping.
2026-09-07 01:48:12,950 - DEBUG - Already followed user: daniel149afonso. Skipping.
2026-09-07 01:48:12,950 - DEBUG - Already followed user: MatheusRuivo365. Skipping.
2026-09-07 01:48:12,950 - DEBUG - Already followed user: grimwaIker. Skipping.
2026-09-07 01:48:12,950 - DEBUG - Already followed user: vsrupeshkumar. Skipping.
2026-09-07 01:48:12,950 - DEBUG - Already followed user: landry-some. Skipping.
2026-09-07 01:48:12,950 - DEBUG - Already followed user: madhavgadge01. Skipping.
2026-09-07 01:48:12,950 - DEBUG - Already followed user: panyster. Skipping.
2026-09-07 01:48:12,950 - DEBUG - Already followed user: MdShawonForazi. Skipping.
2026-09-07 01:48:12,950 - DEBUG - Already followed user: Muhammad-qureshi1. Skipping.
2026-09-07 01:48:13,216 - INFO - Rate Limit - Remaining: 5000, Reset at: 2026-09-07 02:48:13
2026-09-07 01:48:13,217 - INFO - Fetching followers from: https://api.github.com/users/aelmizeb/followers?per_page=100&page=4
2026-09-07 01:48:13,462 - DEBUG - Number of followers fetched: 100
2026-09-07 01:48:13,462 - INFO - Fetched 100 followers on page 4.
2026-09-07 01:48:13,462 - INFO - Sleeping for 5 seconds before following users.
2026-09-07 01:48:18,464 - DEBUG - Already followed user: destroy-boys. Skipping.
2026-09-07 01:48:18,465 - DEBUG - Already followed user: byxbe. Skipping.
2026-09-07 01:48:18,465 - DEBUG - Already followed user: vimal0156. Skipping.
2026-09-07 01:48:18,465 - DEBUG - Already followed user: syedbilalalam1. Skipping.
2026-09-07 01:48:18,465 - DEBUG - Already followed user: COUNTRY-HUMANS. Skipping.
2026-09-07 01:48:18,465 - DEBUG - Already followed user: Ayokanmi-Adejola. Skipping.
2026-09-07 01:48:18,465 - DEBUG - Already followed user: irenerodriguezrod. Skipping.
2026-09-07 01:48:18,465 - DEBUG - Already followed user: ngsnethawarya. Skipping.
2026-09-07 01:48:18,465 - DEBUG - Already followed user: mahimarawat0707. Skipping.
2026-09-07 01:48:18,465 - DEBUG - Already followed user: MuratKomurcu1. Skipping.
2026-09-07 01:48:18,465 - DEBUG - Already followed user: DARKANGEL689. Skipping.
2026-09-07 01:48:18,465 - DEBUG - Already followed user: buildcompanytogether. Skipping.
2026-09-07 01:48:18,465 - DEBUG - Already followed user: techspire0924. Skipping.
2026-09-07 01:48:18,465 - DEBUG - Already followed user: TechLeon001. Skipping.
2026-09-07 01:48:18,465 - DEBUG - Already followed user: sonle-dev. Skipping.
2026-09-07 01:48:18,465 - DEBUG - Already followed user: yonana-sahile. Skipping.
2026-09-07 01:48:18,465 - DEBUG - Already followed user: howls-moving-castle. Skipping.
2026-09-07 01:48:18,465 - DEBUG - Already followed user: lovehiccup. Skipping.
2026-09-07 01:48:18,465 - DEBUG - Already followed user: techEdge3030. Skipping.
2026-09-07 01:48:18,465 - DEBUG - Already followed user: webxos. Skipping.
2026-09-07 01:48:18,465 - DEBUG - Already followed user: developernayeemx. Skipping.
2026-09-07 01:48:18,465 - DEBUG - Already followed user: drydenmitchell. Skipping.
2026-09-07 01:48:18,465 - DEBUG - Already followed user: eatsky1006. Skipping.
2026-09-07 01:48:18,465 - DEBUG - Already followed user: frangelbarrera. Skipping.
2026-09-07 01:48:18,466 - DEBUG - Already followed user: 156afl. Skipping.
2026-09-07 01:48:18,466 - DEBUG - Already followed user: guten-tag-100. Skipping.
2026-09-07 01:48:18,466 - DEBUG - Already followed user: retrobullseye. Skipping.
2026-09-07 01:48:18,466 - DEBUG - Already followed user: nelbeu. Skipping.
2026-09-07 01:48:18,466 - DEBUG - Already followed user: ZPIIDR. Skipping.
2026-09-07 01:48:18,466 - DEBUG - Already followed user: floriant3. Skipping.
2026-09-07 01:48:18,466 - DEBUG - Already followed user: amazing-soft-dev. Skipping.
2026-09-07 01:48:18,466 - DEBUG - Already followed user: Quoriss. Skipping.
2026-09-07 01:48:18,466 - DEBUG - Already followed user: xcontcom. Skipping.
2026-09-07 01:48:18,466 - DEBUG - Already followed user: SparkNews00000. Skipping.
2026-09-07 01:48:18,466 - DEBUG - Already followed user: Lyne6666. Skipping.
2026-09-07 01:48:18,466 - DEBUG - Already followed user: nafiul-afk. Skipping.
2026-09-07 01:48:18,466 - DEBUG - Already followed user: ShiningRocket. Skipping.
2026-09-07 01:48:18,466 - DEBUG - Already followed user: Noori-Senior. Skipping.
2026-09-07 01:48:18,466 - DEBUG - Already followed user: AnjaliPatel301. Skipping.
2026-09-07 01:48:18,466 - DEBUG - Already followed user: Dev-Mania1988. Skipping.
2026-09-07 01:48:18,466 - DEBUG - Already followed user: BOYABOY999. Skipping.
2026-09-07 01:48:18,466 - DEBUG - Already followed user: NOUHABL. Skipping.
2026-09-07 01:48:18,466 - DEBUG - Already followed user: RamaAditya49. Skipping.
2026-09-07 01:48:18,466 - DEBUG - Already followed user: Seo-yeonLee. Skipping.
2026-09-07 01:48:18,466 - DEBUG - Already followed user: ChungusLord123. Skipping.
2026-09-07 01:48:18,466 - DEBUG - Already followed user: mohamadeydipour. Skipping.
2026-09-07 01:48:18,466 - DEBUG - Already followed user: constellation-infinity. Skipping.
2026-09-07 01:48:18,466 - DEBUG - Already followed user: rosem-coder. Skipping.
2026-09-07 01:48:18,466 - DEBUG - Already followed user: XO-Roham. Skipping.
2026-09-07 01:48:18,466 - DEBUG - Already followed user: kerryjanes. Skipping.
2026-09-07 01:48:18,466 - DEBUG - Already followed user: hyuntayo. Skipping.
2026-09-07 01:48:18,466 - DEBUG - Already followed user: wetmet. Skipping.
2026-09-07 01:48:18,466 - DEBUG - Already followed user: sezindartar. Skipping.
2026-09-07 01:48:18,466 - DEBUG - Already followed user: NovaNoodle7. Skipping.
2026-09-07 01:48:18,466 - DEBUG - Already followed user: annaveth. Skipping.
2026-09-07 01:48:18,466 - DEBUG - Already followed user: rexxdeev. Skipping.
2026-09-07 01:48:18,466 - DEBUG - Already followed user: cosmospice. Skipping.
2026-09-07 01:48:18,466 - DEBUG - Already followed user: lrepo52. Skipping.
2026-09-07 01:48:18,467 - DEBUG - Already followed user: uhsr. Skipping.
2026-09-07 01:48:18,467 - DEBUG - Already followed user: REIJISAKAMAKI. Skipping.
2026-09-07 01:48:18,467 - DEBUG - Already followed user: devnavodhimsara. Skipping.
2026-09-07 01:48:18,467 - DEBUG - Already followed user: muichirox. Skipping.
2026-09-07 01:48:18,467 - DEBUG - Already followed user: thehappydictator. Skipping.
2026-09-07 01:48:18,467 - DEBUG - Already followed user: JohnAxel04. Skipping.
2026-09-07 01:48:18,467 - DEBUG - Already followed user: laigit-dot. Skipping.
2026-09-07 01:48:18,467 - DEBUG - Already followed user: 1minds3t. Skipping.
2026-09-07 01:48:18,467 - DEBUG - Already followed user: 2nixx. Skipping.
2026-09-07 01:48:18,467 - DEBUG - Already followed user: Jones-6199. Skipping.
2026-09-07 01:48:18,467 - DEBUG - Already followed user: matchingduo. Skipping.
2026-09-07 01:48:18,467 - DEBUG - Already followed user: Mistrust12. Skipping.
2026-09-07 01:48:18,467 - DEBUG - Already followed user: runner28-code. Skipping.
2026-09-07 01:48:18,467 - DEBUG - Already followed user: kakaka-byte. Skipping.
2026-09-07 01:48:18,467 - DEBUG - Already followed user: alvrenkai. Skipping.
2026-09-07 01:48:18,467 - DEBUG - Already followed user: KabeloM13. Skipping.
2026-09-07 01:48:18,467 - DEBUG - Already followed user: HamiParsa. Skipping.
2026-09-07 01:48:18,467 - DEBUG - Already followed user: abdulrdeveloper. Skipping.
2026-09-07 01:48:18,467 - DEBUG - Already followed user: Lyche6666. Skipping.
2026-09-07 01:48:18,467 - DEBUG - Already followed user: sphinxzerd. Skipping.
2026-09-07 01:48:18,467 - DEBUG - Already followed user: siddhant3895. Skipping.
2026-09-07 01:48:18,467 - DEBUG - Already followed user: conexto. Skipping.
2026-09-07 01:48:18,467 - DEBUG - Already followed user: nikecodedev. Skipping.
2026-09-07 01:48:18,467 - DEBUG - Already followed user: anshull-rajput. Skipping.
2026-09-07 01:48:18,467 - DEBUG - Already followed user: ExCoder999. Skipping.
2026-09-07 01:48:18,467 - DEBUG - Already followed user: nykoco. Skipping.
2026-09-07 01:48:18,467 - DEBUG - Already followed user: zombietfk. Skipping.
2026-09-07 01:48:18,467 - DEBUG - Already followed user: Ashkan-P88. Skipping.
2026-09-07 01:48:18,467 - DEBUG - Already followed user: nexthireconnect. Skipping.
2026-09-07 01:48:18,467 - DEBUG - Already followed user: cyanile. Skipping.
2026-09-07 01:48:18,467 - DEBUG - Already followed user: REVOLV1NG. Skipping.
2026-09-07 01:48:18,467 - DEBUG - Already followed user: kakashl-hatake. Skipping.
2026-09-07 01:48:18,467 - DEBUG - Already followed user: martycorn. Skipping.
2026-09-07 01:48:18,467 - DEBUG - Already followed user: HysteriaWEB3. Skipping.
2026-09-07 01:48:18,467 - DEBUG - Already followed user: joebtceth. Skipping.
2026-09-07 01:48:18,467 - DEBUG - Already followed user: jojoamanie. Skipping.
2026-09-07 01:48:18,467 - DEBUG - Already followed user: MohibAhmadButt. Skipping.
2026-09-07 01:48:18,467 - DEBUG - Already followed user: 9Michael-Cooley. Skipping.
2026-09-07 01:48:18,468 - DEBUG - Already followed user: nargestohidloo. Skipping.
2026-09-07 01:48:18,468 - DEBUG - Already followed user: hwg-p. Skipping.
2026-09-07 01:48:18,468 - DEBUG - Already followed user: BERDLYY. Skipping.
2026-09-07 01:48:18,468 - DEBUG - Already followed user: chenE5M2. Skipping.
2026-09-07 01:48:18,713 - INFO - Rate Limit - Remaining: 5000, Reset at: 2026-09-07 02:48:18
2026-09-07 01:48:18,714 - INFO - Fetching followers from: https://api.github.com/users/aelmizeb/followers?per_page=100&page=5
2026-09-07 01:48:18,984 - DEBUG - Number of followers fetched: 29
2026-09-07 01:48:18,984 - INFO - Fetched 29 followers on page 5.
2026-09-07 01:48:18,984 - INFO - Sleeping for 5 seconds before following users.
2026-09-07 01:48:23,990 - DEBUG - Already followed user: IvanDevMars. Skipping.
2026-09-07 01:48:23,990 - DEBUG - Already followed user: El-Tousy. Skipping.
2026-09-07 01:48:23,990 - DEBUG - Already followed user: art-in-alizade. Skipping.
2026-09-07 01:48:23,990 - DEBUG - Already followed user: illusive7ai. Skipping.
2026-09-07 01:48:23,990 - DEBUG - Already followed user: UnicornMorty. Skipping.
2026-09-07 01:48:23,990 - DEBUG - Already followed user: vibecodinguy. Skipping.
2026-09-07 01:48:23,990 - DEBUG - Already followed user: WElRD0. Skipping.
2026-09-07 01:48:23,990 - INFO - Attempting to follow user: saravananbass12-tech
2026-09-07 01:48:24,372 - INFO - Successfully followed user: saravananbass12-tech
2026-09-07 01:48:24,374 - DEBUG - Appended user saravananbass12-tech to followers.txt.
2026-09-07 01:48:24,374 - INFO - Follower counter updated: 997
2026-09-07 01:48:24,374 - INFO - Sleeping for 12.17 seconds before the next follow.
2026-09-07 01:48:36,557 - DEBUG - Already followed user: sugarburn. Skipping.
2026-09-07 01:48:36,558 - DEBUG - Already followed user: Espotmx. Skipping.
2026-09-07 01:48:36,558 - DEBUG - Already followed user: MJ-ulia. Skipping.
2026-09-07 01:48:36,558 - DEBUG - Already followed user: DERB1F. Skipping.
2026-09-07 01:48:36,558 - DEBUG - Already followed user: donaldmorry. Skipping.
2026-09-07 01:48:36,558 - DEBUG - Already followed user: EimanTahir027. Skipping.
2026-09-07 01:48:36,558 - DEBUG - Already followed user: kyal102. Skipping.
2026-09-07 01:48:36,558 - DEBUG - Already followed user: Belucking. Skipping.
2026-09-07 01:48:36,558 - DEBUG - Already followed user: holilayet. Skipping.
2026-09-07 01:48:36,558 - DEBUG - Already followed user: ByteBunny777. Skipping.
2026-09-07 01:48:36,558 - DEBUG - Already followed user: AngelofDarknessm. Skipping.
2026-09-07 01:48:36,558 - DEBUG - Already followed user: Ella-horizon. Skipping.
2026-09-07 01:48:36,558 - DEBUG - Already followed user: hassenbrahim. Skipping.
2026-09-07 01:48:36,558 - DEBUG - Already followed user: alberto4442. Skipping.
2026-09-07 01:48:36,558 - DEBUG - Already followed user: ancaferro. Skipping.
2026-09-07 01:48:36,558 - DEBUG - Already followed user: raviwijerathna1. Skipping.
2026-09-07 01:48:36,558 - DEBUG - Already followed user: ClaerDev. Skipping.
2026-09-07 01:48:36,558 - DEBUG - Already followed user: TOPDEV99999. Skipping.
2026-09-07 01:48:36,558 - DEBUG - Already followed user: takahashikushina0223. Skipping.
2026-09-07 01:48:36,558 - DEBUG - Already followed user: cchongming. Skipping.
2026-09-07 01:48:36,558 - DEBUG - Already followed user: evvenoly. Skipping.
2026-09-07 01:48:36,764 - INFO - Rate Limit - Remaining: 5000, Reset at: 2026-09-07 02:48:36
2026-09-07 01:48:36,765 - INFO - Fetching followers from: https://api.github.com/users/aelmizeb/followers?per_page=100&page=6
2026-09-07 01:48:36,948 - DEBUG - Number of followers fetched: 0
2026-09-07 01:48:36,948 - INFO - No more followers to process. Exiting.
2026-09-07 01:48:36,948 - INFO - Follower counter updated: 997
2026-09-07 01:48:36,948 - INFO - 
Following users from your follower list is done! Total followers fetched: 429, Total followers followed: 997
2026-09-08 01:59:10,579 - INFO - Hi! I am GitHub Follower Bot.
2026-09-08 01:59:10,580 - INFO - Letting you follow all your followers!
2026-09-08 01:59:10,580 - INFO - Starting to fetch your follower lists...

2026-09-08 01:59:10,580 - INFO - Loaded 997 already followed users.
2026-09-08 01:59:10,580 - INFO - Processing all followers without resume.
2026-09-08 01:59:10,580 - INFO - Starting from page: 1
2026-09-08 01:59:10,580 - INFO - Current follower counter: 997
2026-09-08 01:59:10,784 - INFO - Rate Limit - Remaining: 5000, Reset at: 2026-09-08 02:59:10
2026-09-08 01:59:10,785 - INFO - Fetching followers from: https://api.github.com/users/aelmizeb/followers?per_page=100&page=1
2026-09-08 01:59:10,972 - DEBUG - Number of followers fetched: 100
2026-09-08 01:59:10,972 - INFO - Fetched 100 followers on page 1.
2026-09-08 01:59:10,972 - INFO - Sleeping for 5 seconds before following users.
2026-09-08 01:59:15,977 - DEBUG - Already followed user: levonk. Skipping.
2026-09-08 01:59:15,978 - DEBUG - Already followed user: peterruler. Skipping.
2026-09-08 01:59:15,978 - DEBUG - Already followed user: slavaGanzin. Skipping.
2026-09-08 01:59:15,978 - DEBUG - Already followed user: kenjinote. Skipping.
2026-09-08 01:59:15,978 - DEBUG - Already followed user: tech4xstar. Skipping.
2026-09-08 01:59:15,978 - DEBUG - Already followed user: sarkarshuvojit. Skipping.
2026-09-08 01:59:15,978 - DEBUG - Already followed user: unhappychoice. Skipping.
2026-09-08 01:59:15,978 - DEBUG - Already followed user: luckchain777. Skipping.
2026-09-08 01:59:15,978 - DEBUG - Already followed user: jorithanx. Skipping.
2026-09-08 01:59:15,978 - DEBUG - Already followed user: whiteplaine. Skipping.
2026-09-08 01:59:15,978 - DEBUG - Already followed user: gamemann. Skipping.
2026-09-08 01:59:15,978 - DEBUG - Already followed user: riseansmal. Skipping.
2026-09-08 01:59:15,978 - DEBUG - Already followed user: manman4. Skipping.
2026-09-08 01:59:15,978 - DEBUG - Already followed user: KylerCondran. Skipping.
2026-09-08 01:59:15,978 - DEBUG - Already followed user: ZhuChenn. Skipping.
2026-09-08 01:59:15,978 - DEBUG - Already followed user: Elbagoury. Skipping.
2026-09-08 01:59:15,978 - DEBUG - Already followed user: murapadev. Skipping.
2026-09-08 01:59:15,978 - DEBUG - Already followed user: tetref. Skipping.
2026-09-08 01:59:15,978 - DEBUG - Already followed user: Hantan1080. Skipping.
2026-09-08 01:59:15,978 - DEBUG - Already followed user: OliviaBennQ. Skipping.
2026-09-08 01:59:15,978 - DEBUG - Already followed user: budaivisita. Skipping.
2026-09-08 01:59:15,978 - DEBUG - Already followed user: ledgerhubteam. Skipping.
2026-09-08 01:59:15,978 - DEBUG - Already followed user: CelaDaniel. Skipping.
2026-09-08 01:59:15,978 - DEBUG - Already followed user: ThomasHWeb. Skipping.
2026-09-08 01:59:15,978 - DEBUG - Already followed user: paaak. Skipping.
2026-09-08 01:59:15,978 - DEBUG - Already followed user: hitman0290. Skipping.
2026-09-08 01:59:15,978 - DEBUG - Already followed user: jokeyhter. Skipping.
2026-09-08 01:59:15,978 - DEBUG - Already followed user: dbunt1tled. Skipping.
2026-09-08 01:59:15,978 - DEBUG - Already followed user: medmek. Skipping.
2026-09-08 01:59:15,978 - DEBUG - Already followed user: Hajjouz. Skipping.
2026-09-08 01:59:15,979 - DEBUG - Already followed user: IDouble. Skipping.
2026-09-08 01:59:15,979 - DEBUG - Already followed user: Jeesson. Skipping.
2026-09-08 01:59:15,979 - INFO - Attempting to follow user: CatFortman
2026-09-08 01:59:16,233 - INFO - Successfully followed user: CatFortman
2026-09-08 01:59:16,234 - DEBUG - Appended user CatFortman to followers.txt.
2026-09-08 01:59:16,235 - INFO - Follower counter updated: 998
2026-09-08 01:59:16,235 - INFO - Sleeping for 10.11 seconds before the next follow.
2026-09-08 01:59:26,360 - DEBUG - Already followed user: ZainJavaid. Skipping.
2026-09-08 01:59:26,360 - DEBUG - Already followed user: dioptx. Skipping.
2026-09-08 01:59:26,360 - DEBUG - Already followed user: DanHouseman. Skipping.
2026-09-08 01:59:26,360 - DEBUG - Already followed user: forgerondev. Skipping.
2026-09-08 01:59:26,360 - DEBUG - Already followed user: djvelimir. Skipping.
2026-09-08 01:59:26,360 - DEBUG - Already followed user: guevaraStian. Skipping.
2026-09-08 01:59:26,360 - DEBUG - Already followed user: cambot86. Skipping.
2026-09-08 01:59:26,360 - DEBUG - Already followed user: mollyroger. Skipping.
2026-09-08 01:59:26,360 - DEBUG - Already followed user: visualGravitySense. Skipping.
2026-09-08 01:59:26,360 - INFO - Attempting to follow user: AceOnyx8
2026-09-08 01:59:26,499 - INFO - Successfully followed user: AceOnyx8
2026-09-08 01:59:26,500 - DEBUG - Appended user AceOnyx8 to followers.txt.
2026-09-08 01:59:26,500 - INFO - Follower counter updated: 999
2026-09-08 01:59:26,501 - INFO - Sleeping for 12.26 seconds before the next follow.
2026-09-08 01:59:38,766 - DEBUG - Already followed user: jelspace. Skipping.
2026-09-08 01:59:38,766 - DEBUG - Already followed user: Sanghyun-0h. Skipping.
2026-09-08 01:59:38,766 - DEBUG - Already followed user: dweatherston11. Skipping.
2026-09-08 01:59:38,766 - DEBUG - Already followed user: weiquan98. Skipping.
2026-09-08 01:59:38,767 - DEBUG - Already followed user: furendyna. Skipping.
2026-09-08 01:59:38,767 - DEBUG - Already followed user: furkan012. Skipping.
2026-09-08 01:59:38,767 - DEBUG - Already followed user: KostasSliazas. Skipping.
2026-09-08 01:59:38,767 - DEBUG - Already followed user: hxreborn. Skipping.
2026-09-08 01:59:38,767 - DEBUG - Already followed user: hazexone. Skipping.
2026-09-08 01:59:38,767 - DEBUG - Already followed user: ardaltunel. Skipping.
2026-09-08 01:59:38,767 - DEBUG - Already followed user: domcomit. Skipping.
2026-09-08 01:59:38,767 - DEBUG - Already followed user: boomray. Skipping.
2026-09-08 01:59:38,767 - DEBUG - Already followed user: rob0pup. Skipping.
2026-09-08 01:59:38,767 - DEBUG - Already followed user: IshmamAbir. Skipping.
2026-09-08 01:59:38,767 - DEBUG - Already followed user: designAsign. Skipping.
2026-09-08 01:59:38,767 - DEBUG - Already followed user: ai-28. Skipping.
2026-09-08 01:59:38,767 - DEBUG - Already followed user: Connor9994. Skipping.
2026-09-08 01:59:38,767 - DEBUG - Already followed user: domx4q. Skipping.
2026-09-08 01:59:38,767 - DEBUG - Already followed user: Devify-Co. Skipping.
2026-09-08 01:59:38,767 - DEBUG - Already followed user: arcoflord. Skipping.
2026-09-08 01:59:38,767 - DEBUG - Already followed user: jackciw. Skipping.
2026-09-08 01:59:38,767 - DEBUG - Already followed user: 4F71. Skipping.
2026-09-08 01:59:38,767 - DEBUG - Already followed user: standardgalactic. Skipping.
2026-09-08 01:59:38,767 - DEBUG - Already followed user: sandibrrm. Skipping.
2026-09-08 01:59:38,767 - DEBUG - Already followed user: AchrafReyani. Skipping.
2026-09-08 01:59:38,767 - DEBUG - Already followed user: jaderytm. Skipping.
2026-09-08 01:59:38,767 - DEBUG - Already followed user: nstrmx. Skipping.
2026-09-08 01:59:38,767 - DEBUG - Already followed user: RaccoonFacts. Skipping.
2026-09-08 01:59:38,767 - DEBUG - Already followed user: Kos-M. Skipping.
2026-09-08 01:59:38,767 - DEBUG - Already followed user: jfullstackdev. Skipping.
2026-09-08 01:59:38,767 - DEBUG - Already followed user: iVGeek. Skipping.
2026-09-08 01:59:38,768 - DEBUG - Already followed user: th3noryx. Skipping.
2026-09-08 01:59:38,768 - DEBUG - Already followed user: Unizuka22. Skipping.
2026-09-08 01:59:38,768 - DEBUG - Already followed user: vasilirigels. Skipping.
2026-09-08 01:59:38,768 - DEBUG - Already followed user: cristinagberta. Skipping.
2026-09-08 01:59:38,768 - DEBUG - Already followed user: alexanderbergerhd. Skipping.
2026-09-08 01:59:38,768 - DEBUG - Already followed user: mohammadnabia. Skipping.
2026-09-08 01:59:38,768 - DEBUG - Already followed user: itsbagsy. Skipping.
2026-09-08 01:59:38,768 - DEBUG - Already followed user: dmitryravilov. Skipping.
2026-09-08 01:59:38,768 - DEBUG - Already followed user: szenled. Skipping.
2026-09-08 01:59:38,768 - DEBUG - Already followed user: Mindlyss. Skipping.
2026-09-08 01:59:38,768 - DEBUG - Already followed user: cerenyilmazjinx. Skipping.
2026-09-08 01:59:38,768 - DEBUG - Already followed user: BEPb. Skipping.
2026-09-08 01:59:38,768 - DEBUG - Already followed user: galaxyb-dark. Skipping.
2026-09-08 01:59:38,768 - DEBUG - Already followed user: HafidIdrissi. Skipping.
2026-09-08 01:59:38,768 - DEBUG - Already followed user: oluiscabral. Skipping.
2026-09-08 01:59:38,768 - DEBUG - Already followed user: cryptoAur4x. Skipping.
2026-09-08 01:59:38,768 - DEBUG - Already followed user: emilycodestar. Skipping.
2026-09-08 01:59:38,768 - DEBUG - Already followed user: giewan. Skipping.
2026-09-08 01:59:38,768 - DEBUG - Already followed user: ivasik-k7. Skipping.
2026-09-08 01:59:38,768 - DEBUG - Already followed user: sakuyaloli. Skipping.
2026-09-08 01:59:38,768 - DEBUG - Already followed user: aantoooon. Skipping.
2026-09-08 01:59:38,768 - DEBUG - Already followed user: NeoZorK. Skipping.
2026-09-08 01:59:38,768 - DEBUG - Already followed user: albonidrizi. Skipping.
2026-09-08 01:59:38,768 - DEBUG - Already followed user: Arul1998. Skipping.
2026-09-08 01:59:38,768 - DEBUG - Already followed user: hajigur69. Skipping.
2026-09-08 01:59:38,768 - DEBUG - Already followed user: trajanOx. Skipping.
2026-09-08 01:59:38,944 - INFO - Rate Limit - Remaining: 5000, Reset at: 2026-09-08 02:59:38
2026-09-08 01:59:38,945 - INFO - Fetching followers from: https://api.github.com/users/aelmizeb/followers?per_page=100&page=2
2026-09-08 01:59:39,134 - DEBUG - Number of followers fetched: 100
2026-09-08 01:59:39,134 - INFO - Fetched 100 followers on page 2.
2026-09-08 01:59:39,134 - INFO - Sleeping for 5 seconds before following users.
2026-09-08 01:59:44,139 - DEBUG - Already followed user: VictoriaCabirta. Skipping.
2026-09-08 01:59:44,140 - DEBUG - Already followed user: CHUNG-HAO. Skipping.
2026-09-08 01:59:44,140 - DEBUG - Already followed user: loreius. Skipping.
2026-09-08 01:59:44,140 - DEBUG - Already followed user: Supremenottee. Skipping.
2026-09-08 01:59:44,140 - DEBUG - Already followed user: mainstar123. Skipping.
2026-09-08 01:59:44,140 - DEBUG - Already followed user: JohnMwendwa. Skipping.
2026-09-08 01:59:44,140 - DEBUG - Already followed user: Geek-Cheth. Skipping.
2026-09-08 01:59:44,140 - DEBUG - Already followed user: AhmadJeddi. Skipping.
2026-09-08 01:59:44,140 - DEBUG - Already followed user: OftenUser. Skipping.
2026-09-08 01:59:44,140 - DEBUG - Already followed user: mohammadhasanii. Skipping.
2026-09-08 01:59:44,140 - DEBUG - Already followed user: haochezh. Skipping.
2026-09-08 01:59:44,140 - DEBUG - Already followed user: mbitujames. Skipping.
2026-09-08 01:59:44,140 - DEBUG - Already followed user: Nisyalz01. Skipping.
2026-09-08 01:59:44,140 - DEBUG - Already followed user: MaitreyeeDhar. Skipping.
2026-09-08 01:59:44,140 - DEBUG - Already followed user: nelokusa. Skipping.
2026-09-08 01:59:44,140 - DEBUG - Already followed user: r97221004. Skipping.
2026-09-08 01:59:44,140 - DEBUG - Already followed user: Carrington-dev. Skipping.
2026-09-08 01:59:44,140 - DEBUG - Already followed user: pinhe91. Skipping.
2026-09-08 01:59:44,140 - DEBUG - Already followed user: minseochoj. Skipping.
2026-09-08 01:59:44,140 - DEBUG - Already followed user: thisalireza. Skipping.
2026-09-08 01:59:44,140 - DEBUG - Already followed user: BhuvanAde. Skipping.
2026-09-08 01:59:44,140 - DEBUG - Already followed user: KerollosMagdy. Skipping.
2026-09-08 01:59:44,140 - DEBUG - Already followed user: Jamkris. Skipping.
2026-09-08 01:59:44,140 - DEBUG - Already followed user: 00200200. Skipping.
2026-09-08 01:59:44,140 - DEBUG - Already followed user: steph3nm. Skipping.
2026-09-08 01:59:44,140 - DEBUG - Already followed user: arch-yunus. Skipping.
2026-09-08 01:59:44,141 - DEBUG - Already followed user: Jailtonfonseca. Skipping.
2026-09-08 01:59:44,141 - DEBUG - Already followed user: lxRbckl. Skipping.
2026-09-08 01:59:44,141 - DEBUG - Already followed user: jamesgeodi. Skipping.
2026-09-08 01:59:44,141 - DEBUG - Already followed user: olienath. Skipping.
2026-09-08 01:59:44,141 - DEBUG - Already followed user: xrpcommunity. Skipping.
2026-09-08 01:59:44,141 - DEBUG - Already followed user: jolliesol. Skipping.
2026-09-08 01:59:44,141 - DEBUG - Already followed user: xnovaxdev. Skipping.
2026-09-08 01:59:44,141 - DEBUG - Already followed user: filzehoka. Skipping.
2026-09-08 01:59:44,141 - DEBUG - Already followed user: Wenyveo. Skipping.
2026-09-08 01:59:44,141 - DEBUG - Already followed user: jennifertieuu. Skipping.
2026-09-08 01:59:44,141 - DEBUG - Already followed user: Hstkj23. Skipping.
2026-09-08 01:59:44,141 - DEBUG - Already followed user: emilybarru. Skipping.
2026-09-08 01:59:44,141 - DEBUG - Already followed user: NazmusSayad. Skipping.
2026-09-08 01:59:44,141 - DEBUG - Already followed user: Liuboshenko. Skipping.
2026-09-08 01:59:44,141 - DEBUG - Already followed user: lgomesappj. Skipping.
2026-09-08 01:59:44,141 - DEBUG - Already followed user: irenascent. Skipping.
2026-09-08 01:59:44,141 - DEBUG - Already followed user: Berserk-hub150. Skipping.
2026-09-08 01:59:44,141 - DEBUG - Already followed user: mariwatts. Skipping.
2026-09-08 01:59:44,141 - DEBUG - Already followed user: Davidevlops. Skipping.
2026-09-08 01:59:44,141 - DEBUG - Already followed user: ezozu. Skipping.
2026-09-08 01:59:44,141 - DEBUG - Already followed user: OHANA-WEB. Skipping.
2026-09-08 01:59:44,141 - DEBUG - Already followed user: BamdadTabari. Skipping.
2026-09-08 01:59:44,141 - DEBUG - Already followed user: vinamega. Skipping.
2026-09-08 01:59:44,141 - DEBUG - Already followed user: cgrundman. Skipping.
2026-09-08 01:59:44,141 - DEBUG - Already followed user: zkcryptweb. Skipping.
2026-09-08 01:59:44,141 - DEBUG - Already followed user: eldarlrd. Skipping.
2026-09-08 01:59:44,141 - DEBUG - Already followed user: bashichda. Skipping.
2026-09-08 01:59:44,141 - DEBUG - Already followed user: ludo53. Skipping.
2026-09-08 01:59:44,141 - DEBUG - Already followed user: heinodendal. Skipping.
2026-09-08 01:59:44,141 - DEBUG - Already followed user: linuxtusX5. Skipping.
2026-09-08 01:59:44,141 - DEBUG - Already followed user: CarAuto34. Skipping.
2026-09-08 01:59:44,141 - DEBUG - Already followed user: elifirinci. Skipping.
2026-09-08 01:59:44,141 - DEBUG - Already followed user: sabbir-noyon. Skipping.
2026-09-08 01:59:44,141 - DEBUG - Already followed user: Nima-Mollaei. Skipping.
2026-09-08 01:59:44,141 - DEBUG - Already followed user: apurva313. Skipping.
2026-09-08 01:59:44,141 - DEBUG - Already followed user: kyiroywops. Skipping.
2026-09-08 01:59:44,141 - DEBUG - Already followed user: m-bwela. Skipping.
2026-09-08 01:59:44,141 - DEBUG - Already followed user: NachoOFC. Skipping.
2026-09-08 01:59:44,141 - DEBUG - Already followed user: CrisLottz. Skipping.
2026-09-08 01:59:44,142 - DEBUG - Already followed user: MrMDrX. Skipping.
2026-09-08 01:59:44,142 - DEBUG - Already followed user: nimakian. Skipping.
2026-09-08 01:59:44,142 - DEBUG - Already followed user: iamapuneet. Skipping.
2026-09-08 01:59:44,142 - DEBUG - Already followed user: iktiarnazib. Skipping.
2026-09-08 01:59:44,142 - DEBUG - Already followed user: Daxxtropezz. Skipping.
2026-09-08 01:59:44,142 - DEBUG - Already followed user: joaocarpim. Skipping.
2026-09-08 01:59:44,142 - DEBUG - Already followed user: 0xmurtimus. Skipping.
2026-09-08 01:59:44,142 - DEBUG - Already followed user: U1000000000000. Skipping.
2026-09-08 01:59:44,142 - DEBUG - Already followed user: shahriar0999. Skipping.
2026-09-08 01:59:44,142 - DEBUG - Already followed user: souvikrana17. Skipping.
2026-09-08 01:59:44,142 - DEBUG - Already followed user: AhmedDabish. Skipping.
2026-09-08 01:59:44,142 - DEBUG - Already followed user: DIMFLIX. Skipping.
2026-09-08 01:59:44,142 - DEBUG - Already followed user: 1526422010. Skipping.
2026-09-08 01:59:44,142 - DEBUG - Already followed user: EminHaziyev. Skipping.
2026-09-08 01:59:44,142 - DEBUG - Already followed user: VarshuAi. Skipping.
2026-09-08 01:59:44,142 - DEBUG - Already followed user: CelaFlori. Skipping.
2026-09-08 01:59:44,142 - DEBUG - Already followed user: 0xspryo. Skipping.
2026-09-08 01:59:44,142 - DEBUG - Already followed user: laurindoisaac. Skipping.
2026-09-08 01:59:44,142 - DEBUG - Already followed user: Motaman-M. Skipping.
2026-09-08 01:59:44,142 - DEBUG - Already followed user: Seif-01. Skipping.
2026-09-08 01:59:44,142 - DEBUG - Already followed user: motanelson. Skipping.
2026-09-08 01:59:44,142 - DEBUG - Already followed user: cepseu1. Skipping.
2026-09-08 01:59:44,142 - DEBUG - Already followed user: bolola777. Skipping.
2026-09-08 01:59:44,142 - DEBUG - Already followed user: vardan444. Skipping.
2026-09-08 01:59:44,142 - DEBUG - Already followed user: rahuloraj. Skipping.
2026-09-08 01:59:44,142 - DEBUG - Already followed user: knmlabs. Skipping.
2026-09-08 01:59:44,142 - DEBUG - Already followed user: Mubashir12392. Skipping.
2026-09-08 01:59:44,142 - DEBUG - Already followed user: jeallz. Skipping.
2026-09-08 01:59:44,142 - DEBUG - Already followed user: ArmandSegall. Skipping.
2026-09-08 01:59:44,142 - DEBUG - Already followed user: reignsi. Skipping.
2026-09-08 01:59:44,142 - DEBUG - Already followed user: christosantono. Skipping.
2026-09-08 01:59:44,142 - DEBUG - Already followed user: Nai64. Skipping.
2026-09-08 01:59:44,142 - DEBUG - Already followed user: K1rsN7. Skipping.
2026-09-08 01:59:44,142 - DEBUG - Already followed user: MatthewMacri. Skipping.
2026-09-08 01:59:44,142 - DEBUG - Already followed user: whitakeroliver. Skipping.
2026-09-08 01:59:44,380 - INFO - Rate Limit - Remaining: 5000, Reset at: 2026-09-08 02:59:44
2026-09-08 01:59:44,381 - INFO - Fetching followers from: https://api.github.com/users/aelmizeb/followers?per_page=100&page=3
2026-09-08 01:59:44,586 - DEBUG - Number of followers fetched: 100
2026-09-08 01:59:44,586 - INFO - Fetched 100 followers on page 3.
2026-09-08 01:59:44,586 - INFO - Sleeping for 5 seconds before following users.
2026-09-08 01:59:49,591 - DEBUG - Already followed user: S4IL21. Skipping.
2026-09-08 01:59:49,592 - DEBUG - Already followed user: filipzekovich. Skipping.
2026-09-08 01:59:49,592 - DEBUG - Already followed user: RafalW3bCraft. Skipping.
2026-09-08 01:59:49,592 - DEBUG - Already followed user: 7007259Ankur. Skipping.
2026-09-08 01:59:49,592 - DEBUG - Already followed user: amurrayeqc. Skipping.
2026-09-08 01:59:49,592 - DEBUG - Already followed user: Willysc10. Skipping.
2026-09-08 01:59:49,592 - DEBUG - Already followed user: rasidi3112. Skipping.
2026-09-08 01:59:49,592 - DEBUG - Already followed user: otaviossousa. Skipping.
2026-09-08 01:59:49,592 - DEBUG - Already followed user: taahabz. Skipping.
2026-09-08 01:59:49,592 - DEBUG - Already followed user: topdigitalplus. Skipping.
2026-09-08 01:59:49,592 - DEBUG - Already followed user: lilbodo123. Skipping.
2026-09-08 01:59:49,592 - DEBUG - Already followed user: super-phantom91. Skipping.
2026-09-08 01:59:49,592 - DEBUG - Already followed user: hyper-ayoub. Skipping.
2026-09-08 01:59:49,592 - DEBUG - Already followed user: DrParthaMajumder. Skipping.
2026-09-08 01:59:49,592 - DEBUG - Already followed user: sunjoe508. Skipping.
2026-09-08 01:59:49,592 - DEBUG - Already followed user: HalfFriedPotato. Skipping.
2026-09-08 01:59:49,592 - DEBUG - Already followed user: IamDevDan. Skipping.
2026-09-08 01:59:49,592 - DEBUG - Already followed user: Fellipemarcal. Skipping.
2026-09-08 01:59:49,592 - DEBUG - Already followed user: potentialdev-web. Skipping.
2026-09-08 01:59:49,592 - DEBUG - Already followed user: Laqrabti. Skipping.
2026-09-08 01:59:49,592 - DEBUG - Already followed user: masonliiu. Skipping.
2026-09-08 01:59:49,592 - DEBUG - Already followed user: deadlyandro. Skipping.
2026-09-08 01:59:49,592 - DEBUG - Already followed user: AhmadTigress. Skipping.
2026-09-08 01:59:49,592 - DEBUG - Already followed user: Maher-Elmair. Skipping.
2026-09-08 01:59:49,592 - DEBUG - Already followed user: harutosati. Skipping.
2026-09-08 01:59:49,592 - DEBUG - Already followed user: B2Kumar03. Skipping.
2026-09-08 01:59:49,592 - DEBUG - Already followed user: AbdulRehman393. Skipping.
2026-09-08 01:59:49,592 - DEBUG - Already followed user: vijayshikhare. Skipping.
2026-09-08 01:59:49,592 - DEBUG - Already followed user: nuraisi. Skipping.
2026-09-08 01:59:49,592 - DEBUG - Already followed user: aertsimon90. Skipping.
2026-09-08 01:59:49,592 - DEBUG - Already followed user: Bifenzine. Skipping.
2026-09-08 01:59:49,592 - DEBUG - Already followed user: Chainsmoker23. Skipping.
2026-09-08 01:59:49,592 - DEBUG - Already followed user: 3nesdeniz. Skipping.
2026-09-08 01:59:49,593 - DEBUG - Already followed user: vegata099. Skipping.
2026-09-08 01:59:49,593 - DEBUG - Already followed user: marichu-kt. Skipping.
2026-09-08 01:59:49,593 - DEBUG - Already followed user: ikramagix. Skipping.
2026-09-08 01:59:49,593 - DEBUG - Already followed user: yutomiwana. Skipping.
2026-09-08 01:59:49,593 - DEBUG - Already followed user: gaqx. Skipping.
2026-09-08 01:59:49,593 - DEBUG - Already followed user: AnonimusShamshiAlex. Skipping.
2026-09-08 01:59:49,593 - DEBUG - Already followed user: goShell3. Skipping.
2026-09-08 01:59:49,593 - DEBUG - Already followed user: bencheayoub. Skipping.
2026-09-08 01:59:49,593 - DEBUG - Already followed user: juicetreacly. Skipping.
2026-09-08 01:59:49,593 - DEBUG - Already followed user: Babarali2k21. Skipping.
2026-09-08 01:59:49,593 - DEBUG - Already followed user: a-partovii. Skipping.
2026-09-08 01:59:49,593 - DEBUG - Already followed user: SalehAkramSifat. Skipping.
2026-09-08 01:59:49,593 - DEBUG - Already followed user: martian56. Skipping.
2026-09-08 01:59:49,593 - DEBUG - Already followed user: mengnankkkk. Skipping.
2026-09-08 01:59:49,593 - DEBUG - Already followed user: lec320fd90d. Skipping.
2026-09-08 01:59:49,593 - DEBUG - Already followed user: nahladzulula. Skipping.
2026-09-08 01:59:49,593 - DEBUG - Already followed user: AImaniadev. Skipping.
2026-09-08 01:59:49,593 - DEBUG - Already followed user: LakhiniVoshadee. Skipping.
2026-09-08 01:59:49,593 - DEBUG - Already followed user: cfrBernard. Skipping.
2026-09-08 01:59:49,593 - DEBUG - Already followed user: rexblade58. Skipping.
2026-09-08 01:59:49,593 - DEBUG - Already followed user: amad3i. Skipping.
2026-09-08 01:59:49,593 - DEBUG - Already followed user: Arison99. Skipping.
2026-09-08 01:59:49,593 - DEBUG - Already followed user: abdulrhmansalama. Skipping.
2026-09-08 01:59:49,593 - DEBUG - Already followed user: AbSomeone. Skipping.
2026-09-08 01:59:49,593 - DEBUG - Already followed user: nam-htran. Skipping.
2026-09-08 01:59:49,593 - DEBUG - Already followed user: GitHub7667. Skipping.
2026-09-08 01:59:49,593 - DEBUG - Already followed user: DevNinja08. Skipping.
2026-09-08 01:59:49,593 - DEBUG - Already followed user: dovvnloading. Skipping.
2026-09-08 01:59:49,593 - DEBUG - Already followed user: Ali-hey-0. Skipping.
2026-09-08 01:59:49,593 - DEBUG - Already followed user: talrejasahil4994. Skipping.
2026-09-08 01:59:49,593 - DEBUG - Already followed user: hellen-ansah. Skipping.
2026-09-08 01:59:49,593 - DEBUG - Already followed user: kiranShamsHere. Skipping.
2026-09-08 01:59:49,593 - DEBUG - Already followed user: Iankulani. Skipping.
2026-09-08 01:59:49,593 - DEBUG - Already followed user: VIDAKHOSHPEY22. Skipping.
2026-09-08 01:59:49,593 - DEBUG - Already followed user: BhagwaniVishi. Skipping.
2026-09-08 01:59:49,593 - DEBUG - Already followed user: aridepai17. Skipping.
2026-09-08 01:59:49,593 - DEBUG - Already followed user: 0Darkn. Skipping.
2026-09-08 01:59:49,593 - DEBUG - Already followed user: ShRP69. Skipping.
2026-09-08 01:59:49,594 - DEBUG - Already followed user: KayanShah. Skipping.
2026-09-08 01:59:49,594 - DEBUG - Already followed user: iousuz. Skipping.
2026-09-08 01:59:49,594 - DEBUG - Already followed user: Md-Mubin. Skipping.
2026-09-08 01:59:49,594 - DEBUG - Already followed user: lxl0825. Skipping.
2026-09-08 01:59:49,594 - DEBUG - Already followed user: abressiddique. Skipping.
2026-09-08 01:59:49,594 - DEBUG - Already followed user: 0xAdafang. Skipping.
2026-09-08 01:59:49,594 - DEBUG - Already followed user: jkdevcode. Skipping.
2026-09-08 01:59:49,594 - DEBUG - Already followed user: JawherKl. Skipping.
2026-09-08 01:59:49,594 - DEBUG - Already followed user: pwnedroot. Skipping.
2026-09-08 01:59:49,594 - DEBUG - Already followed user: DaviBaum. Skipping.
2026-09-08 01:59:49,594 - DEBUG - Already followed user: Nour-yahyaoui. Skipping.
2026-09-08 01:59:49,594 - DEBUG - Already followed user: thornebaker. Skipping.
2026-09-08 01:59:49,594 - DEBUG - Already followed user: rioryugen. Skipping.
2026-09-08 01:59:49,594 - DEBUG - Already followed user: nikhilpatidar01. Skipping.
2026-09-08 01:59:49,594 - DEBUG - Already followed user: codeXdanyal. Skipping.
2026-09-08 01:59:49,594 - DEBUG - Already followed user: gambling-addict. Skipping.
2026-09-08 01:59:49,594 - DEBUG - Already followed user: novagad. Skipping.
2026-09-08 01:59:49,594 - DEBUG - Already followed user: chojuninengu. Skipping.
2026-09-08 01:59:49,594 - DEBUG - Already followed user: JOELNATHAN544. Skipping.
2026-09-08 01:59:49,594 - DEBUG - Already followed user: Senthil455. Skipping.
2026-09-08 01:59:49,594 - DEBUG - Already followed user: pouryaPKGit. Skipping.
2026-09-08 01:59:49,594 - DEBUG - Already followed user: mwakidenis. Skipping.
2026-09-08 01:59:49,594 - DEBUG - Already followed user: daniel149afonso. Skipping.
2026-09-08 01:59:49,594 - DEBUG - Already followed user: MatheusRuivo365. Skipping.
2026-09-08 01:59:49,594 - DEBUG - Already followed user: grimwaIker. Skipping.
2026-09-08 01:59:49,594 - DEBUG - Already followed user: vsrupeshkumar. Skipping.
2026-09-08 01:59:49,594 - DEBUG - Already followed user: landry-some. Skipping.
2026-09-08 01:59:49,594 - DEBUG - Already followed user: madhavgadge01. Skipping.
2026-09-08 01:59:49,594 - DEBUG - Already followed user: panyster. Skipping.
2026-09-08 01:59:49,771 - INFO - Rate Limit - Remaining: 5000, Reset at: 2026-09-08 02:59:49
2026-09-08 01:59:49,772 - INFO - Fetching followers from: https://api.github.com/users/aelmizeb/followers?per_page=100&page=4
2026-09-08 01:59:49,974 - DEBUG - Number of followers fetched: 100
2026-09-08 01:59:49,974 - INFO - Fetched 100 followers on page 4.
2026-09-08 01:59:49,974 - INFO - Sleeping for 5 seconds before following users.
2026-09-08 01:59:54,980 - DEBUG - Already followed user: MdShawonForazi. Skipping.
2026-09-08 01:59:54,980 - DEBUG - Already followed user: Muhammad-qureshi1. Skipping.
2026-09-08 01:59:54,980 - DEBUG - Already followed user: destroy-boys. Skipping.
2026-09-08 01:59:54,980 - DEBUG - Already followed user: byxbe. Skipping.
2026-09-08 01:59:54,980 - DEBUG - Already followed user: vimal0156. Skipping.
2026-09-08 01:59:54,980 - DEBUG - Already followed user: syedbilalalam1. Skipping.
2026-09-08 01:59:54,980 - DEBUG - Already followed user: COUNTRY-HUMANS. Skipping.
2026-09-08 01:59:54,980 - DEBUG - Already followed user: Ayokanmi-Adejola. Skipping.
2026-09-08 01:59:54,980 - DEBUG - Already followed user: irenerodriguezrod. Skipping.
2026-09-08 01:59:54,980 - DEBUG - Already followed user: ngsnethawarya. Skipping.
2026-09-08 01:59:54,980 - DEBUG - Already followed user: mahimarawat0707. Skipping.
2026-09-08 01:59:54,980 - DEBUG - Already followed user: MuratKomurcu1. Skipping.
2026-09-08 01:59:54,980 - DEBUG - Already followed user: DARKANGEL689. Skipping.
2026-09-08 01:59:54,980 - DEBUG - Already followed user: buildcompanytogether. Skipping.
2026-09-08 01:59:54,980 - DEBUG - Already followed user: techspire0924. Skipping.
2026-09-08 01:59:54,980 - DEBUG - Already followed user: TechLeon001. Skipping.
2026-09-08 01:59:54,980 - DEBUG - Already followed user: sonle-dev. Skipping.
2026-09-08 01:59:54,980 - DEBUG - Already followed user: yonana-sahile. Skipping.
2026-09-08 01:59:54,981 - DEBUG - Already followed user: howls-moving-castle. Skipping.
2026-09-08 01:59:54,981 - DEBUG - Already followed user: lovehiccup. Skipping.
2026-09-08 01:59:54,981 - DEBUG - Already followed user: techEdge3030. Skipping.
2026-09-08 01:59:54,981 - DEBUG - Already followed user: webxos. Skipping.
2026-09-08 01:59:54,981 - DEBUG - Already followed user: developernayeemx. Skipping.
2026-09-08 01:59:54,981 - DEBUG - Already followed user: drydenmitchell. Skipping.
2026-09-08 01:59:54,981 - DEBUG - Already followed user: eatsky1006. Skipping.
2026-09-08 01:59:54,981 - DEBUG - Already followed user: frangelbarrera. Skipping.
2026-09-08 01:59:54,981 - DEBUG - Already followed user: 156afl. Skipping.
2026-09-08 01:59:54,981 - DEBUG - Already followed user: guten-tag-100. Skipping.
2026-09-08 01:59:54,981 - DEBUG - Already followed user: retrobullseye. Skipping.
2026-09-08 01:59:54,981 - DEBUG - Already followed user: nelbeu. Skipping.
2026-09-08 01:59:54,981 - DEBUG - Already followed user: ZPIIDR. Skipping.
2026-09-08 01:59:54,981 - DEBUG - Already followed user: floriant3. Skipping.
2026-09-08 01:59:54,981 - DEBUG - Already followed user: amazing-soft-dev. Skipping.
2026-09-08 01:59:54,981 - DEBUG - Already followed user: Quoriss. Skipping.
2026-09-08 01:59:54,981 - DEBUG - Already followed user: xcontcom. Skipping.
2026-09-08 01:59:54,981 - DEBUG - Already followed user: SparkNews00000. Skipping.
2026-09-08 01:59:54,981 - DEBUG - Already followed user: Lyne6666. Skipping.
2026-09-08 01:59:54,981 - DEBUG - Already followed user: nafiul-afk. Skipping.
2026-09-08 01:59:54,981 - DEBUG - Already followed user: ShiningRocket. Skipping.
2026-09-08 01:59:54,981 - DEBUG - Already followed user: Noori-Senior. Skipping.
2026-09-08 01:59:54,981 - DEBUG - Already followed user: AnjaliPatel301. Skipping.
2026-09-08 01:59:54,981 - DEBUG - Already followed user: Dev-Mania1988. Skipping.
2026-09-08 01:59:54,981 - DEBUG - Already followed user: BOYABOY999. Skipping.
2026-09-08 01:59:54,981 - DEBUG - Already followed user: NOUHABL. Skipping.
2026-09-08 01:59:54,981 - DEBUG - Already followed user: RamaAditya49. Skipping.
2026-09-08 01:59:54,981 - DEBUG - Already followed user: Seo-yeonLee. Skipping.
2026-09-08 01:59:54,982 - DEBUG - Already followed user: ChungusLord123. Skipping.
2026-09-08 01:59:54,982 - DEBUG - Already followed user: mohamadeydipour. Skipping.
2026-09-08 01:59:54,982 - DEBUG - Already followed user: constellation-infinity. Skipping.
2026-09-08 01:59:54,982 - DEBUG - Already followed user: rosem-coder. Skipping.
2026-09-08 01:59:54,982 - DEBUG - Already followed user: XO-Roham. Skipping.
2026-09-08 01:59:54,982 - DEBUG - Already followed user: kerryjanes. Skipping.
2026-09-08 01:59:54,982 - DEBUG - Already followed user: hyuntayo. Skipping.
2026-09-08 01:59:54,982 - DEBUG - Already followed user: wetmet. Skipping.
2026-09-08 01:59:54,982 - DEBUG - Already followed user: sezindartar. Skipping.
2026-09-08 01:59:54,982 - INFO - Attempting to follow user: arielshakaramiro
2026-09-08 01:59:55,255 - INFO - Successfully followed user: arielshakaramiro
2026-09-08 01:59:55,256 - DEBUG - Appended user arielshakaramiro to followers.txt.
2026-09-08 01:59:55,256 - INFO - Follower counter updated: 1000
2026-09-08 01:59:55,256 - INFO - Sleeping for 10.10 seconds before the next follow.
2026-09-08 02:00:05,370 - DEBUG - Already followed user: NovaNoodle7. Skipping.
2026-09-08 02:00:05,370 - DEBUG - Already followed user: annaveth. Skipping.
2026-09-08 02:00:05,370 - DEBUG - Already followed user: rexxdeev. Skipping.
2026-09-08 02:00:05,370 - DEBUG - Already followed user: cosmospice. Skipping.
2026-09-08 02:00:05,371 - DEBUG - Already followed user: lrepo52. Skipping.
2026-09-08 02:00:05,371 - DEBUG - Already followed user: uhsr. Skipping.
2026-09-08 02:00:05,371 - DEBUG - Already followed user: REIJISAKAMAKI. Skipping.
2026-09-08 02:00:05,371 - DEBUG - Already followed user: devnavodhimsara. Skipping.
2026-09-08 02:00:05,371 - DEBUG - Already followed user: muichirox. Skipping.
2026-09-08 02:00:05,371 - DEBUG - Already followed user: thehappydictator. Skipping.
2026-09-08 02:00:05,371 - DEBUG - Already followed user: JohnAxel04. Skipping.
2026-09-08 02:00:05,371 - DEBUG - Already followed user: laigit-dot. Skipping.
2026-09-08 02:00:05,371 - DEBUG - Already followed user: 1minds3t. Skipping.
2026-09-08 02:00:05,371 - DEBUG - Already followed user: 2nixx. Skipping.
2026-09-08 02:00:05,371 - DEBUG - Already followed user: Jones-6199. Skipping.
2026-09-08 02:00:05,371 - DEBUG - Already followed user: matchingduo. Skipping.
2026-09-08 02:00:05,371 - DEBUG - Already followed user: Mistrust12. Skipping.
2026-09-08 02:00:05,371 - DEBUG - Already followed user: runner28-code. Skipping.
2026-09-08 02:00:05,371 - DEBUG - Already followed user: kakaka-byte. Skipping.
2026-09-08 02:00:05,371 - DEBUG - Already followed user: alvrenkai. Skipping.
2026-09-08 02:00:05,371 - DEBUG - Already followed user: KabeloM13. Skipping.
2026-09-08 02:00:05,371 - DEBUG - Already followed user: HamiParsa. Skipping.
2026-09-08 02:00:05,371 - DEBUG - Already followed user: abdulrdeveloper. Skipping.
2026-09-08 02:00:05,371 - DEBUG - Already followed user: Lyche6666. Skipping.
2026-09-08 02:00:05,371 - DEBUG - Already followed user: sphinxzerd. Skipping.
2026-09-08 02:00:05,371 - DEBUG - Already followed user: siddhant3895. Skipping.
2026-09-08 02:00:05,371 - DEBUG - Already followed user: conexto. Skipping.
2026-09-08 02:00:05,371 - DEBUG - Already followed user: nikecodedev. Skipping.
2026-09-08 02:00:05,371 - DEBUG - Already followed user: anshull-rajput. Skipping.
2026-09-08 02:00:05,371 - DEBUG - Already followed user: ExCoder999. Skipping.
2026-09-08 02:00:05,372 - DEBUG - Already followed user: nykoco. Skipping.
2026-09-08 02:00:05,372 - DEBUG - Already followed user: zombietfk. Skipping.
2026-09-08 02:00:05,372 - DEBUG - Already followed user: Ashkan-P88. Skipping.
2026-09-08 02:00:05,372 - DEBUG - Already followed user: nexthireconnect. Skipping.
2026-09-08 02:00:05,372 - DEBUG - Already followed user: cyanile. Skipping.
2026-09-08 02:00:05,372 - DEBUG - Already followed user: REVOLV1NG. Skipping.
2026-09-08 02:00:05,372 - DEBUG - Already followed user: kakashl-hatake. Skipping.
2026-09-08 02:00:05,372 - DEBUG - Already followed user: martycorn. Skipping.
2026-09-08 02:00:05,372 - DEBUG - Already followed user: HysteriaWEB3. Skipping.
2026-09-08 02:00:05,372 - DEBUG - Already followed user: joebtceth. Skipping.
2026-09-08 02:00:05,372 - DEBUG - Already followed user: jojoamanie. Skipping.
2026-09-08 02:00:05,372 - DEBUG - Already followed user: MohibAhmadButt. Skipping.
2026-09-08 02:00:05,372 - DEBUG - Already followed user: 9Michael-Cooley. Skipping.
2026-09-08 02:00:05,372 - DEBUG - Already followed user: nargestohidloo. Skipping.
2026-09-08 02:00:05,579 - INFO - Rate Limit - Remaining: 5000, Reset at: 2026-09-08 03:00:05
2026-09-08 02:00:05,580 - INFO - Fetching followers from: https://api.github.com/users/aelmizeb/followers?per_page=100&page=5
2026-09-08 02:00:05,774 - DEBUG - Number of followers fetched: 32
2026-09-08 02:00:05,774 - INFO - Fetched 32 followers on page 5.
2026-09-08 02:00:05,774 - INFO - Sleeping for 5 seconds before following users.
2026-09-08 02:00:10,779 - DEBUG - Already followed user: hwg-p. Skipping.
2026-09-08 02:00:10,780 - DEBUG - Already followed user: BERDLYY. Skipping.
2026-09-08 02:00:10,780 - DEBUG - Already followed user: chenE5M2. Skipping.
2026-09-08 02:00:10,780 - DEBUG - Already followed user: IvanDevMars. Skipping.
2026-09-08 02:00:10,780 - DEBUG - Already followed user: El-Tousy. Skipping.
2026-09-08 02:00:10,780 - DEBUG - Already followed user: art-in-alizade. Skipping.
2026-09-08 02:00:10,780 - DEBUG - Already followed user: illusive7ai. Skipping.
2026-09-08 02:00:10,780 - DEBUG - Already followed user: UnicornMorty. Skipping.
2026-09-08 02:00:10,780 - DEBUG - Already followed user: vibecodinguy. Skipping.
2026-09-08 02:00:10,780 - DEBUG - Already followed user: WElRD0. Skipping.
2026-09-08 02:00:10,780 - DEBUG - Already followed user: saravananbass12-tech. Skipping.
2026-09-08 02:00:10,780 - DEBUG - Already followed user: sugarburn. Skipping.
2026-09-08 02:00:10,780 - DEBUG - Already followed user: Espotmx. Skipping.
2026-09-08 02:00:10,780 - DEBUG - Already followed user: MJ-ulia. Skipping.
2026-09-08 02:00:10,780 - DEBUG - Already followed user: DERB1F. Skipping.
2026-09-08 02:00:10,780 - DEBUG - Already followed user: donaldmorry. Skipping.
2026-09-08 02:00:10,780 - DEBUG - Already followed user: EimanTahir027. Skipping.
2026-09-08 02:00:10,780 - DEBUG - Already followed user: kyal102. Skipping.
2026-09-08 02:00:10,780 - DEBUG - Already followed user: Belucking. Skipping.
2026-09-08 02:00:10,780 - DEBUG - Already followed user: holilayet. Skipping.
2026-09-08 02:00:10,780 - DEBUG - Already followed user: ByteBunny777. Skipping.
2026-09-08 02:00:10,780 - DEBUG - Already followed user: AngelofDarknessm. Skipping.
2026-09-08 02:00:10,780 - DEBUG - Already followed user: Ella-horizon. Skipping.
2026-09-08 02:00:10,780 - DEBUG - Already followed user: hassenbrahim. Skipping.
2026-09-08 02:00:10,780 - DEBUG - Already followed user: alberto4442. Skipping.
2026-09-08 02:00:10,780 - DEBUG - Already followed user: ancaferro. Skipping.
2026-09-08 02:00:10,780 - DEBUG - Already followed user: raviwijerathna1. Skipping.
2026-09-08 02:00:10,780 - DEBUG - Already followed user: ClaerDev. Skipping.
2026-09-08 02:00:10,780 - DEBUG - Already followed user: TOPDEV99999. Skipping.
2026-09-08 02:00:10,780 - DEBUG - Already followed user: takahashikushina0223. Skipping.
2026-09-08 02:00:10,780 - DEBUG - Already followed user: cchongming. Skipping.
2026-09-08 02:00:10,781 - DEBUG - Already followed user: evvenoly. Skipping.
2026-09-08 02:00:11,048 - INFO - Rate Limit - Remaining: 5000, Reset at: 2026-09-08 03:00:10
2026-09-08 02:00:11,050 - INFO - Fetching followers from: https://api.github.com/users/aelmizeb/followers?per_page=100&page=6
2026-09-08 02:00:11,245 - DEBUG - Number of followers fetched: 0
2026-09-08 02:00:11,245 - INFO - No more followers to process. Exiting.
2026-09-08 02:00:11,245 - INFO - Follower counter updated: 1000
2026-09-08 02:00:11,245 - INFO - 
Following users from your follower list is done! Total followers fetched: 432, Total followers followed: 1000
2026-09-09 02:04:02,474 - INFO - Hi! I am GitHub Follower Bot.
2026-09-09 02:04:02,474 - INFO - Letting you follow all your followers!
2026-09-09 02:04:02,474 - INFO - Starting to fetch your follower lists...

2026-09-09 02:04:02,475 - INFO - Loaded 1000 already followed users.
2026-09-09 02:04:02,475 - INFO - Processing all followers without resume.
2026-09-09 02:04:02,475 - INFO - Starting from page: 1
2026-09-09 02:04:02,475 - INFO - Current follower counter: 1000
2026-09-09 02:04:02,630 - INFO - Rate Limit - Remaining: 5000, Reset at: 2026-09-09 03:04:02
2026-09-09 02:04:02,631 - INFO - Fetching followers from: https://api.github.com/users/aelmizeb/followers?per_page=100&page=1
2026-09-09 02:04:02,792 - DEBUG - Number of followers fetched: 100
2026-09-09 02:04:02,792 - INFO - Fetched 100 followers on page 1.
2026-09-09 02:04:02,792 - INFO - Sleeping for 5 seconds before following users.
2026-09-09 02:04:07,798 - DEBUG - Already followed user: levonk. Skipping.
2026-09-09 02:04:07,798 - DEBUG - Already followed user: peterruler. Skipping.
2026-09-09 02:04:07,798 - DEBUG - Already followed user: slavaGanzin. Skipping.
2026-09-09 02:04:07,798 - DEBUG - Already followed user: kenjinote. Skipping.
2026-09-09 02:04:07,798 - DEBUG - Already followed user: tech4xstar. Skipping.
2026-09-09 02:04:07,798 - DEBUG - Already followed user: sarkarshuvojit. Skipping.
2026-09-09 02:04:07,798 - DEBUG - Already followed user: unhappychoice. Skipping.
2026-09-09 02:04:07,798 - DEBUG - Already followed user: luckchain777. Skipping.
2026-09-09 02:04:07,798 - DEBUG - Already followed user: jorithanx. Skipping.
2026-09-09 02:04:07,798 - DEBUG - Already followed user: whiteplaine. Skipping.
2026-09-09 02:04:07,798 - DEBUG - Already followed user: gamemann. Skipping.
2026-09-09 02:04:07,798 - DEBUG - Already followed user: riseansmal. Skipping.
2026-09-09 02:04:07,798 - DEBUG - Already followed user: manman4. Skipping.
2026-09-09 02:04:07,798 - DEBUG - Already followed user: KylerCondran. Skipping.
2026-09-09 02:04:07,798 - DEBUG - Already followed user: ZhuChenn. Skipping.
2026-09-09 02:04:07,798 - DEBUG - Already followed user: Elbagoury. Skipping.
2026-09-09 02:04:07,798 - DEBUG - Already followed user: murapadev. Skipping.
2026-09-09 02:04:07,798 - DEBUG - Already followed user: tetref. Skipping.
2026-09-09 02:04:07,798 - DEBUG - Already followed user: Hantan1080. Skipping.
2026-09-09 02:04:07,798 - DEBUG - Already followed user: OliviaBennQ. Skipping.
2026-09-09 02:04:07,798 - DEBUG - Already followed user: budaivisita. Skipping.
2026-09-09 02:04:07,798 - DEBUG - Already followed user: ledgerhubteam. Skipping.
2026-09-09 02:04:07,798 - DEBUG - Already followed user: CelaDaniel. Skipping.
2026-09-09 02:04:07,798 - DEBUG - Already followed user: ThomasHWeb. Skipping.
2026-09-09 02:04:07,799 - DEBUG - Already followed user: paaak. Skipping.
2026-09-09 02:04:07,799 - DEBUG - Already followed user: hitman0290. Skipping.
2026-09-09 02:04:07,799 - DEBUG - Already followed user: jokeyhter. Skipping.
2026-09-09 02:04:07,799 - DEBUG - Already followed user: dbunt1tled. Skipping.
2026-09-09 02:04:07,799 - DEBUG - Already followed user: medmek. Skipping.
2026-09-09 02:04:07,799 - DEBUG - Already followed user: Hajjouz. Skipping.
2026-09-09 02:04:07,799 - DEBUG - Already followed user: IDouble. Skipping.
2026-09-09 02:04:07,799 - DEBUG - Already followed user: Jeesson. Skipping.
2026-09-09 02:04:07,799 - DEBUG - Already followed user: CatFortman. Skipping.
2026-09-09 02:04:07,799 - DEBUG - Already followed user: ZainJavaid. Skipping.
2026-09-09 02:04:07,799 - DEBUG - Already followed user: dioptx. Skipping.
2026-09-09 02:04:07,799 - DEBUG - Already followed user: DanHouseman. Skipping.
2026-09-09 02:04:07,799 - DEBUG - Already followed user: forgerondev. Skipping.
2026-09-09 02:04:07,799 - DEBUG - Already followed user: djvelimir. Skipping.
2026-09-09 02:04:07,799 - DEBUG - Already followed user: guevaraStian. Skipping.
2026-09-09 02:04:07,799 - DEBUG - Already followed user: cambot86. Skipping.
2026-09-09 02:04:07,799 - DEBUG - Already followed user: mollyroger. Skipping.
2026-09-09 02:04:07,799 - DEBUG - Already followed user: visualGravitySense. Skipping.
2026-09-09 02:04:07,799 - DEBUG - Already followed user: jelspace. Skipping.
2026-09-09 02:04:07,799 - DEBUG - Already followed user: Sanghyun-0h. Skipping.
2026-09-09 02:04:07,799 - DEBUG - Already followed user: dweatherston11. Skipping.
2026-09-09 02:04:07,799 - DEBUG - Already followed user: weiquan98. Skipping.
2026-09-09 02:04:07,799 - DEBUG - Already followed user: furendyna. Skipping.
2026-09-09 02:04:07,799 - DEBUG - Already followed user: furkan012. Skipping.
2026-09-09 02:04:07,799 - DEBUG - Already followed user: KostasSliazas. Skipping.
2026-09-09 02:04:07,799 - DEBUG - Already followed user: hxreborn. Skipping.
2026-09-09 02:04:07,799 - DEBUG - Already followed user: hazexone. Skipping.
2026-09-09 02:04:07,799 - DEBUG - Already followed user: ardaltunel. Skipping.
2026-09-09 02:04:07,799 - DEBUG - Already followed user: domcomit. Skipping.
2026-09-09 02:04:07,799 - DEBUG - Already followed user: boomray. Skipping.
2026-09-09 02:04:07,799 - DEBUG - Already followed user: rob0pup. Skipping.
2026-09-09 02:04:07,799 - DEBUG - Already followed user: IshmamAbir. Skipping.
2026-09-09 02:04:07,799 - DEBUG - Already followed user: designAsign. Skipping.
2026-09-09 02:04:07,799 - DEBUG - Already followed user: ai-28. Skipping.
2026-09-09 02:04:07,799 - DEBUG - Already followed user: Connor9994. Skipping.
2026-09-09 02:04:07,799 - DEBUG - Already followed user: domx4q. Skipping.
2026-09-09 02:04:07,799 - DEBUG - Already followed user: Devify-Co. Skipping.
2026-09-09 02:04:07,799 - INFO - Attempting to follow user: Jaxomcode
2026-09-09 02:04:07,950 - INFO - Successfully followed user: Jaxomcode
2026-09-09 02:04:07,951 - DEBUG - Appended user Jaxomcode to followers.txt.
2026-09-09 02:04:07,952 - INFO - Follower counter updated: 1001
2026-09-09 02:04:07,952 - INFO - Sleeping for 11.04 seconds before the next follow.
2026-09-09 02:04:19,002 - DEBUG - Already followed user: jackciw. Skipping.
2026-09-09 02:04:19,002 - DEBUG - Already followed user: 4F71. Skipping.
2026-09-09 02:04:19,002 - DEBUG - Already followed user: standardgalactic. Skipping.
2026-09-09 02:04:19,002 - DEBUG - Already followed user: sandibrrm. Skipping.
2026-09-09 02:04:19,002 - DEBUG - Already followed user: AchrafReyani. Skipping.
2026-09-09 02:04:19,002 - DEBUG - Already followed user: jaderytm. Skipping.
2026-09-09 02:04:19,002 - DEBUG - Already followed user: nstrmx. Skipping.
2026-09-09 02:04:19,002 - DEBUG - Already followed user: RaccoonFacts. Skipping.
2026-09-09 02:04:19,002 - DEBUG - Already followed user: Kos-M. Skipping.
2026-09-09 02:04:19,002 - DEBUG - Already followed user: jfullstackdev. Skipping.
2026-09-09 02:04:19,002 - DEBUG - Already followed user: iVGeek. Skipping.
2026-09-09 02:04:19,002 - DEBUG - Already followed user: th3noryx. Skipping.
2026-09-09 02:04:19,002 - DEBUG - Already followed user: Unizuka22. Skipping.
2026-09-09 02:04:19,002 - DEBUG - Already followed user: vasilirigels. Skipping.
2026-09-09 02:04:19,002 - DEBUG - Already followed user: cristinagberta. Skipping.
2026-09-09 02:04:19,002 - DEBUG - Already followed user: alexanderbergerhd. Skipping.
2026-09-09 02:04:19,002 - DEBUG - Already followed user: mohammadnabia. Skipping.
2026-09-09 02:04:19,002 - DEBUG - Already followed user: itsbagsy. Skipping.
2026-09-09 02:04:19,002 - DEBUG - Already followed user: dmitryravilov. Skipping.
2026-09-09 02:04:19,003 - DEBUG - Already followed user: szenled. Skipping.
2026-09-09 02:04:19,003 - DEBUG - Already followed user: Mindlyss. Skipping.
2026-09-09 02:04:19,003 - DEBUG - Already followed user: cerenyilmazjinx. Skipping.
2026-09-09 02:04:19,003 - DEBUG - Already followed user: BEPb. Skipping.
2026-09-09 02:04:19,003 - DEBUG - Already followed user: galaxyb-dark. Skipping.
2026-09-09 02:04:19,003 - DEBUG - Already followed user: HafidIdrissi. Skipping.
2026-09-09 02:04:19,003 - DEBUG - Already followed user: oluiscabral. Skipping.
2026-09-09 02:04:19,003 - DEBUG - Already followed user: cryptoAur4x. Skipping.
2026-09-09 02:04:19,003 - DEBUG - Already followed user: emilycodestar. Skipping.
2026-09-09 02:04:19,003 - DEBUG - Already followed user: giewan. Skipping.
2026-09-09 02:04:19,003 - DEBUG - Already followed user: ivasik-k7. Skipping.
2026-09-09 02:04:19,003 - DEBUG - Already followed user: sakuyaloli. Skipping.
2026-09-09 02:04:19,003 - DEBUG - Already followed user: aantoooon. Skipping.
2026-09-09 02:04:19,003 - DEBUG - Already followed user: NeoZorK. Skipping.
2026-09-09 02:04:19,003 - DEBUG - Already followed user: albonidrizi. Skipping.
2026-09-09 02:04:19,003 - DEBUG - Already followed user: Arul1998. Skipping.
2026-09-09 02:04:19,003 - DEBUG - Already followed user: hajigur69. Skipping.
2026-09-09 02:04:19,003 - DEBUG - Already followed user: trajanOx. Skipping.
2026-09-09 02:04:19,003 - DEBUG - Already followed user: VictoriaCabirta. Skipping.
2026-09-09 02:04:19,176 - INFO - Rate Limit - Remaining: 5000, Reset at: 2026-09-09 03:04:19
2026-09-09 02:04:19,177 - INFO - Fetching followers from: https://api.github.com/users/aelmizeb/followers?per_page=100&page=2
2026-09-09 02:04:19,360 - DEBUG - Number of followers fetched: 100
2026-09-09 02:04:19,360 - INFO - Fetched 100 followers on page 2.
2026-09-09 02:04:19,360 - INFO - Sleeping for 5 seconds before following users.
2026-09-09 02:04:24,365 - DEBUG - Already followed user: CHUNG-HAO. Skipping.
2026-09-09 02:04:24,365 - DEBUG - Already followed user: loreius. Skipping.
2026-09-09 02:04:24,365 - DEBUG - Already followed user: Supremenottee. Skipping.
2026-09-09 02:04:24,365 - DEBUG - Already followed user: mainstar123. Skipping.
2026-09-09 02:04:24,366 - DEBUG - Already followed user: JohnMwendwa. Skipping.
2026-09-09 02:04:24,366 - DEBUG - Already followed user: Geek-Cheth. Skipping.
2026-09-09 02:04:24,366 - DEBUG - Already followed user: AhmadJeddi. Skipping.
2026-09-09 02:04:24,366 - DEBUG - Already followed user: OftenUser. Skipping.
2026-09-09 02:04:24,366 - DEBUG - Already followed user: mohammadhasanii. Skipping.
2026-09-09 02:04:24,366 - DEBUG - Already followed user: haochezh. Skipping.
2026-09-09 02:04:24,366 - DEBUG - Already followed user: mbitujames. Skipping.
2026-09-09 02:04:24,366 - DEBUG - Already followed user: Nisyalz01. Skipping.
2026-09-09 02:04:24,366 - DEBUG - Already followed user: MaitreyeeDhar. Skipping.
2026-09-09 02:04:24,366 - DEBUG - Already followed user: nelokusa. Skipping.
2026-09-09 02:04:24,366 - DEBUG - Already followed user: r97221004. Skipping.
2026-09-09 02:04:24,366 - DEBUG - Already followed user: Carrington-dev. Skipping.
2026-09-09 02:04:24,366 - DEBUG - Already followed user: pinhe91. Skipping.
2026-09-09 02:04:24,366 - DEBUG - Already followed user: minseochoj. Skipping.
2026-09-09 02:04:24,366 - DEBUG - Already followed user: thisalireza. Skipping.
2026-09-09 02:04:24,366 - DEBUG - Already followed user: BhuvanAde. Skipping.
2026-09-09 02:04:24,366 - DEBUG - Already followed user: KerollosMagdy. Skipping.
2026-09-09 02:04:24,366 - DEBUG - Already followed user: Jamkris. Skipping.
2026-09-09 02:04:24,366 - DEBUG - Already followed user: 00200200. Skipping.
2026-09-09 02:04:24,366 - DEBUG - Already followed user: steph3nm. Skipping.
2026-09-09 02:04:24,366 - DEBUG - Already followed user: arch-yunus. Skipping.
2026-09-09 02:04:24,366 - DEBUG - Already followed user: Jailtonfonseca. Skipping.
2026-09-09 02:04:24,366 - DEBUG - Already followed user: lxRbckl. Skipping.
2026-09-09 02:04:24,366 - DEBUG - Already followed user: jamesgeodi. Skipping.
2026-09-09 02:04:24,366 - DEBUG - Already followed user: olienath. Skipping.
2026-09-09 02:04:24,366 - DEBUG - Already followed user: xrpcommunity. Skipping.
2026-09-09 02:04:24,366 - DEBUG - Already followed user: jolliesol. Skipping.
2026-09-09 02:04:24,366 - DEBUG - Already followed user: xnovaxdev. Skipping.
2026-09-09 02:04:24,366 - DEBUG - Already followed user: filzehoka. Skipping.
2026-09-09 02:04:24,366 - DEBUG - Already followed user: Wenyveo. Skipping.
2026-09-09 02:04:24,366 - DEBUG - Already followed user: jennifertieuu. Skipping.
2026-09-09 02:04:24,366 - DEBUG - Already followed user: Hstkj23. Skipping.
2026-09-09 02:04:24,367 - DEBUG - Already followed user: emilybarru. Skipping.
2026-09-09 02:04:24,367 - DEBUG - Already followed user: NazmusSayad. Skipping.
2026-09-09 02:04:24,367 - DEBUG - Already followed user: Liuboshenko. Skipping.
2026-09-09 02:04:24,367 - DEBUG - Already followed user: lgomesappj. Skipping.
2026-09-09 02:04:24,367 - DEBUG - Already followed user: irenascent. Skipping.
2026-09-09 02:04:24,367 - DEBUG - Already followed user: Berserk-hub150. Skipping.
2026-09-09 02:04:24,367 - DEBUG - Already followed user: mariwatts. Skipping.
2026-09-09 02:04:24,367 - DEBUG - Already followed user: Davidevlops. Skipping.
2026-09-09 02:04:24,367 - DEBUG - Already followed user: ezozu. Skipping.
2026-09-09 02:04:24,367 - DEBUG - Already followed user: OHANA-WEB. Skipping.
2026-09-09 02:04:24,367 - DEBUG - Already followed user: BamdadTabari. Skipping.
2026-09-09 02:04:24,367 - DEBUG - Already followed user: vinamega. Skipping.
2026-09-09 02:04:24,367 - DEBUG - Already followed user: cgrundman. Skipping.
2026-09-09 02:04:24,367 - DEBUG - Already followed user: zkcryptweb. Skipping.
2026-09-09 02:04:24,367 - DEBUG - Already followed user: eldarlrd. Skipping.
2026-09-09 02:04:24,367 - DEBUG - Already followed user: bashichda. Skipping.
2026-09-09 02:04:24,367 - DEBUG - Already followed user: ludo53. Skipping.
2026-09-09 02:04:24,367 - DEBUG - Already followed user: heinodendal. Skipping.
2026-09-09 02:04:24,367 - DEBUG - Already followed user: linuxtusX5. Skipping.
2026-09-09 02:04:24,367 - DEBUG - Already followed user: CarAuto34. Skipping.
2026-09-09 02:04:24,367 - DEBUG - Already followed user: elifirinci. Skipping.
2026-09-09 02:04:24,367 - DEBUG - Already followed user: sabbir-noyon. Skipping.
2026-09-09 02:04:24,367 - DEBUG - Already followed user: Nima-Mollaei. Skipping.
2026-09-09 02:04:24,367 - DEBUG - Already followed user: apurva313. Skipping.
2026-09-09 02:04:24,367 - DEBUG - Already followed user: kyiroywops. Skipping.
2026-09-09 02:04:24,367 - DEBUG - Already followed user: m-bwela. Skipping.
2026-09-09 02:04:24,367 - DEBUG - Already followed user: NachoOFC. Skipping.
2026-09-09 02:04:24,367 - DEBUG - Already followed user: CrisLottz. Skipping.
2026-09-09 02:04:24,367 - DEBUG - Already followed user: MrMDrX. Skipping.
2026-09-09 02:04:24,367 - DEBUG - Already followed user: nimakian. Skipping.
2026-09-09 02:04:24,367 - DEBUG - Already followed user: iamapuneet. Skipping.
2026-09-09 02:04:24,367 - DEBUG - Already followed user: iktiarnazib. Skipping.
2026-09-09 02:04:24,367 - DEBUG - Already followed user: Daxxtropezz. Skipping.
2026-09-09 02:04:24,367 - DEBUG - Already followed user: joaocarpim. Skipping.
2026-09-09 02:04:24,367 - DEBUG - Already followed user: 0xmurtimus. Skipping.
2026-09-09 02:04:24,367 - DEBUG - Already followed user: U1000000000000. Skipping.
2026-09-09 02:04:24,367 - DEBUG - Already followed user: shahriar0999. Skipping.
2026-09-09 02:04:24,367 - DEBUG - Already followed user: souvikrana17. Skipping.
2026-09-09 02:04:24,368 - DEBUG - Already followed user: AhmedDabish. Skipping.
2026-09-09 02:04:24,368 - DEBUG - Already followed user: DIMFLIX. Skipping.
2026-09-09 02:04:24,368 - DEBUG - Already followed user: 1526422010. Skipping.
2026-09-09 02:04:24,368 - DEBUG - Already followed user: EminHaziyev. Skipping.
2026-09-09 02:04:24,368 - DEBUG - Already followed user: VarshuAi. Skipping.
2026-09-09 02:04:24,368 - DEBUG - Already followed user: CelaFlori. Skipping.
2026-09-09 02:04:24,368 - DEBUG - Already followed user: 0xspryo. Skipping.
2026-09-09 02:04:24,368 - DEBUG - Already followed user: laurindoisaac. Skipping.
2026-09-09 02:04:24,368 - DEBUG - Already followed user: Motaman-M. Skipping.
2026-09-09 02:04:24,368 - DEBUG - Already followed user: Seif-01. Skipping.
2026-09-09 02:04:24,368 - DEBUG - Already followed user: motanelson. Skipping.
2026-09-09 02:04:24,368 - DEBUG - Already followed user: cepseu1. Skipping.
2026-09-09 02:04:24,368 - DEBUG - Already followed user: bolola777. Skipping.
2026-09-09 02:04:24,368 - DEBUG - Already followed user: vardan444. Skipping.
2026-09-09 02:04:24,368 - DEBUG - Already followed user: rahuloraj. Skipping.
2026-09-09 02:04:24,368 - DEBUG - Already followed user: knmlabs. Skipping.
2026-09-09 02:04:24,368 - DEBUG - Already followed user: Mubashir12392. Skipping.
2026-09-09 02:04:24,368 - DEBUG - Already followed user: jeallz. Skipping.
2026-09-09 02:04:24,368 - DEBUG - Already followed user: ArmandSegall. Skipping.
2026-09-09 02:04:24,368 - DEBUG - Already followed user: reignsi. Skipping.
2026-09-09 02:04:24,368 - DEBUG - Already followed user: christosantono. Skipping.
2026-09-09 02:04:24,368 - DEBUG - Already followed user: Nai64. Skipping.
2026-09-09 02:04:24,368 - DEBUG - Already followed user: K1rsN7. Skipping.
2026-09-09 02:04:24,368 - DEBUG - Already followed user: MatthewMacri. Skipping.
2026-09-09 02:04:24,368 - DEBUG - Already followed user: whitakeroliver. Skipping.
2026-09-09 02:04:24,368 - DEBUG - Already followed user: S4IL21. Skipping.
2026-09-09 02:04:24,516 - INFO - Rate Limit - Remaining: 5000, Reset at: 2026-09-09 03:04:24
2026-09-09 02:04:24,517 - INFO - Fetching followers from: https://api.github.com/users/aelmizeb/followers?per_page=100&page=3
2026-09-09 02:04:24,672 - DEBUG - Number of followers fetched: 100
2026-09-09 02:04:24,672 - INFO - Fetched 100 followers on page 3.
2026-09-09 02:04:24,672 - INFO - Sleeping for 5 seconds before following users.
2026-09-09 02:04:29,677 - DEBUG - Already followed user: filipzekovich. Skipping.
2026-09-09 02:04:29,678 - DEBUG - Already followed user: RafalW3bCraft. Skipping.
2026-09-09 02:04:29,678 - DEBUG - Already followed user: 7007259Ankur. Skipping.
2026-09-09 02:04:29,678 - DEBUG - Already followed user: amurrayeqc. Skipping.
2026-09-09 02:04:29,678 - DEBUG - Already followed user: Willysc10. Skipping.
2026-09-09 02:04:29,678 - DEBUG - Already followed user: rasidi3112. Skipping.
2026-09-09 02:04:29,678 - DEBUG - Already followed user: otaviossousa. Skipping.
2026-09-09 02:04:29,678 - DEBUG - Already followed user: taahabz. Skipping.
2026-09-09 02:04:29,678 - DEBUG - Already followed user: topdigitalplus. Skipping.
2026-09-09 02:04:29,678 - DEBUG - Already followed user: lilbodo123. Skipping.
2026-09-09 02:04:29,678 - DEBUG - Already followed user: super-phantom91. Skipping.
2026-09-09 02:04:29,678 - DEBUG - Already followed user: hyper-ayoub. Skipping.
2026-09-09 02:04:29,678 - DEBUG - Already followed user: DrParthaMajumder. Skipping.
2026-09-09 02:04:29,678 - DEBUG - Already followed user: sunjoe508. Skipping.
2026-09-09 02:04:29,678 - DEBUG - Already followed user: HalfFriedPotato. Skipping.
2026-09-09 02:04:29,678 - DEBUG - Already followed user: IamDevDan. Skipping.
2026-09-09 02:04:29,678 - DEBUG - Already followed user: Fellipemarcal. Skipping.
2026-09-09 02:04:29,678 - DEBUG - Already followed user: potentialdev-web. Skipping.
2026-09-09 02:04:29,678 - DEBUG - Already followed user: Laqrabti. Skipping.
2026-09-09 02:04:29,678 - DEBUG - Already followed user: masonliiu. Skipping.
2026-09-09 02:04:29,678 - DEBUG - Already followed user: deadlyandro. Skipping.
2026-09-09 02:04:29,678 - DEBUG - Already followed user: AhmadTigress. Skipping.
2026-09-09 02:04:29,678 - DEBUG - Already followed user: Maher-Elmair. Skipping.
2026-09-09 02:04:29,678 - DEBUG - Already followed user: harutosati. Skipping.
2026-09-09 02:04:29,678 - DEBUG - Already followed user: B2Kumar03. Skipping.
2026-09-09 02:04:29,678 - DEBUG - Already followed user: AbdulRehman393. Skipping.
2026-09-09 02:04:29,678 - DEBUG - Already followed user: vijayshikhare. Skipping.
2026-09-09 02:04:29,678 - DEBUG - Already followed user: nuraisi. Skipping.
2026-09-09 02:04:29,679 - DEBUG - Already followed user: aertsimon90. Skipping.
2026-09-09 02:04:29,679 - DEBUG - Already followed user: Bifenzine. Skipping.
2026-09-09 02:04:29,679 - DEBUG - Already followed user: Chainsmoker23. Skipping.
2026-09-09 02:04:29,679 - DEBUG - Already followed user: 3nesdeniz. Skipping.
2026-09-09 02:04:29,679 - DEBUG - Already followed user: vegata099. Skipping.
2026-09-09 02:04:29,679 - DEBUG - Already followed user: marichu-kt. Skipping.
2026-09-09 02:04:29,679 - DEBUG - Already followed user: yutomiwana. Skipping.
2026-09-09 02:04:29,679 - DEBUG - Already followed user: gaqx. Skipping.
2026-09-09 02:04:29,679 - DEBUG - Already followed user: AnonimusShamshiAlex. Skipping.
2026-09-09 02:04:29,679 - DEBUG - Already followed user: goShell3. Skipping.
2026-09-09 02:04:29,679 - DEBUG - Already followed user: bencheayoub. Skipping.
2026-09-09 02:04:29,679 - DEBUG - Already followed user: juicetreacly. Skipping.
2026-09-09 02:04:29,679 - DEBUG - Already followed user: Babarali2k21. Skipping.
2026-09-09 02:04:29,679 - DEBUG - Already followed user: a-partovii. Skipping.
2026-09-09 02:04:29,679 - DEBUG - Already followed user: SalehAkramSifat. Skipping.
2026-09-09 02:04:29,679 - DEBUG - Already followed user: martian56. Skipping.
2026-09-09 02:04:29,679 - DEBUG - Already followed user: mengnankkkk. Skipping.
2026-09-09 02:04:29,679 - DEBUG - Already followed user: lec320fd90d. Skipping.
2026-09-09 02:04:29,679 - DEBUG - Already followed user: nahladzulula. Skipping.
2026-09-09 02:04:29,679 - DEBUG - Already followed user: AImaniadev. Skipping.
2026-09-09 02:04:29,679 - DEBUG - Already followed user: LakhiniVoshadee. Skipping.
2026-09-09 02:04:29,679 - DEBUG - Already followed user: cfrBernard. Skipping.
2026-09-09 02:04:29,679 - DEBUG - Already followed user: rexblade58. Skipping.
2026-09-09 02:04:29,679 - DEBUG - Already followed user: amad3i. Skipping.
2026-09-09 02:04:29,679 - DEBUG - Already followed user: Arison99. Skipping.
2026-09-09 02:04:29,679 - DEBUG - Already followed user: abdulrhmansalama. Skipping.
2026-09-09 02:04:29,679 - DEBUG - Already followed user: AbSomeone. Skipping.
2026-09-09 02:04:29,679 - DEBUG - Already followed user: nam-htran. Skipping.
2026-09-09 02:04:29,679 - DEBUG - Already followed user: GitHub7667. Skipping.
2026-09-09 02:04:29,679 - DEBUG - Already followed user: DevNinja08. Skipping.
2026-09-09 02:04:29,679 - DEBUG - Already followed user: dovvnloading. Skipping.
2026-09-09 02:04:29,679 - DEBUG - Already followed user: Ali-hey-0. Skipping.
2026-09-09 02:04:29,679 - DEBUG - Already followed user: talrejasahil4994. Skipping.
2026-09-09 02:04:29,679 - DEBUG - Already followed user: hellen-ansah. Skipping.
2026-09-09 02:04:29,679 - DEBUG - Already followed user: kiranShamsHere. Skipping.
2026-09-09 02:04:29,679 - DEBUG - Already followed user: Iankulani. Skipping.
2026-09-09 02:04:29,679 - DEBUG - Already followed user: VIDAKHOSHPEY22. Skipping.
2026-09-09 02:04:29,679 - DEBUG - Already followed user: BhagwaniVishi. Skipping.
2026-09-09 02:04:29,679 - DEBUG - Already followed user: aridepai17. Skipping.
2026-09-09 02:04:29,680 - DEBUG - Already followed user: 0Darkn. Skipping.
2026-09-09 02:04:29,680 - DEBUG - Already followed user: ShRP69. Skipping.
2026-09-09 02:04:29,680 - DEBUG - Already followed user: KayanShah. Skipping.
2026-09-09 02:04:29,680 - DEBUG - Already followed user: iousuz. Skipping.
2026-09-09 02:04:29,680 - DEBUG - Already followed user: Md-Mubin. Skipping.
2026-09-09 02:04:29,680 - DEBUG - Already followed user: lxl0825. Skipping.
2026-09-09 02:04:29,680 - DEBUG - Already followed user: abressiddique. Skipping.
2026-09-09 02:04:29,680 - DEBUG - Already followed user: 0xAdafang. Skipping.
2026-09-09 02:04:29,680 - DEBUG - Already followed user: jkdevcode. Skipping.
2026-09-09 02:04:29,680 - DEBUG - Already followed user: JawherKl. Skipping.
2026-09-09 02:04:29,680 - DEBUG - Already followed user: pwnedroot. Skipping.
2026-09-09 02:04:29,680 - DEBUG - Already followed user: DaviBaum. Skipping.
2026-09-09 02:04:29,680 - DEBUG - Already followed user: Nour-yahyaoui. Skipping.
2026-09-09 02:04:29,680 - DEBUG - Already followed user: thornebaker. Skipping.
2026-09-09 02:04:29,680 - DEBUG - Already followed user: rioryugen. Skipping.
2026-09-09 02:04:29,680 - DEBUG - Already followed user: nikhilpatidar01. Skipping.
2026-09-09 02:04:29,680 - DEBUG - Already followed user: codeXdanyal. Skipping.
2026-09-09 02:04:29,680 - DEBUG - Already followed user: gambling-addict. Skipping.
2026-09-09 02:04:29,680 - DEBUG - Already followed user: novagad. Skipping.
2026-09-09 02:04:29,680 - DEBUG - Already followed user: chojuninengu. Skipping.
2026-09-09 02:04:29,680 - DEBUG - Already followed user: JOELNATHAN544. Skipping.
2026-09-09 02:04:29,680 - DEBUG - Already followed user: Senthil455. Skipping.
2026-09-09 02:04:29,680 - DEBUG - Already followed user: pouryaPKGit. Skipping.
2026-09-09 02:04:29,680 - DEBUG - Already followed user: mwakidenis. Skipping.
2026-09-09 02:04:29,680 - DEBUG - Already followed user: daniel149afonso. Skipping.
2026-09-09 02:04:29,680 - DEBUG - Already followed user: MatheusRuivo365. Skipping.
2026-09-09 02:04:29,680 - DEBUG - Already followed user: grimwaIker. Skipping.
2026-09-09 02:04:29,680 - DEBUG - Already followed user: vsrupeshkumar. Skipping.
2026-09-09 02:04:29,680 - DEBUG - Already followed user: landry-some. Skipping.
2026-09-09 02:04:29,680 - DEBUG - Already followed user: madhavgadge01. Skipping.
2026-09-09 02:04:29,680 - DEBUG - Already followed user: panyster. Skipping.
2026-09-09 02:04:29,680 - DEBUG - Already followed user: MdShawonForazi. Skipping.
2026-09-09 02:04:29,680 - DEBUG - Already followed user: Muhammad-qureshi1. Skipping.
2026-09-09 02:04:29,819 - INFO - Rate Limit - Remaining: 5000, Reset at: 2026-09-09 03:04:29
2026-09-09 02:04:29,820 - INFO - Fetching followers from: https://api.github.com/users/aelmizeb/followers?per_page=100&page=4
2026-09-09 02:04:29,977 - DEBUG - Number of followers fetched: 100
2026-09-09 02:04:29,977 - INFO - Fetched 100 followers on page 4.
2026-09-09 02:04:29,977 - INFO - Sleeping for 5 seconds before following users.
2026-09-09 02:04:34,983 - DEBUG - Already followed user: destroy-boys. Skipping.
2026-09-09 02:04:34,983 - DEBUG - Already followed user: byxbe. Skipping.
2026-09-09 02:04:34,983 - DEBUG - Already followed user: vimal0156. Skipping.
2026-09-09 02:04:34,983 - DEBUG - Already followed user: syedbilalalam1. Skipping.
2026-09-09 02:04:34,983 - DEBUG - Already followed user: COUNTRY-HUMANS. Skipping.
2026-09-09 02:04:34,983 - DEBUG - Already followed user: Ayokanmi-Adejola. Skipping.
2026-09-09 02:04:34,983 - DEBUG - Already followed user: irenerodriguezrod. Skipping.
2026-09-09 02:04:34,983 - DEBUG - Already followed user: ngsnethawarya. Skipping.
2026-09-09 02:04:34,983 - DEBUG - Already followed user: mahimarawat0707. Skipping.
2026-09-09 02:04:34,983 - DEBUG - Already followed user: MuratKomurcu1. Skipping.
2026-09-09 02:04:34,983 - DEBUG - Already followed user: DARKANGEL689. Skipping.
2026-09-09 02:04:34,983 - DEBUG - Already followed user: buildcompanytogether. Skipping.
2026-09-09 02:04:34,983 - DEBUG - Already followed user: techspire0924. Skipping.
2026-09-09 02:04:34,983 - DEBUG - Already followed user: TechLeon001. Skipping.
2026-09-09 02:04:34,983 - DEBUG - Already followed user: sonle-dev. Skipping.
2026-09-09 02:04:34,983 - DEBUG - Already followed user: yonana-sahile. Skipping.
2026-09-09 02:04:34,983 - DEBUG - Already followed user: howls-moving-castle. Skipping.
2026-09-09 02:04:34,983 - DEBUG - Already followed user: lovehiccup. Skipping.
2026-09-09 02:04:34,983 - DEBUG - Already followed user: techEdge3030. Skipping.
2026-09-09 02:04:34,983 - DEBUG - Already followed user: webxos. Skipping.
2026-09-09 02:04:34,983 - DEBUG - Already followed user: developernayeemx. Skipping.
2026-09-09 02:04:34,983 - DEBUG - Already followed user: drydenmitchell. Skipping.
2026-09-09 02:04:34,983 - DEBUG - Already followed user: eatsky1006. Skipping.
2026-09-09 02:04:34,984 - DEBUG - Already followed user: frangelbarrera. Skipping.
2026-09-09 02:04:34,984 - DEBUG - Already followed user: 156afl. Skipping.
2026-09-09 02:04:34,984 - DEBUG - Already followed user: guten-tag-100. Skipping.
2026-09-09 02:04:34,984 - DEBUG - Already followed user: retrobullseye. Skipping.
2026-09-09 02:04:34,984 - DEBUG - Already followed user: nelbeu. Skipping.
2026-09-09 02:04:34,984 - DEBUG - Already followed user: ZPIIDR. Skipping.
2026-09-09 02:04:34,984 - DEBUG - Already followed user: floriant3. Skipping.
2026-09-09 02:04:34,984 - DEBUG - Already followed user: amazing-soft-dev. Skipping.
2026-09-09 02:04:34,984 - DEBUG - Already followed user: Quoriss. Skipping.
2026-09-09 02:04:34,984 - DEBUG - Already followed user: xcontcom. Skipping.
2026-09-09 02:04:34,984 - DEBUG - Already followed user: SparkNews00000. Skipping.
2026-09-09 02:04:34,984 - DEBUG - Already followed user: Lyne6666. Skipping.
2026-09-09 02:04:34,984 - DEBUG - Already followed user: nafiul-afk. Skipping.
2026-09-09 02:04:34,984 - DEBUG - Already followed user: ShiningRocket. Skipping.
2026-09-09 02:04:34,984 - DEBUG - Already followed user: Noori-Senior. Skipping.
2026-09-09 02:04:34,984 - DEBUG - Already followed user: AnjaliPatel301. Skipping.
2026-09-09 02:04:34,984 - DEBUG - Already followed user: Dev-Mania1988. Skipping.
2026-09-09 02:04:34,984 - DEBUG - Already followed user: BOYABOY999. Skipping.
2026-09-09 02:04:34,984 - DEBUG - Already followed user: NOUHABL. Skipping.
2026-09-09 02:04:34,984 - DEBUG - Already followed user: RamaAditya49. Skipping.
2026-09-09 02:04:34,984 - DEBUG - Already followed user: Seo-yeonLee. Skipping.
2026-09-09 02:04:34,984 - DEBUG - Already followed user: ChungusLord123. Skipping.
2026-09-09 02:04:34,984 - DEBUG - Already followed user: mohamadeydipour. Skipping.
2026-09-09 02:04:34,984 - DEBUG - Already followed user: constellation-infinity. Skipping.
2026-09-09 02:04:34,984 - DEBUG - Already followed user: rosem-coder. Skipping.
2026-09-09 02:04:34,984 - DEBUG - Already followed user: XO-Roham. Skipping.
2026-09-09 02:04:34,984 - DEBUG - Already followed user: kerryjanes. Skipping.
2026-09-09 02:04:34,984 - DEBUG - Already followed user: hyuntayo. Skipping.
2026-09-09 02:04:34,984 - DEBUG - Already followed user: wetmet. Skipping.
2026-09-09 02:04:34,984 - DEBUG - Already followed user: sezindartar. Skipping.
2026-09-09 02:04:34,984 - DEBUG - Already followed user: arielshakaramiro. Skipping.
2026-09-09 02:04:34,984 - DEBUG - Already followed user: NovaNoodle7. Skipping.
2026-09-09 02:04:34,984 - DEBUG - Already followed user: annaveth. Skipping.
2026-09-09 02:04:34,984 - DEBUG - Already followed user: rexxdeev. Skipping.
2026-09-09 02:04:34,984 - DEBUG - Already followed user: cosmospice. Skipping.
2026-09-09 02:04:34,984 - DEBUG - Already followed user: lrepo52. Skipping.
2026-09-09 02:04:34,984 - DEBUG - Already followed user: uhsr. Skipping.
2026-09-09 02:04:34,984 - DEBUG - Already followed user: REIJISAKAMAKI. Skipping.
2026-09-09 02:04:34,984 - DEBUG - Already followed user: devnavodhimsara. Skipping.
2026-09-09 02:04:34,985 - DEBUG - Already followed user: muichirox. Skipping.
2026-09-09 02:04:34,985 - DEBUG - Already followed user: thehappydictator. Skipping.
2026-09-09 02:04:34,985 - DEBUG - Already followed user: JohnAxel04. Skipping.
2026-09-09 02:04:34,985 - DEBUG - Already followed user: laigit-dot. Skipping.
2026-09-09 02:04:34,985 - DEBUG - Already followed user: 1minds3t. Skipping.
2026-09-09 02:04:34,985 - DEBUG - Already followed user: 2nixx. Skipping.
2026-09-09 02:04:34,985 - DEBUG - Already followed user: Jones-6199. Skipping.
2026-09-09 02:04:34,985 - DEBUG - Already followed user: matchingduo. Skipping.
2026-09-09 02:04:34,985 - DEBUG - Already followed user: Mistrust12. Skipping.
2026-09-09 02:04:34,985 - DEBUG - Already followed user: runner28-code. Skipping.
2026-09-09 02:04:34,985 - DEBUG - Already followed user: kakaka-byte. Skipping.
2026-09-09 02:04:34,985 - DEBUG - Already followed user: alvrenkai. Skipping.
2026-09-09 02:04:34,985 - DEBUG - Already followed user: KabeloM13. Skipping.
2026-09-09 02:04:34,985 - DEBUG - Already followed user: HamiParsa. Skipping.
2026-09-09 02:04:34,985 - DEBUG - Already followed user: abdulrdeveloper. Skipping.
2026-09-09 02:04:34,985 - DEBUG - Already followed user: Lyche6666. Skipping.
2026-09-09 02:04:34,985 - DEBUG - Already followed user: sphinxzerd. Skipping.
2026-09-09 02:04:34,985 - DEBUG - Already followed user: siddhant3895. Skipping.
2026-09-09 02:04:34,985 - DEBUG - Already followed user: conexto. Skipping.
2026-09-09 02:04:34,985 - DEBUG - Already followed user: nikecodedev. Skipping.
2026-09-09 02:04:34,985 - DEBUG - Already followed user: anshull-rajput. Skipping.
2026-09-09 02:04:34,985 - DEBUG - Already followed user: ExCoder999. Skipping.
2026-09-09 02:04:34,985 - DEBUG - Already followed user: nykoco. Skipping.
2026-09-09 02:04:34,985 - DEBUG - Already followed user: zombietfk. Skipping.
2026-09-09 02:04:34,985 - DEBUG - Already followed user: Ashkan-P88. Skipping.
2026-09-09 02:04:34,985 - DEBUG - Already followed user: nexthireconnect. Skipping.
2026-09-09 02:04:34,985 - DEBUG - Already followed user: cyanile. Skipping.
2026-09-09 02:04:34,985 - DEBUG - Already followed user: REVOLV1NG. Skipping.
2026-09-09 02:04:34,985 - DEBUG - Already followed user: kakashl-hatake. Skipping.
2026-09-09 02:04:34,985 - DEBUG - Already followed user: martycorn. Skipping.
2026-09-09 02:04:34,985 - DEBUG - Already followed user: HysteriaWEB3. Skipping.
2026-09-09 02:04:34,985 - DEBUG - Already followed user: joebtceth. Skipping.
2026-09-09 02:04:34,985 - DEBUG - Already followed user: jojoamanie. Skipping.
2026-09-09 02:04:34,985 - DEBUG - Already followed user: MohibAhmadButt. Skipping.
2026-09-09 02:04:34,985 - DEBUG - Already followed user: 9Michael-Cooley. Skipping.
2026-09-09 02:04:34,985 - DEBUG - Already followed user: nargestohidloo. Skipping.
2026-09-09 02:04:34,985 - DEBUG - Already followed user: hwg-p. Skipping.
2026-09-09 02:04:34,985 - DEBUG - Already followed user: BERDLYY. Skipping.
2026-09-09 02:04:35,116 - INFO - Rate Limit - Remaining: 5000, Reset at: 2026-09-09 03:04:35
2026-09-09 02:04:35,117 - INFO - Fetching followers from: https://api.github.com/users/aelmizeb/followers?per_page=100&page=5
2026-09-09 02:04:35,260 - DEBUG - Number of followers fetched: 31
2026-09-09 02:04:35,260 - INFO - Fetched 31 followers on page 5.
2026-09-09 02:04:35,260 - INFO - Sleeping for 5 seconds before following users.
2026-09-09 02:04:40,265 - DEBUG - Already followed user: chenE5M2. Skipping.
2026-09-09 02:04:40,266 - DEBUG - Already followed user: IvanDevMars. Skipping.
2026-09-09 02:04:40,266 - DEBUG - Already followed user: El-Tousy. Skipping.
2026-09-09 02:04:40,266 - DEBUG - Already followed user: art-in-alizade. Skipping.
2026-09-09 02:04:40,266 - DEBUG - Already followed user: illusive7ai. Skipping.
2026-09-09 02:04:40,266 - DEBUG - Already followed user: UnicornMorty. Skipping.
2026-09-09 02:04:40,266 - DEBUG - Already followed user: vibecodinguy. Skipping.
2026-09-09 02:04:40,266 - DEBUG - Already followed user: WElRD0. Skipping.
2026-09-09 02:04:40,266 - DEBUG - Already followed user: saravananbass12-tech. Skipping.
2026-09-09 02:04:40,266 - DEBUG - Already followed user: sugarburn. Skipping.
2026-09-09 02:04:40,266 - DEBUG - Already followed user: Espotmx. Skipping.
2026-09-09 02:04:40,266 - DEBUG - Already followed user: MJ-ulia. Skipping.
2026-09-09 02:04:40,266 - DEBUG - Already followed user: DERB1F. Skipping.
2026-09-09 02:04:40,266 - DEBUG - Already followed user: donaldmorry. Skipping.
2026-09-09 02:04:40,266 - DEBUG - Already followed user: EimanTahir027. Skipping.
2026-09-09 02:04:40,266 - DEBUG - Already followed user: kyal102. Skipping.
2026-09-09 02:04:40,266 - DEBUG - Already followed user: Belucking. Skipping.
2026-09-09 02:04:40,266 - DEBUG - Already followed user: holilayet. Skipping.
2026-09-09 02:04:40,266 - DEBUG - Already followed user: ByteBunny777. Skipping.
2026-09-09 02:04:40,266 - DEBUG - Already followed user: AngelofDarknessm. Skipping.
2026-09-09 02:04:40,266 - DEBUG - Already followed user: Ella-horizon. Skipping.
2026-09-09 02:04:40,266 - DEBUG - Already followed user: hassenbrahim. Skipping.
2026-09-09 02:04:40,266 - DEBUG - Already followed user: alberto4442. Skipping.
2026-09-09 02:04:40,266 - DEBUG - Already followed user: ancaferro. Skipping.
2026-09-09 02:04:40,266 - DEBUG - Already followed user: raviwijerathna1. Skipping.
2026-09-09 02:04:40,266 - DEBUG - Already followed user: ClaerDev. Skipping.
2026-09-09 02:04:40,266 - DEBUG - Already followed user: TOPDEV99999. Skipping.
2026-09-09 02:04:40,266 - DEBUG - Already followed user: takahashikushina0223. Skipping.
2026-09-09 02:04:40,266 - DEBUG - Already followed user: cchongming. Skipping.
2026-09-09 02:04:40,266 - DEBUG - Already followed user: evvenoly. Skipping.
2026-09-09 02:04:40,267 - INFO - Attempting to follow user: arvelquigley99
2026-09-09 02:04:40,514 - INFO - Successfully followed user: arvelquigley99
2026-09-09 02:04:40,516 - DEBUG - Appended user arvelquigley99 to followers.txt.
2026-09-09 02:04:40,516 - INFO - Follower counter updated: 1002
2026-09-09 02:04:40,516 - INFO - Sleeping for 13.62 seconds before the next follow.
2026-09-09 02:04:54,308 - INFO - Rate Limit - Remaining: 5000, Reset at: 2026-09-09 03:04:54
2026-09-09 02:04:54,309 - INFO - Fetching followers from: https://api.github.com/users/aelmizeb/followers?per_page=100&page=6
2026-09-09 02:04:54,489 - DEBUG - Number of followers fetched: 0
2026-09-09 02:04:54,490 - INFO - No more followers to process. Exiting.
2026-09-09 02:04:54,490 - INFO - Follower counter updated: 1002
2026-09-09 02:04:54,490 - INFO - 
Following users from your follower list is done! Total followers fetched: 431, Total followers followed: 1002
2026-09-10 02:00:39,045 - INFO - Hi! I am GitHub Follower Bot.
2026-09-10 02:00:39,045 - INFO - Letting you follow all your followers!
2026-09-10 02:00:39,045 - INFO - Starting to fetch your follower lists...

2026-09-10 02:00:39,046 - INFO - Loaded 1002 already followed users.
2026-09-10 02:00:39,046 - INFO - Processing all followers without resume.
2026-09-10 02:00:39,046 - INFO - Starting from page: 1
2026-09-10 02:00:39,046 - INFO - Current follower counter: 1002
2026-09-10 02:00:39,283 - INFO - Rate Limit - Remaining: 5000, Reset at: 2026-09-10 03:00:39
2026-09-10 02:00:39,283 - INFO - Fetching followers from: https://api.github.com/users/aelmizeb/followers?per_page=100&page=1
2026-09-10 02:00:39,507 - DEBUG - Number of followers fetched: 100
2026-09-10 02:00:39,507 - INFO - Fetched 100 followers on page 1.
2026-09-10 02:00:39,507 - INFO - Sleeping for 5 seconds before following users.
2026-09-10 02:00:44,512 - DEBUG - Already followed user: levonk. Skipping.
2026-09-10 02:00:44,512 - DEBUG - Already followed user: peterruler. Skipping.
2026-09-10 02:00:44,512 - DEBUG - Already followed user: slavaGanzin. Skipping.
2026-09-10 02:00:44,512 - DEBUG - Already followed user: kenjinote. Skipping.
2026-09-10 02:00:44,512 - DEBUG - Already followed user: tech4xstar. Skipping.
2026-09-10 02:00:44,512 - DEBUG - Already followed user: sarkarshuvojit. Skipping.
2026-09-10 02:00:44,513 - DEBUG - Already followed user: unhappychoice. Skipping.
2026-09-10 02:00:44,513 - DEBUG - Already followed user: luckchain777. Skipping.
2026-09-10 02:00:44,513 - DEBUG - Already followed user: jorithanx. Skipping.
2026-09-10 02:00:44,513 - DEBUG - Already followed user: whiteplaine. Skipping.
2026-09-10 02:00:44,513 - DEBUG - Already followed user: gamemann. Skipping.
2026-09-10 02:00:44,513 - DEBUG - Already followed user: riseansmal. Skipping.
2026-09-10 02:00:44,513 - DEBUG - Already followed user: manman4. Skipping.
2026-09-10 02:00:44,513 - DEBUG - Already followed user: KylerCondran. Skipping.
2026-09-10 02:00:44,513 - DEBUG - Already followed user: ZhuChenn. Skipping.
2026-09-10 02:00:44,513 - DEBUG - Already followed user: Elbagoury. Skipping.
2026-09-10 02:00:44,513 - DEBUG - Already followed user: murapadev. Skipping.
2026-09-10 02:00:44,513 - DEBUG - Already followed user: tetref. Skipping.
2026-09-10 02:00:44,513 - DEBUG - Already followed user: Hantan1080. Skipping.
2026-09-10 02:00:44,513 - DEBUG - Already followed user: OliviaBennQ. Skipping.
2026-09-10 02:00:44,513 - DEBUG - Already followed user: budaivisita. Skipping.
2026-09-10 02:00:44,513 - DEBUG - Already followed user: ledgerhubteam. Skipping.
2026-09-10 02:00:44,513 - DEBUG - Already followed user: CelaDaniel. Skipping.
2026-09-10 02:00:44,513 - DEBUG - Already followed user: ThomasHWeb. Skipping.
2026-09-10 02:00:44,513 - DEBUG - Already followed user: paaak. Skipping.
2026-09-10 02:00:44,513 - DEBUG - Already followed user: hitman0290. Skipping.
2026-09-10 02:00:44,513 - DEBUG - Already followed user: jokeyhter. Skipping.
2026-09-10 02:00:44,513 - DEBUG - Already followed user: dbunt1tled. Skipping.
2026-09-10 02:00:44,513 - DEBUG - Already followed user: medmek. Skipping.
2026-09-10 02:00:44,513 - DEBUG - Already followed user: Hajjouz. Skipping.
2026-09-10 02:00:44,513 - DEBUG - Already followed user: IDouble. Skipping.
2026-09-10 02:00:44,513 - DEBUG - Already followed user: Jeesson. Skipping.
2026-09-10 02:00:44,513 - DEBUG - Already followed user: CatFortman. Skipping.
2026-09-10 02:00:44,513 - DEBUG - Already followed user: ZainJavaid. Skipping.
2026-09-10 02:00:44,513 - DEBUG - Already followed user: dioptx. Skipping.
2026-09-10 02:00:44,513 - DEBUG - Already followed user: DanHouseman. Skipping.
2026-09-10 02:00:44,514 - DEBUG - Already followed user: forgerondev. Skipping.
2026-09-10 02:00:44,514 - DEBUG - Already followed user: djvelimir. Skipping.
2026-09-10 02:00:44,514 - DEBUG - Already followed user: guevaraStian. Skipping.
2026-09-10 02:00:44,514 - DEBUG - Already followed user: cambot86. Skipping.
2026-09-10 02:00:44,514 - DEBUG - Already followed user: mollyroger. Skipping.
2026-09-10 02:00:44,514 - DEBUG - Already followed user: visualGravitySense. Skipping.
2026-09-10 02:00:44,514 - DEBUG - Already followed user: jelspace. Skipping.
2026-09-10 02:00:44,514 - DEBUG - Already followed user: Sanghyun-0h. Skipping.
2026-09-10 02:00:44,514 - DEBUG - Already followed user: dweatherston11. Skipping.
2026-09-10 02:00:44,514 - DEBUG - Already followed user: weiquan98. Skipping.
2026-09-10 02:00:44,514 - DEBUG - Already followed user: furendyna. Skipping.
2026-09-10 02:00:44,514 - DEBUG - Already followed user: furkan012. Skipping.
2026-09-10 02:00:44,514 - DEBUG - Already followed user: KostasSliazas. Skipping.
2026-09-10 02:00:44,514 - DEBUG - Already followed user: hxreborn. Skipping.
2026-09-10 02:00:44,514 - DEBUG - Already followed user: hazexone. Skipping.
2026-09-10 02:00:44,514 - DEBUG - Already followed user: ardaltunel. Skipping.
2026-09-10 02:00:44,514 - DEBUG - Already followed user: domcomit. Skipping.
2026-09-10 02:00:44,514 - DEBUG - Already followed user: boomray. Skipping.
2026-09-10 02:00:44,514 - DEBUG - Already followed user: rob0pup. Skipping.
2026-09-10 02:00:44,514 - DEBUG - Already followed user: IshmamAbir. Skipping.
2026-09-10 02:00:44,514 - DEBUG - Already followed user: designAsign. Skipping.
2026-09-10 02:00:44,514 - DEBUG - Already followed user: ai-28. Skipping.
2026-09-10 02:00:44,514 - DEBUG - Already followed user: Connor9994. Skipping.
2026-09-10 02:00:44,514 - DEBUG - Already followed user: domx4q. Skipping.
2026-09-10 02:00:44,514 - DEBUG - Already followed user: Devify-Co. Skipping.
2026-09-10 02:00:44,514 - DEBUG - Already followed user: Jaxomcode. Skipping.
2026-09-10 02:00:44,514 - DEBUG - Already followed user: jackciw. Skipping.
2026-09-10 02:00:44,514 - DEBUG - Already followed user: 4F71. Skipping.
2026-09-10 02:00:44,514 - DEBUG - Already followed user: standardgalactic. Skipping.
2026-09-10 02:00:44,514 - DEBUG - Already followed user: sandibrrm. Skipping.
2026-09-10 02:00:44,514 - DEBUG - Already followed user: AchrafReyani. Skipping.
2026-09-10 02:00:44,514 - DEBUG - Already followed user: jaderytm. Skipping.
2026-09-10 02:00:44,514 - DEBUG - Already followed user: nstrmx. Skipping.
2026-09-10 02:00:44,514 - DEBUG - Already followed user: RaccoonFacts. Skipping.
2026-09-10 02:00:44,514 - DEBUG - Already followed user: Kos-M. Skipping.
2026-09-10 02:00:44,514 - DEBUG - Already followed user: jfullstackdev. Skipping.
2026-09-10 02:00:44,514 - DEBUG - Already followed user: iVGeek. Skipping.
2026-09-10 02:00:44,514 - DEBUG - Already followed user: th3noryx. Skipping.
2026-09-10 02:00:44,514 - DEBUG - Already followed user: Unizuka22. Skipping.
2026-09-10 02:00:44,515 - DEBUG - Already followed user: vasilirigels. Skipping.
2026-09-10 02:00:44,515 - DEBUG - Already followed user: cristinagberta. Skipping.
2026-09-10 02:00:44,515 - DEBUG - Already followed user: alexanderbergerhd. Skipping.
2026-09-10 02:00:44,515 - DEBUG - Already followed user: mohammadnabia. Skipping.
2026-09-10 02:00:44,515 - DEBUG - Already followed user: itsbagsy. Skipping.
2026-09-10 02:00:44,515 - DEBUG - Already followed user: dmitryravilov. Skipping.
2026-09-10 02:00:44,515 - DEBUG - Already followed user: szenled. Skipping.
2026-09-10 02:00:44,515 - DEBUG - Already followed user: Mindlyss. Skipping.
2026-09-10 02:00:44,515 - DEBUG - Already followed user: cerenyilmazjinx. Skipping.
2026-09-10 02:00:44,515 - DEBUG - Already followed user: BEPb. Skipping.
2026-09-10 02:00:44,515 - DEBUG - Already followed user: galaxyb-dark. Skipping.
2026-09-10 02:00:44,515 - DEBUG - Already followed user: HafidIdrissi. Skipping.
2026-09-10 02:00:44,515 - DEBUG - Already followed user: oluiscabral. Skipping.
2026-09-10 02:00:44,515 - DEBUG - Already followed user: cryptoAur4x. Skipping.
2026-09-10 02:00:44,515 - DEBUG - Already followed user: emilycodestar. Skipping.
2026-09-10 02:00:44,515 - DEBUG - Already followed user: giewan. Skipping.
2026-09-10 02:00:44,515 - DEBUG - Already followed user: ivasik-k7. Skipping.
2026-09-10 02:00:44,515 - DEBUG - Already followed user: sakuyaloli. Skipping.
2026-09-10 02:00:44,515 - DEBUG - Already followed user: aantoooon. Skipping.
2026-09-10 02:00:44,515 - DEBUG - Already followed user: NeoZorK. Skipping.
2026-09-10 02:00:44,515 - DEBUG - Already followed user: albonidrizi. Skipping.
2026-09-10 02:00:44,515 - DEBUG - Already followed user: Arul1998. Skipping.
2026-09-10 02:00:44,515 - DEBUG - Already followed user: hajigur69. Skipping.
2026-09-10 02:00:44,515 - DEBUG - Already followed user: trajanOx. Skipping.
2026-09-10 02:00:44,515 - DEBUG - Already followed user: VictoriaCabirta. Skipping.
2026-09-10 02:00:44,697 - INFO - Rate Limit - Remaining: 5000, Reset at: 2026-09-10 03:00:44
2026-09-10 02:00:44,698 - INFO - Fetching followers from: https://api.github.com/users/aelmizeb/followers?per_page=100&page=2
2026-09-10 02:00:44,914 - DEBUG - Number of followers fetched: 100
2026-09-10 02:00:44,914 - INFO - Fetched 100 followers on page 2.
2026-09-10 02:00:44,914 - INFO - Sleeping for 5 seconds before following users.
2026-09-10 02:00:49,919 - DEBUG - Already followed user: CHUNG-HAO. Skipping.
2026-09-10 02:00:49,919 - DEBUG - Already followed user: loreius. Skipping.
2026-09-10 02:00:49,919 - DEBUG - Already followed user: Supremenottee. Skipping.
2026-09-10 02:00:49,919 - DEBUG - Already followed user: mainstar123. Skipping.
2026-09-10 02:00:49,919 - DEBUG - Already followed user: JohnMwendwa. Skipping.
2026-09-10 02:00:49,919 - DEBUG - Already followed user: Geek-Cheth. Skipping.
2026-09-10 02:00:49,919 - DEBUG - Already followed user: AhmadJeddi. Skipping.
2026-09-10 02:00:49,919 - DEBUG - Already followed user: OftenUser. Skipping.
2026-09-10 02:00:49,919 - DEBUG - Already followed user: mohammadhasanii. Skipping.
2026-09-10 02:00:49,919 - DEBUG - Already followed user: haochezh. Skipping.
2026-09-10 02:00:49,919 - DEBUG - Already followed user: mbitujames. Skipping.
2026-09-10 02:00:49,919 - DEBUG - Already followed user: Nisyalz01. Skipping.
2026-09-10 02:00:49,919 - DEBUG - Already followed user: MaitreyeeDhar. Skipping.
2026-09-10 02:00:49,920 - DEBUG - Already followed user: nelokusa. Skipping.
2026-09-10 02:00:49,920 - DEBUG - Already followed user: r97221004. Skipping.
2026-09-10 02:00:49,920 - DEBUG - Already followed user: Carrington-dev. Skipping.
2026-09-10 02:00:49,920 - DEBUG - Already followed user: pinhe91. Skipping.
2026-09-10 02:00:49,920 - DEBUG - Already followed user: minseochoj. Skipping.
2026-09-10 02:00:49,920 - DEBUG - Already followed user: thisalireza. Skipping.
2026-09-10 02:00:49,920 - DEBUG - Already followed user: BhuvanAde. Skipping.
2026-09-10 02:00:49,920 - DEBUG - Already followed user: KerollosMagdy. Skipping.
2026-09-10 02:00:49,920 - DEBUG - Already followed user: Jamkris. Skipping.
2026-09-10 02:00:49,920 - DEBUG - Already followed user: 00200200. Skipping.
2026-09-10 02:00:49,920 - DEBUG - Already followed user: steph3nm. Skipping.
2026-09-10 02:00:49,920 - DEBUG - Already followed user: arch-yunus. Skipping.
2026-09-10 02:00:49,920 - DEBUG - Already followed user: Jailtonfonseca. Skipping.
2026-09-10 02:00:49,920 - DEBUG - Already followed user: lxRbckl. Skipping.
2026-09-10 02:00:49,920 - DEBUG - Already followed user: jamesgeodi. Skipping.
2026-09-10 02:00:49,920 - DEBUG - Already followed user: olienath. Skipping.
2026-09-10 02:00:49,920 - DEBUG - Already followed user: xrpcommunity. Skipping.
2026-09-10 02:00:49,920 - DEBUG - Already followed user: jolliesol. Skipping.
2026-09-10 02:00:49,920 - DEBUG - Already followed user: xnovaxdev. Skipping.
2026-09-10 02:00:49,920 - DEBUG - Already followed user: filzehoka. Skipping.
2026-09-10 02:00:49,920 - DEBUG - Already followed user: Wenyveo. Skipping.
2026-09-10 02:00:49,920 - DEBUG - Already followed user: nico-laqua. Skipping.
2026-09-10 02:00:49,920 - DEBUG - Already followed user: Hstkj23. Skipping.
2026-09-10 02:00:49,920 - DEBUG - Already followed user: emilybarru. Skipping.
2026-09-10 02:00:49,920 - DEBUG - Already followed user: NazmusSayad. Skipping.
2026-09-10 02:00:49,920 - DEBUG - Already followed user: Liuboshenko. Skipping.
2026-09-10 02:00:49,920 - DEBUG - Already followed user: lgomesappj. Skipping.
2026-09-10 02:00:49,920 - DEBUG - Already followed user: irenascent. Skipping.
2026-09-10 02:00:49,920 - DEBUG - Already followed user: Berserk-hub150. Skipping.
2026-09-10 02:00:49,920 - DEBUG - Already followed user: mariwatts. Skipping.
2026-09-10 02:00:49,920 - DEBUG - Already followed user: Davidevlops. Skipping.
2026-09-10 02:00:49,920 - DEBUG - Already followed user: ezozu. Skipping.
2026-09-10 02:00:49,920 - DEBUG - Already followed user: OHANA-WEB. Skipping.
2026-09-10 02:00:49,920 - DEBUG - Already followed user: BamdadTabari. Skipping.
2026-09-10 02:00:49,920 - DEBUG - Already followed user: vinamega. Skipping.
2026-09-10 02:00:49,920 - DEBUG - Already followed user: cgrundman. Skipping.
2026-09-10 02:00:49,920 - DEBUG - Already followed user: zkcryptweb. Skipping.
2026-09-10 02:00:49,920 - DEBUG - Already followed user: eldarlrd. Skipping.
2026-09-10 02:00:49,921 - DEBUG - Already followed user: bashichda. Skipping.
2026-09-10 02:00:49,921 - DEBUG - Already followed user: ludo53. Skipping.
2026-09-10 02:00:49,921 - DEBUG - Already followed user: heinodendal. Skipping.
2026-09-10 02:00:49,921 - DEBUG - Already followed user: linuxtusX5. Skipping.
2026-09-10 02:00:49,921 - DEBUG - Already followed user: CarAuto34. Skipping.
2026-09-10 02:00:49,921 - DEBUG - Already followed user: elifirinci. Skipping.
2026-09-10 02:00:49,921 - DEBUG - Already followed user: sabbir-noyon. Skipping.
2026-09-10 02:00:49,921 - DEBUG - Already followed user: Nima-Mollaei. Skipping.
2026-09-10 02:00:49,921 - DEBUG - Already followed user: apurva313. Skipping.
2026-09-10 02:00:49,921 - DEBUG - Already followed user: kyiroywops. Skipping.
2026-09-10 02:00:49,921 - DEBUG - Already followed user: m-bwela. Skipping.
2026-09-10 02:00:49,921 - DEBUG - Already followed user: NachoOFC. Skipping.
2026-09-10 02:00:49,921 - DEBUG - Already followed user: CrisLottz. Skipping.
2026-09-10 02:00:49,921 - DEBUG - Already followed user: MrMDrX. Skipping.
2026-09-10 02:00:49,921 - DEBUG - Already followed user: nimakian. Skipping.
2026-09-10 02:00:49,921 - DEBUG - Already followed user: iamapuneet. Skipping.
2026-09-10 02:00:49,921 - DEBUG - Already followed user: iktiarnazib. Skipping.
2026-09-10 02:00:49,921 - DEBUG - Already followed user: Daxxtropezz. Skipping.
2026-09-10 02:00:49,921 - DEBUG - Already followed user: joaocarpim. Skipping.
2026-09-10 02:00:49,921 - DEBUG - Already followed user: 0xmurtimus. Skipping.
2026-09-10 02:00:49,921 - DEBUG - Already followed user: U1000000000000. Skipping.
2026-09-10 02:00:49,921 - DEBUG - Already followed user: shahriar0999. Skipping.
2026-09-10 02:00:49,921 - DEBUG - Already followed user: souvikrana17. Skipping.
2026-09-10 02:00:49,921 - DEBUG - Already followed user: AhmedDabish. Skipping.
2026-09-10 02:00:49,921 - DEBUG - Already followed user: DIMFLIX. Skipping.
2026-09-10 02:00:49,921 - DEBUG - Already followed user: 1526422010. Skipping.
2026-09-10 02:00:49,921 - DEBUG - Already followed user: EminHaziyev. Skipping.
2026-09-10 02:00:49,921 - DEBUG - Already followed user: VarshuAi. Skipping.
2026-09-10 02:00:49,921 - DEBUG - Already followed user: CelaFlori. Skipping.
2026-09-10 02:00:49,921 - DEBUG - Already followed user: 0xspryo. Skipping.
2026-09-10 02:00:49,921 - DEBUG - Already followed user: laurindoisaac. Skipping.
2026-09-10 02:00:49,921 - DEBUG - Already followed user: Motaman-M. Skipping.
2026-09-10 02:00:49,921 - DEBUG - Already followed user: Seif-01. Skipping.
2026-09-10 02:00:49,921 - DEBUG - Already followed user: motanelson. Skipping.
2026-09-10 02:00:49,921 - DEBUG - Already followed user: cepseu1. Skipping.
2026-09-10 02:00:49,921 - DEBUG - Already followed user: bolola777. Skipping.
2026-09-10 02:00:49,921 - DEBUG - Already followed user: vardan444. Skipping.
2026-09-10 02:00:49,921 - DEBUG - Already followed user: rahuloraj. Skipping.
2026-09-10 02:00:49,922 - DEBUG - Already followed user: knmlabs. Skipping.
2026-09-10 02:00:49,922 - DEBUG - Already followed user: Mubashir12392. Skipping.
2026-09-10 02:00:49,922 - DEBUG - Already followed user: jeallz. Skipping.
2026-09-10 02:00:49,922 - DEBUG - Already followed user: ArmandSegall. Skipping.
2026-09-10 02:00:49,922 - DEBUG - Already followed user: reignsi. Skipping.
2026-09-10 02:00:49,922 - DEBUG - Already followed user: christosantono. Skipping.
2026-09-10 02:00:49,922 - DEBUG - Already followed user: Nai64. Skipping.
2026-09-10 02:00:49,922 - DEBUG - Already followed user: K1rsN7. Skipping.
2026-09-10 02:00:49,922 - DEBUG - Already followed user: MatthewMacri. Skipping.
2026-09-10 02:00:49,922 - DEBUG - Already followed user: whitakeroliver. Skipping.
2026-09-10 02:00:49,922 - DEBUG - Already followed user: S4IL21. Skipping.
2026-09-10 02:00:50,094 - INFO - Rate Limit - Remaining: 5000, Reset at: 2026-09-10 03:00:50
2026-09-10 02:00:50,095 - INFO - Fetching followers from: https://api.github.com/users/aelmizeb/followers?per_page=100&page=3
2026-09-10 02:00:50,334 - DEBUG - Number of followers fetched: 100
2026-09-10 02:00:50,334 - INFO - Fetched 100 followers on page 3.
2026-09-10 02:00:50,334 - INFO - Sleeping for 5 seconds before following users.
2026-09-10 02:00:55,339 - DEBUG - Already followed user: filipzekovich. Skipping.
2026-09-10 02:00:55,340 - DEBUG - Already followed user: RafalW3bCraft. Skipping.
2026-09-10 02:00:55,340 - DEBUG - Already followed user: 7007259Ankur. Skipping.
2026-09-10 02:00:55,340 - DEBUG - Already followed user: amurrayeqc. Skipping.
2026-09-10 02:00:55,340 - DEBUG - Already followed user: Willysc10. Skipping.
2026-09-10 02:00:55,340 - DEBUG - Already followed user: rasidi3112. Skipping.
2026-09-10 02:00:55,340 - DEBUG - Already followed user: otaviossousa. Skipping.
2026-09-10 02:00:55,340 - DEBUG - Already followed user: taahabz. Skipping.
2026-09-10 02:00:55,340 - DEBUG - Already followed user: topdigitalplus. Skipping.
2026-09-10 02:00:55,340 - DEBUG - Already followed user: lilbodo123. Skipping.
2026-09-10 02:00:55,340 - DEBUG - Already followed user: super-phantom91. Skipping.
2026-09-10 02:00:55,340 - DEBUG - Already followed user: hyper-ayoub. Skipping.
2026-09-10 02:00:55,340 - DEBUG - Already followed user: DrParthaMajumder. Skipping.
2026-09-10 02:00:55,340 - DEBUG - Already followed user: sunjoe508. Skipping.
2026-09-10 02:00:55,340 - DEBUG - Already followed user: HalfFriedPotato. Skipping.
2026-09-10 02:00:55,340 - DEBUG - Already followed user: IamDevDan. Skipping.
2026-09-10 02:00:55,340 - DEBUG - Already followed user: Fellipemarcal. Skipping.
2026-09-10 02:00:55,340 - DEBUG - Already followed user: potentialdev-web. Skipping.
2026-09-10 02:00:55,340 - DEBUG - Already followed user: Laqrabti. Skipping.
2026-09-10 02:00:55,340 - DEBUG - Already followed user: masonliiu. Skipping.
2026-09-10 02:00:55,340 - DEBUG - Already followed user: deadlyandro. Skipping.
2026-09-10 02:00:55,340 - DEBUG - Already followed user: AhmadTigress. Skipping.
2026-09-10 02:00:55,340 - DEBUG - Already followed user: Maher-Elmair. Skipping.
2026-09-10 02:00:55,340 - DEBUG - Already followed user: harutosati. Skipping.
2026-09-10 02:00:55,340 - DEBUG - Already followed user: B2Kumar03. Skipping.
2026-09-10 02:00:55,340 - DEBUG - Already followed user: AbdulRehman393. Skipping.
2026-09-10 02:00:55,340 - DEBUG - Already followed user: vijayshikhare. Skipping.
2026-09-10 02:00:55,340 - DEBUG - Already followed user: nuraisi. Skipping.
2026-09-10 02:00:55,340 - DEBUG - Already followed user: aertsimon90. Skipping.
2026-09-10 02:00:55,340 - DEBUG - Already followed user: Bifenzine. Skipping.
2026-09-10 02:00:55,340 - DEBUG - Already followed user: Chainsmoker23. Skipping.
2026-09-10 02:00:55,340 - DEBUG - Already followed user: 3nesdeniz. Skipping.
2026-09-10 02:00:55,340 - DEBUG - Already followed user: vegata099. Skipping.
2026-09-10 02:00:55,341 - DEBUG - Already followed user: marichu-kt. Skipping.
2026-09-10 02:00:55,341 - DEBUG - Already followed user: yutomiwana. Skipping.
2026-09-10 02:00:55,341 - DEBUG - Already followed user: gaqx. Skipping.
2026-09-10 02:00:55,341 - DEBUG - Already followed user: AnonimusShamshiAlex. Skipping.
2026-09-10 02:00:55,341 - DEBUG - Already followed user: goShell3. Skipping.
2026-09-10 02:00:55,341 - DEBUG - Already followed user: bencheayoub. Skipping.
2026-09-10 02:00:55,341 - DEBUG - Already followed user: juicetreacly. Skipping.
2026-09-10 02:00:55,341 - DEBUG - Already followed user: Babarali2k21. Skipping.
2026-09-10 02:00:55,341 - DEBUG - Already followed user: a-partovii. Skipping.
2026-09-10 02:00:55,341 - DEBUG - Already followed user: SalehAkramSifat. Skipping.
2026-09-10 02:00:55,341 - DEBUG - Already followed user: martian56. Skipping.
2026-09-10 02:00:55,341 - DEBUG - Already followed user: mengnankkkk. Skipping.
2026-09-10 02:00:55,341 - DEBUG - Already followed user: lec320fd90d. Skipping.
2026-09-10 02:00:55,341 - DEBUG - Already followed user: nahladzulula. Skipping.
2026-09-10 02:00:55,341 - DEBUG - Already followed user: AImaniadev. Skipping.
2026-09-10 02:00:55,341 - DEBUG - Already followed user: LakhiniVoshadee. Skipping.
2026-09-10 02:00:55,341 - DEBUG - Already followed user: cfrBernard. Skipping.
2026-09-10 02:00:55,341 - DEBUG - Already followed user: rexblade58. Skipping.
2026-09-10 02:00:55,341 - DEBUG - Already followed user: amad3i. Skipping.
2026-09-10 02:00:55,341 - DEBUG - Already followed user: Arison99. Skipping.
2026-09-10 02:00:55,341 - DEBUG - Already followed user: abdulrhmansalama. Skipping.
2026-09-10 02:00:55,341 - DEBUG - Already followed user: AbSomeone. Skipping.
2026-09-10 02:00:55,341 - DEBUG - Already followed user: nam-htran. Skipping.
2026-09-10 02:00:55,341 - DEBUG - Already followed user: GitHub7667. Skipping.
2026-09-10 02:00:55,341 - DEBUG - Already followed user: DevNinja08. Skipping.
2026-09-10 02:00:55,341 - DEBUG - Already followed user: dovvnloading. Skipping.
2026-09-10 02:00:55,341 - DEBUG - Already followed user: Ali-hey-0. Skipping.
2026-09-10 02:00:55,341 - DEBUG - Already followed user: talrejasahil4994. Skipping.
2026-09-10 02:00:55,341 - DEBUG - Already followed user: hellen-ansah. Skipping.
2026-09-10 02:00:55,341 - DEBUG - Already followed user: kiranShamsHere. Skipping.
2026-09-10 02:00:55,341 - DEBUG - Already followed user: Iankulani. Skipping.
2026-09-10 02:00:55,341 - DEBUG - Already followed user: VIDAKHOSHPEY22. Skipping.
2026-09-10 02:00:55,341 - DEBUG - Already followed user: BhagwaniVishi. Skipping.
2026-09-10 02:00:55,341 - DEBUG - Already followed user: aridepai17. Skipping.
2026-09-10 02:00:55,341 - DEBUG - Already followed user: 0Darkn. Skipping.
2026-09-10 02:00:55,341 - DEBUG - Already followed user: ShRP69. Skipping.
2026-09-10 02:00:55,341 - DEBUG - Already followed user: KayanShah. Skipping.
2026-09-10 02:00:55,341 - DEBUG - Already followed user: iousuz. Skipping.
2026-09-10 02:00:55,342 - DEBUG - Already followed user: Md-Mubin. Skipping.
2026-09-10 02:00:55,342 - DEBUG - Already followed user: lxl0825. Skipping.
2026-09-10 02:00:55,342 - DEBUG - Already followed user: abressiddique. Skipping.
2026-09-10 02:00:55,342 - DEBUG - Already followed user: 0xAdafang. Skipping.
2026-09-10 02:00:55,342 - DEBUG - Already followed user: jkdevcode. Skipping.
2026-09-10 02:00:55,342 - DEBUG - Already followed user: JawherKl. Skipping.
2026-09-10 02:00:55,342 - DEBUG - Already followed user: pwnedroot. Skipping.
2026-09-10 02:00:55,342 - DEBUG - Already followed user: DaviBaum. Skipping.
2026-09-10 02:00:55,342 - DEBUG - Already followed user: Nour-yahyaoui. Skipping.
2026-09-10 02:00:55,342 - DEBUG - Already followed user: thornebaker. Skipping.
2026-09-10 02:00:55,342 - DEBUG - Already followed user: rioryugen. Skipping.
2026-09-10 02:00:55,342 - DEBUG - Already followed user: nikhilpatidar01. Skipping.
2026-09-10 02:00:55,342 - DEBUG - Already followed user: codeXdanyal. Skipping.
2026-09-10 02:00:55,342 - DEBUG - Already followed user: gambling-addict. Skipping.
2026-09-10 02:00:55,342 - DEBUG - Already followed user: novagad. Skipping.
2026-09-10 02:00:55,342 - DEBUG - Already followed user: chojuninengu. Skipping.
2026-09-10 02:00:55,342 - DEBUG - Already followed user: JOELNATHAN544. Skipping.
2026-09-10 02:00:55,342 - DEBUG - Already followed user: Senthil455. Skipping.
2026-09-10 02:00:55,342 - DEBUG - Already followed user: pouryaPKGit. Skipping.
2026-09-10 02:00:55,342 - DEBUG - Already followed user: mwakidenis. Skipping.
2026-09-10 02:00:55,342 - DEBUG - Already followed user: daniel149afonso. Skipping.
2026-09-10 02:00:55,342 - DEBUG - Already followed user: MatheusRuivo365. Skipping.
2026-09-10 02:00:55,342 - DEBUG - Already followed user: grimwaIker. Skipping.
2026-09-10 02:00:55,342 - DEBUG - Already followed user: vsrupeshkumar. Skipping.
2026-09-10 02:00:55,342 - DEBUG - Already followed user: landry-some. Skipping.
2026-09-10 02:00:55,342 - DEBUG - Already followed user: madhavgadge01. Skipping.
2026-09-10 02:00:55,342 - DEBUG - Already followed user: panyster. Skipping.
2026-09-10 02:00:55,342 - DEBUG - Already followed user: MdShawonForazi. Skipping.
2026-09-10 02:00:55,342 - DEBUG - Already followed user: Muhammad-qureshi1. Skipping.
2026-09-10 02:00:55,534 - INFO - Rate Limit - Remaining: 5000, Reset at: 2026-09-10 03:00:55
2026-09-10 02:00:55,534 - INFO - Fetching followers from: https://api.github.com/users/aelmizeb/followers?per_page=100&page=4
2026-09-10 02:00:55,724 - DEBUG - Number of followers fetched: 100
2026-09-10 02:00:55,724 - INFO - Fetched 100 followers on page 4.
2026-09-10 02:00:55,724 - INFO - Sleeping for 5 seconds before following users.
2026-09-10 02:01:00,729 - DEBUG - Already followed user: destroy-boys. Skipping.
2026-09-10 02:01:00,729 - DEBUG - Already followed user: byxbe. Skipping.
2026-09-10 02:01:00,729 - DEBUG - Already followed user: vimal0156. Skipping.
2026-09-10 02:01:00,729 - DEBUG - Already followed user: syedbilalalam1. Skipping.
2026-09-10 02:01:00,729 - DEBUG - Already followed user: COUNTRY-HUMANS. Skipping.
2026-09-10 02:01:00,730 - DEBUG - Already followed user: Ayokanmi-Adejola. Skipping.
2026-09-10 02:01:00,730 - DEBUG - Already followed user: irenerodriguezrod. Skipping.
2026-09-10 02:01:00,730 - DEBUG - Already followed user: ngsnethawarya. Skipping.
2026-09-10 02:01:00,730 - DEBUG - Already followed user: mahimarawat0707. Skipping.
2026-09-10 02:01:00,730 - DEBUG - Already followed user: MuratKomurcu1. Skipping.
2026-09-10 02:01:00,730 - DEBUG - Already followed user: DARKANGEL689. Skipping.
2026-09-10 02:01:00,730 - DEBUG - Already followed user: buildcompanytogether. Skipping.
2026-09-10 02:01:00,730 - DEBUG - Already followed user: techspire0924. Skipping.
2026-09-10 02:01:00,730 - DEBUG - Already followed user: TechLeon001. Skipping.
2026-09-10 02:01:00,730 - DEBUG - Already followed user: sonle-dev. Skipping.
2026-09-10 02:01:00,730 - DEBUG - Already followed user: yonana-sahile. Skipping.
2026-09-10 02:01:00,730 - DEBUG - Already followed user: howls-moving-castle. Skipping.
2026-09-10 02:01:00,730 - DEBUG - Already followed user: lovehiccup. Skipping.
2026-09-10 02:01:00,730 - DEBUG - Already followed user: techEdge3030. Skipping.
2026-09-10 02:01:00,730 - DEBUG - Already followed user: webxos. Skipping.
2026-09-10 02:01:00,730 - DEBUG - Already followed user: developernayeemx. Skipping.
2026-09-10 02:01:00,730 - DEBUG - Already followed user: drydenmitchell. Skipping.
2026-09-10 02:01:00,730 - DEBUG - Already followed user: eatsky1006. Skipping.
2026-09-10 02:01:00,730 - DEBUG - Already followed user: frangelbarrera. Skipping.
2026-09-10 02:01:00,730 - DEBUG - Already followed user: 156afl. Skipping.
2026-09-10 02:01:00,730 - DEBUG - Already followed user: guten-tag-100. Skipping.
2026-09-10 02:01:00,730 - DEBUG - Already followed user: retrobullseye. Skipping.
2026-09-10 02:01:00,730 - DEBUG - Already followed user: nelbeu. Skipping.
2026-09-10 02:01:00,730 - DEBUG - Already followed user: ZPIIDR. Skipping.
2026-09-10 02:01:00,730 - DEBUG - Already followed user: floriant3. Skipping.
2026-09-10 02:01:00,730 - DEBUG - Already followed user: amazing-soft-dev. Skipping.
2026-09-10 02:01:00,730 - DEBUG - Already followed user: Quoriss. Skipping.
2026-09-10 02:01:00,730 - DEBUG - Already followed user: xcontcom. Skipping.
2026-09-10 02:01:00,730 - DEBUG - Already followed user: SparkNews00000. Skipping.
2026-09-10 02:01:00,730 - DEBUG - Already followed user: Lyne6666. Skipping.
2026-09-10 02:01:00,730 - DEBUG - Already followed user: nafiul-afk. Skipping.
2026-09-10 02:01:00,730 - DEBUG - Already followed user: ShiningRocket. Skipping.
2026-09-10 02:01:00,730 - DEBUG - Already followed user: Noori-Senior. Skipping.
2026-09-10 02:01:00,730 - DEBUG - Already followed user: AnjaliPatel301. Skipping.
2026-09-10 02:01:00,731 - DEBUG - Already followed user: Dev-Mania1988. Skipping.
2026-09-10 02:01:00,731 - DEBUG - Already followed user: BOYABOY999. Skipping.
2026-09-10 02:01:00,731 - DEBUG - Already followed user: NOUHABL. Skipping.
2026-09-10 02:01:00,731 - DEBUG - Already followed user: RamaAditya49. Skipping.
2026-09-10 02:01:00,731 - DEBUG - Already followed user: Seo-yeonLee. Skipping.
2026-09-10 02:01:00,731 - DEBUG - Already followed user: ChungusLord123. Skipping.
2026-09-10 02:01:00,731 - DEBUG - Already followed user: mohamadeydipour. Skipping.
2026-09-10 02:01:00,731 - DEBUG - Already followed user: constellation-infinity. Skipping.
2026-09-10 02:01:00,731 - DEBUG - Already followed user: rosem-coder. Skipping.
2026-09-10 02:01:00,731 - DEBUG - Already followed user: XO-Roham. Skipping.
2026-09-10 02:01:00,731 - DEBUG - Already followed user: kerryjanes. Skipping.
2026-09-10 02:01:00,731 - DEBUG - Already followed user: hyuntayo. Skipping.
2026-09-10 02:01:00,731 - DEBUG - Already followed user: wetmet. Skipping.
2026-09-10 02:01:00,731 - DEBUG - Already followed user: sezindartar. Skipping.
2026-09-10 02:01:00,731 - DEBUG - Already followed user: arielshakaramiro. Skipping.
2026-09-10 02:01:00,731 - DEBUG - Already followed user: NovaNoodle7. Skipping.
2026-09-10 02:01:00,731 - DEBUG - Already followed user: annaveth. Skipping.
2026-09-10 02:01:00,731 - DEBUG - Already followed user: rexxdeev. Skipping.
2026-09-10 02:01:00,731 - DEBUG - Already followed user: cosmospice. Skipping.
2026-09-10 02:01:00,731 - DEBUG - Already followed user: lrepo52. Skipping.
2026-09-10 02:01:00,731 - DEBUG - Already followed user: uhsr. Skipping.
2026-09-10 02:01:00,731 - DEBUG - Already followed user: REIJISAKAMAKI. Skipping.
2026-09-10 02:01:00,731 - DEBUG - Already followed user: devnavodhimsara. Skipping.
2026-09-10 02:01:00,731 - DEBUG - Already followed user: muichirox. Skipping.
2026-09-10 02:01:00,731 - DEBUG - Already followed user: thehappydictator. Skipping.
2026-09-10 02:01:00,731 - DEBUG - Already followed user: JohnAxel04. Skipping.
2026-09-10 02:01:00,731 - DEBUG - Already followed user: laigit-dot. Skipping.
2026-09-10 02:01:00,731 - DEBUG - Already followed user: 1minds3t. Skipping.
2026-09-10 02:01:00,731 - DEBUG - Already followed user: 2nixx. Skipping.
2026-09-10 02:01:00,731 - DEBUG - Already followed user: Jones-6199. Skipping.
2026-09-10 02:01:00,731 - DEBUG - Already followed user: matchingduo. Skipping.
2026-09-10 02:01:00,731 - DEBUG - Already followed user: Mistrust12. Skipping.
2026-09-10 02:01:00,731 - DEBUG - Already followed user: runner28-code. Skipping.
2026-09-10 02:01:00,731 - DEBUG - Already followed user: kakaka-byte. Skipping.
2026-09-10 02:01:00,731 - DEBUG - Already followed user: alvrenkai. Skipping.
2026-09-10 02:01:00,732 - DEBUG - Already followed user: KabeloM13. Skipping.
2026-09-10 02:01:00,732 - DEBUG - Already followed user: HamiParsa. Skipping.
2026-09-10 02:01:00,732 - DEBUG - Already followed user: abdulrdeveloper. Skipping.
2026-09-10 02:01:00,732 - DEBUG - Already followed user: Lyche6666. Skipping.
2026-09-10 02:01:00,732 - DEBUG - Already followed user: sphinxzerd. Skipping.
2026-09-10 02:01:00,732 - DEBUG - Already followed user: siddhant3895. Skipping.
2026-09-10 02:01:00,732 - DEBUG - Already followed user: conexto. Skipping.
2026-09-10 02:01:00,732 - DEBUG - Already followed user: nikecodedev. Skipping.
2026-09-10 02:01:00,732 - DEBUG - Already followed user: anshull-rajput. Skipping.
2026-09-10 02:01:00,732 - DEBUG - Already followed user: ExCoder999. Skipping.
2026-09-10 02:01:00,732 - DEBUG - Already followed user: nykoco. Skipping.
2026-09-10 02:01:00,732 - DEBUG - Already followed user: zombietfk. Skipping.
2026-09-10 02:01:00,732 - DEBUG - Already followed user: Ashkan-P88. Skipping.
2026-09-10 02:01:00,732 - DEBUG - Already followed user: nexthireconnect. Skipping.
2026-09-10 02:01:00,732 - DEBUG - Already followed user: cyanile. Skipping.
2026-09-10 02:01:00,732 - DEBUG - Already followed user: REVOLV1NG. Skipping.
2026-09-10 02:01:00,732 - DEBUG - Already followed user: kakashl-hatake. Skipping.
2026-09-10 02:01:00,732 - DEBUG - Already followed user: martycorn. Skipping.
2026-09-10 02:01:00,732 - DEBUG - Already followed user: HysteriaWEB3. Skipping.
2026-09-10 02:01:00,732 - DEBUG - Already followed user: joebtceth. Skipping.
2026-09-10 02:01:00,732 - DEBUG - Already followed user: jojoamanie. Skipping.
2026-09-10 02:01:00,732 - DEBUG - Already followed user: MohibAhmadButt. Skipping.
2026-09-10 02:01:00,732 - DEBUG - Already followed user: 9Michael-Cooley. Skipping.
2026-09-10 02:01:00,732 - DEBUG - Already followed user: nargestohidloo. Skipping.
2026-09-10 02:01:00,732 - INFO - Attempting to follow user: tawdesangeeta1973-coder
2026-09-10 02:01:01,061 - INFO - Successfully followed user: tawdesangeeta1973-coder
2026-09-10 02:01:01,062 - DEBUG - Appended user tawdesangeeta1973-coder to followers.txt.
2026-09-10 02:01:01,062 - INFO - Follower counter updated: 1003
2026-09-10 02:01:01,063 - INFO - Sleeping for 11.44 seconds before the next follow.
2026-09-10 02:01:12,515 - DEBUG - Already followed user: hwg-p. Skipping.
2026-09-10 02:01:12,704 - INFO - Rate Limit - Remaining: 5000, Reset at: 2026-09-10 03:01:12
2026-09-10 02:01:12,705 - INFO - Fetching followers from: https://api.github.com/users/aelmizeb/followers?per_page=100&page=5
2026-09-10 02:01:12,967 - DEBUG - Number of followers fetched: 32
2026-09-10 02:01:12,967 - INFO - Fetched 32 followers on page 5.
2026-09-10 02:01:12,967 - INFO - Sleeping for 5 seconds before following users.
2026-09-10 02:01:17,972 - DEBUG - Already followed user: BERDLYY. Skipping.
2026-09-10 02:01:17,973 - DEBUG - Already followed user: chenE5M2. Skipping.
2026-09-10 02:01:17,973 - DEBUG - Already followed user: IvanDevMars. Skipping.
2026-09-10 02:01:17,973 - DEBUG - Already followed user: El-Tousy. Skipping.
2026-09-10 02:01:17,973 - DEBUG - Already followed user: art-in-alizade. Skipping.
2026-09-10 02:01:17,973 - DEBUG - Already followed user: illusive7ai. Skipping.
2026-09-10 02:01:17,973 - DEBUG - Already followed user: UnicornMorty. Skipping.
2026-09-10 02:01:17,973 - DEBUG - Already followed user: vibecodinguy. Skipping.
2026-09-10 02:01:17,973 - DEBUG - Already followed user: WElRD0. Skipping.
2026-09-10 02:01:17,973 - DEBUG - Already followed user: saravananbass12-tech. Skipping.
2026-09-10 02:01:17,973 - DEBUG - Already followed user: sugarburn. Skipping.
2026-09-10 02:01:17,973 - DEBUG - Already followed user: Espotmx. Skipping.
2026-09-10 02:01:17,973 - DEBUG - Already followed user: MJ-ulia. Skipping.
2026-09-10 02:01:17,973 - DEBUG - Already followed user: DERB1F. Skipping.
2026-09-10 02:01:17,973 - DEBUG - Already followed user: donaldmorry. Skipping.
2026-09-10 02:01:17,973 - DEBUG - Already followed user: EimanTahir027. Skipping.
2026-09-10 02:01:17,973 - DEBUG - Already followed user: kyal102. Skipping.
2026-09-10 02:01:17,973 - DEBUG - Already followed user: Belucking. Skipping.
2026-09-10 02:01:17,973 - DEBUG - Already followed user: holilayet. Skipping.
2026-09-10 02:01:17,973 - DEBUG - Already followed user: ByteBunny777. Skipping.
2026-09-10 02:01:17,973 - DEBUG - Already followed user: AngelofDarknessm. Skipping.
2026-09-10 02:01:17,973 - DEBUG - Already followed user: Ella-horizon. Skipping.
2026-09-10 02:01:17,973 - DEBUG - Already followed user: hassenbrahim. Skipping.
2026-09-10 02:01:17,973 - DEBUG - Already followed user: alberto4442. Skipping.
2026-09-10 02:01:17,974 - DEBUG - Already followed user: ancaferro. Skipping.
2026-09-10 02:01:17,974 - DEBUG - Already followed user: raviwijerathna1. Skipping.
2026-09-10 02:01:17,974 - DEBUG - Already followed user: ClaerDev. Skipping.
2026-09-10 02:01:17,974 - DEBUG - Already followed user: TOPDEV99999. Skipping.
2026-09-10 02:01:17,974 - DEBUG - Already followed user: takahashikushina0223. Skipping.
2026-09-10 02:01:17,974 - DEBUG - Already followed user: cchongming. Skipping.
2026-09-10 02:01:17,974 - DEBUG - Already followed user: evvenoly. Skipping.
2026-09-10 02:01:17,974 - DEBUG - Already followed user: arvelquigley99. Skipping.
2026-09-10 02:01:18,169 - INFO - Rate Limit - Remaining: 5000, Reset at: 2026-09-10 03:01:18
2026-09-10 02:01:18,170 - INFO - Fetching followers from: https://api.github.com/users/aelmizeb/followers?per_page=100&page=6
2026-09-10 02:01:18,374 - DEBUG - Number of followers fetched: 0
2026-09-10 02:01:18,374 - INFO - No more followers to process. Exiting.
2026-09-10 02:01:18,375 - INFO - Follower counter updated: 1003
2026-09-10 02:01:18,375 - INFO - 
Following users from your follower list is done! Total followers fetched: 432, Total followers followed: 1003
2026-09-11 01:59:16,534 - INFO - Hi! I am GitHub Follower Bot.
2026-09-11 01:59:16,534 - INFO - Letting you follow all your followers!
2026-09-11 01:59:16,534 - INFO - Starting to fetch your follower lists...

2026-09-11 01:59:16,535 - INFO - Loaded 1003 already followed users.
2026-09-11 01:59:16,535 - INFO - Processing all followers without resume.
2026-09-11 01:59:16,535 - INFO - Starting from page: 1
2026-09-11 01:59:16,535 - INFO - Current follower counter: 1003
2026-09-11 01:59:16,811 - INFO - Rate Limit - Remaining: 5000, Reset at: 2026-09-11 02:59:16
2026-09-11 01:59:16,811 - INFO - Fetching followers from: https://api.github.com/users/aelmizeb/followers?per_page=100&page=1
2026-09-11 01:59:17,090 - DEBUG - Number of followers fetched: 100
2026-09-11 01:59:17,090 - INFO - Fetched 100 followers on page 1.
2026-09-11 01:59:17,090 - INFO - Sleeping for 5 seconds before following users.
2026-09-11 01:59:22,095 - DEBUG - Already followed user: levonk. Skipping.
2026-09-11 01:59:22,095 - DEBUG - Already followed user: peterruler. Skipping.
2026-09-11 01:59:22,095 - DEBUG - Already followed user: slavaGanzin. Skipping.
2026-09-11 01:59:22,095 - DEBUG - Already followed user: kenjinote. Skipping.
2026-09-11 01:59:22,096 - DEBUG - Already followed user: tech4xstar. Skipping.
2026-09-11 01:59:22,096 - DEBUG - Already followed user: sarkarshuvojit. Skipping.
2026-09-11 01:59:22,096 - DEBUG - Already followed user: unhappychoice. Skipping.
2026-09-11 01:59:22,096 - DEBUG - Already followed user: luckchain777. Skipping.
2026-09-11 01:59:22,096 - DEBUG - Already followed user: jorithanx. Skipping.
2026-09-11 01:59:22,096 - DEBUG - Already followed user: whiteplaine. Skipping.
2026-09-11 01:59:22,096 - DEBUG - Already followed user: gamemann. Skipping.
2026-09-11 01:59:22,096 - DEBUG - Already followed user: riseansmal. Skipping.
2026-09-11 01:59:22,096 - DEBUG - Already followed user: manman4. Skipping.
2026-09-11 01:59:22,096 - DEBUG - Already followed user: KylerCondran. Skipping.
2026-09-11 01:59:22,096 - DEBUG - Already followed user: ZhuChenn. Skipping.
2026-09-11 01:59:22,096 - DEBUG - Already followed user: Elbagoury. Skipping.
2026-09-11 01:59:22,096 - DEBUG - Already followed user: murapadev. Skipping.
2026-09-11 01:59:22,096 - DEBUG - Already followed user: tetref. Skipping.
2026-09-11 01:59:22,096 - DEBUG - Already followed user: Hantan1080. Skipping.
2026-09-11 01:59:22,096 - DEBUG - Already followed user: OliviaBennQ. Skipping.
2026-09-11 01:59:22,096 - DEBUG - Already followed user: budaivisita. Skipping.
2026-09-11 01:59:22,096 - DEBUG - Already followed user: ledgerhubteam. Skipping.
2026-09-11 01:59:22,096 - DEBUG - Already followed user: CelaDaniel. Skipping.
2026-09-11 01:59:22,096 - DEBUG - Already followed user: ThomasHWeb. Skipping.
2026-09-11 01:59:22,096 - DEBUG - Already followed user: paaak. Skipping.
2026-09-11 01:59:22,096 - DEBUG - Already followed user: hitman0290. Skipping.
2026-09-11 01:59:22,096 - DEBUG - Already followed user: jokeyhter. Skipping.
2026-09-11 01:59:22,096 - DEBUG - Already followed user: dbunt1tled. Skipping.
2026-09-11 01:59:22,096 - DEBUG - Already followed user: medmek. Skipping.
2026-09-11 01:59:22,096 - DEBUG - Already followed user: Hajjouz. Skipping.
2026-09-11 01:59:22,096 - DEBUG - Already followed user: IDouble. Skipping.
2026-09-11 01:59:22,096 - DEBUG - Already followed user: Jeesson. Skipping.
2026-09-11 01:59:22,096 - DEBUG - Already followed user: CatFortman. Skipping.
2026-09-11 01:59:22,096 - DEBUG - Already followed user: ZainJavaid. Skipping.
2026-09-11 01:59:22,096 - DEBUG - Already followed user: dioptx. Skipping.
2026-09-11 01:59:22,096 - DEBUG - Already followed user: DanHouseman. Skipping.
2026-09-11 01:59:22,096 - DEBUG - Already followed user: forgerondev. Skipping.
2026-09-11 01:59:22,096 - DEBUG - Already followed user: djvelimir. Skipping.
2026-09-11 01:59:22,096 - DEBUG - Already followed user: guevaraStian. Skipping.
2026-09-11 01:59:22,097 - DEBUG - Already followed user: cambot86. Skipping.
2026-09-11 01:59:22,097 - DEBUG - Already followed user: mollyroger. Skipping.
2026-09-11 01:59:22,097 - DEBUG - Already followed user: visualGravitySense. Skipping.
2026-09-11 01:59:22,097 - DEBUG - Already followed user: jelspace. Skipping.
2026-09-11 01:59:22,097 - DEBUG - Already followed user: Sanghyun-0h. Skipping.
2026-09-11 01:59:22,097 - DEBUG - Already followed user: dweatherston11. Skipping.
2026-09-11 01:59:22,097 - DEBUG - Already followed user: weiquan98. Skipping.
2026-09-11 01:59:22,097 - DEBUG - Already followed user: furendyna. Skipping.
2026-09-11 01:59:22,097 - DEBUG - Already followed user: furkan012. Skipping.
2026-09-11 01:59:22,097 - DEBUG - Already followed user: KostasSliazas. Skipping.
2026-09-11 01:59:22,097 - DEBUG - Already followed user: hxreborn. Skipping.
2026-09-11 01:59:22,097 - DEBUG - Already followed user: hazexone. Skipping.
2026-09-11 01:59:22,097 - DEBUG - Already followed user: ardaltunel. Skipping.
2026-09-11 01:59:22,097 - DEBUG - Already followed user: domcomit. Skipping.
2026-09-11 01:59:22,097 - DEBUG - Already followed user: boomray. Skipping.
2026-09-11 01:59:22,097 - DEBUG - Already followed user: rob0pup. Skipping.
2026-09-11 01:59:22,097 - DEBUG - Already followed user: IshmamAbir. Skipping.
2026-09-11 01:59:22,097 - DEBUG - Already followed user: designAsign. Skipping.
2026-09-11 01:59:22,097 - DEBUG - Already followed user: ai-28. Skipping.
2026-09-11 01:59:22,097 - DEBUG - Already followed user: Connor9994. Skipping.
2026-09-11 01:59:22,097 - DEBUG - Already followed user: domx4q. Skipping.
2026-09-11 01:59:22,097 - DEBUG - Already followed user: Devify-Co. Skipping.
2026-09-11 01:59:22,097 - DEBUG - Already followed user: Jaxomcode. Skipping.
2026-09-11 01:59:22,097 - DEBUG - Already followed user: jackciw. Skipping.
2026-09-11 01:59:22,097 - DEBUG - Already followed user: 4F71. Skipping.
2026-09-11 01:59:22,097 - DEBUG - Already followed user: standardgalactic. Skipping.
2026-09-11 01:59:22,097 - DEBUG - Already followed user: sandibrrm. Skipping.
2026-09-11 01:59:22,097 - DEBUG - Already followed user: AchrafReyani. Skipping.
2026-09-11 01:59:22,097 - DEBUG - Already followed user: jaderytm. Skipping.
2026-09-11 01:59:22,097 - DEBUG - Already followed user: nstrmx. Skipping.
2026-09-11 01:59:22,097 - DEBUG - Already followed user: RaccoonFacts. Skipping.
2026-09-11 01:59:22,097 - DEBUG - Already followed user: Kos-M. Skipping.
2026-09-11 01:59:22,097 - DEBUG - Already followed user: jfullstackdev. Skipping.
2026-09-11 01:59:22,097 - DEBUG - Already followed user: iVGeek. Skipping.
2026-09-11 01:59:22,097 - DEBUG - Already followed user: th3noryx. Skipping.
2026-09-11 01:59:22,097 - DEBUG - Already followed user: Unizuka22. Skipping.
2026-09-11 01:59:22,097 - DEBUG - Already followed user: vasilirigels. Skipping.
2026-09-11 01:59:22,097 - DEBUG - Already followed user: cristinagberta. Skipping.
2026-09-11 01:59:22,097 - DEBUG - Already followed user: alexanderbergerhd. Skipping.
2026-09-11 01:59:22,098 - DEBUG - Already followed user: mohammadnabia. Skipping.
2026-09-11 01:59:22,098 - DEBUG - Already followed user: itsbagsy. Skipping.
2026-09-11 01:59:22,098 - DEBUG - Already followed user: dmitryravilov. Skipping.
2026-09-11 01:59:22,098 - DEBUG - Already followed user: szenled. Skipping.
2026-09-11 01:59:22,098 - DEBUG - Already followed user: Mindlyss. Skipping.
2026-09-11 01:59:22,098 - DEBUG - Already followed user: cerenyilmazjinx. Skipping.
2026-09-11 01:59:22,098 - DEBUG - Already followed user: BEPb. Skipping.
2026-09-11 01:59:22,098 - DEBUG - Already followed user: galaxyb-dark. Skipping.
2026-09-11 01:59:22,098 - DEBUG - Already followed user: HafidIdrissi. Skipping.
2026-09-11 01:59:22,098 - DEBUG - Already followed user: oluiscabral. Skipping.
2026-09-11 01:59:22,098 - DEBUG - Already followed user: cryptoAur4x. Skipping.
2026-09-11 01:59:22,098 - DEBUG - Already followed user: emilycodestar. Skipping.
2026-09-11 01:59:22,098 - DEBUG - Already followed user: giewan. Skipping.
2026-09-11 01:59:22,098 - DEBUG - Already followed user: ivasik-k7. Skipping.
2026-09-11 01:59:22,098 - DEBUG - Already followed user: sakuyaloli. Skipping.
2026-09-11 01:59:22,098 - DEBUG - Already followed user: aantoooon. Skipping.
2026-09-11 01:59:22,098 - DEBUG - Already followed user: NeoZorK. Skipping.
2026-09-11 01:59:22,098 - DEBUG - Already followed user: albonidrizi. Skipping.
2026-09-11 01:59:22,098 - DEBUG - Already followed user: Arul1998. Skipping.
2026-09-11 01:59:22,098 - DEBUG - Already followed user: hajigur69. Skipping.
2026-09-11 01:59:22,098 - DEBUG - Already followed user: trajanOx. Skipping.
2026-09-11 01:59:22,098 - DEBUG - Already followed user: VictoriaCabirta. Skipping.
2026-09-11 01:59:22,371 - INFO - Rate Limit - Remaining: 5000, Reset at: 2026-09-11 02:59:22
2026-09-11 01:59:22,371 - INFO - Fetching followers from: https://api.github.com/users/aelmizeb/followers?per_page=100&page=2
2026-09-11 01:59:22,705 - DEBUG - Number of followers fetched: 100
2026-09-11 01:59:22,705 - INFO - Fetched 100 followers on page 2.
2026-09-11 01:59:22,705 - INFO - Sleeping for 5 seconds before following users.
2026-09-11 01:59:27,710 - DEBUG - Already followed user: CHUNG-HAO. Skipping.
2026-09-11 01:59:27,711 - DEBUG - Already followed user: loreius. Skipping.
2026-09-11 01:59:27,711 - DEBUG - Already followed user: Supremenottee. Skipping.
2026-09-11 01:59:27,711 - DEBUG - Already followed user: mainstar123. Skipping.
2026-09-11 01:59:27,711 - DEBUG - Already followed user: JohnMwendwa. Skipping.
2026-09-11 01:59:27,711 - DEBUG - Already followed user: Geek-Cheth. Skipping.
2026-09-11 01:59:27,711 - DEBUG - Already followed user: AhmadJeddi. Skipping.
2026-09-11 01:59:27,711 - DEBUG - Already followed user: OftenUser. Skipping.
2026-09-11 01:59:27,711 - DEBUG - Already followed user: mohammadhasanii. Skipping.
2026-09-11 01:59:27,711 - DEBUG - Already followed user: haochezh. Skipping.
2026-09-11 01:59:27,711 - DEBUG - Already followed user: mbitujames. Skipping.
2026-09-11 01:59:27,711 - DEBUG - Already followed user: Nisyalz01. Skipping.
2026-09-11 01:59:27,711 - DEBUG - Already followed user: MaitreyeeDhar. Skipping.
2026-09-11 01:59:27,711 - DEBUG - Already followed user: nelokusa. Skipping.
2026-09-11 01:59:27,711 - DEBUG - Already followed user: r97221004. Skipping.
2026-09-11 01:59:27,711 - DEBUG - Already followed user: Carrington-dev. Skipping.
2026-09-11 01:59:27,711 - DEBUG - Already followed user: pinhe91. Skipping.
2026-09-11 01:59:27,711 - DEBUG - Already followed user: minseochoj. Skipping.
2026-09-11 01:59:27,711 - DEBUG - Already followed user: thisalireza. Skipping.
2026-09-11 01:59:27,711 - DEBUG - Already followed user: BhuvanAde. Skipping.
2026-09-11 01:59:27,711 - DEBUG - Already followed user: KerollosMagdy. Skipping.
2026-09-11 01:59:27,711 - DEBUG - Already followed user: Jamkris. Skipping.
2026-09-11 01:59:27,711 - DEBUG - Already followed user: 00200200. Skipping.
2026-09-11 01:59:27,711 - DEBUG - Already followed user: steph3nm. Skipping.
2026-09-11 01:59:27,711 - DEBUG - Already followed user: arch-yunus. Skipping.
2026-09-11 01:59:27,711 - DEBUG - Already followed user: Jailtonfonseca. Skipping.
2026-09-11 01:59:27,712 - DEBUG - Already followed user: lxRbckl. Skipping.
2026-09-11 01:59:27,712 - DEBUG - Already followed user: jamesgeodi. Skipping.
2026-09-11 01:59:27,712 - DEBUG - Already followed user: olienath. Skipping.
2026-09-11 01:59:27,712 - DEBUG - Already followed user: xrpcommunity. Skipping.
2026-09-11 01:59:27,712 - DEBUG - Already followed user: jolliesol. Skipping.
2026-09-11 01:59:27,712 - DEBUG - Already followed user: xnovaxdev. Skipping.
2026-09-11 01:59:27,712 - DEBUG - Already followed user: filzehoka. Skipping.
2026-09-11 01:59:27,712 - DEBUG - Already followed user: Wenyveo. Skipping.
2026-09-11 01:59:27,712 - DEBUG - Already followed user: nico-laqua. Skipping.
2026-09-11 01:59:27,712 - DEBUG - Already followed user: Hstkj23. Skipping.
2026-09-11 01:59:27,712 - DEBUG - Already followed user: emilybarru. Skipping.
2026-09-11 01:59:27,712 - DEBUG - Already followed user: NazmusSayad. Skipping.
2026-09-11 01:59:27,712 - DEBUG - Already followed user: Liuboshenko. Skipping.
2026-09-11 01:59:27,712 - DEBUG - Already followed user: lgomesappj. Skipping.
2026-09-11 01:59:27,712 - DEBUG - Already followed user: irenascent. Skipping.
2026-09-11 01:59:27,712 - DEBUG - Already followed user: Berserk-hub150. Skipping.
2026-09-11 01:59:27,712 - DEBUG - Already followed user: mariwatts. Skipping.
2026-09-11 01:59:27,712 - DEBUG - Already followed user: Davidevlops. Skipping.
2026-09-11 01:59:27,712 - DEBUG - Already followed user: ezozu. Skipping.
2026-09-11 01:59:27,712 - DEBUG - Already followed user: OHANA-WEB. Skipping.
2026-09-11 01:59:27,712 - DEBUG - Already followed user: BamdadTabari. Skipping.
2026-09-11 01:59:27,712 - DEBUG - Already followed user: vinamega. Skipping.
2026-09-11 01:59:27,712 - DEBUG - Already followed user: cgrundman. Skipping.
2026-09-11 01:59:27,712 - DEBUG - Already followed user: zkcryptweb. Skipping.
2026-09-11 01:59:27,712 - DEBUG - Already followed user: eldarlrd. Skipping.
2026-09-11 01:59:27,712 - DEBUG - Already followed user: bashichda. Skipping.
2026-09-11 01:59:27,712 - DEBUG - Already followed user: ludo53. Skipping.
2026-09-11 01:59:27,712 - DEBUG - Already followed user: heinodendal. Skipping.
2026-09-11 01:59:27,712 - DEBUG - Already followed user: linuxtusX5. Skipping.
2026-09-11 01:59:27,712 - DEBUG - Already followed user: CarAuto34. Skipping.
2026-09-11 01:59:27,712 - DEBUG - Already followed user: elifirinci. Skipping.
2026-09-11 01:59:27,712 - DEBUG - Already followed user: sabbir-noyon. Skipping.
2026-09-11 01:59:27,712 - DEBUG - Already followed user: Nima-Mollaei. Skipping.
2026-09-11 01:59:27,712 - DEBUG - Already followed user: apurva313. Skipping.
2026-09-11 01:59:27,712 - DEBUG - Already followed user: kyiroywops. Skipping.
2026-09-11 01:59:27,712 - DEBUG - Already followed user: m-bwela. Skipping.
2026-09-11 01:59:27,712 - DEBUG - Already followed user: NachoOFC. Skipping.
2026-09-11 01:59:27,712 - DEBUG - Already followed user: CrisLottz. Skipping.
2026-09-11 01:59:27,712 - DEBUG - Already followed user: MrMDrX. Skipping.
2026-09-11 01:59:27,713 - DEBUG - Already followed user: nimakian. Skipping.
2026-09-11 01:59:27,713 - DEBUG - Already followed user: iamapuneet. Skipping.
2026-09-11 01:59:27,713 - DEBUG - Already followed user: iktiarnazib. Skipping.
2026-09-11 01:59:27,713 - DEBUG - Already followed user: Daxxtropezz. Skipping.
2026-09-11 01:59:27,713 - DEBUG - Already followed user: joaocarpim. Skipping.
2026-09-11 01:59:27,713 - DEBUG - Already followed user: 0xmurtimus. Skipping.
2026-09-11 01:59:27,713 - DEBUG - Already followed user: U1000000000000. Skipping.
2026-09-11 01:59:27,713 - DEBUG - Already followed user: shahriar0999. Skipping.
2026-09-11 01:59:27,713 - DEBUG - Already followed user: souvikrana17. Skipping.
2026-09-11 01:59:27,713 - DEBUG - Already followed user: AhmedDabish. Skipping.
2026-09-11 01:59:27,713 - DEBUG - Already followed user: DIMFLIX. Skipping.
2026-09-11 01:59:27,713 - DEBUG - Already followed user: 1526422010. Skipping.
2026-09-11 01:59:27,713 - DEBUG - Already followed user: EminHaziyev. Skipping.
2026-09-11 01:59:27,713 - DEBUG - Already followed user: VarshuAi. Skipping.
2026-09-11 01:59:27,713 - DEBUG - Already followed user: CelaFlori. Skipping.
2026-09-11 01:59:27,713 - DEBUG - Already followed user: 0xspryo. Skipping.
2026-09-11 01:59:27,713 - DEBUG - Already followed user: laurindoisaac. Skipping.
2026-09-11 01:59:27,713 - DEBUG - Already followed user: Motaman-M. Skipping.
2026-09-11 01:59:27,713 - DEBUG - Already followed user: Seif-01. Skipping.
2026-09-11 01:59:27,713 - DEBUG - Already followed user: motanelson. Skipping.
2026-09-11 01:59:27,713 - DEBUG - Already followed user: cepseu1. Skipping.
2026-09-11 01:59:27,713 - DEBUG - Already followed user: bolola777. Skipping.
2026-09-11 01:59:27,713 - DEBUG - Already followed user: vardan444. Skipping.
2026-09-11 01:59:27,713 - DEBUG - Already followed user: rahuloraj. Skipping.
2026-09-11 01:59:27,713 - DEBUG - Already followed user: knmlabs. Skipping.
2026-09-11 01:59:27,713 - DEBUG - Already followed user: Mubashir12392. Skipping.
2026-09-11 01:59:27,713 - DEBUG - Already followed user: jeallz. Skipping.
2026-09-11 01:59:27,713 - DEBUG - Already followed user: ArmandSegall. Skipping.
2026-09-11 01:59:27,713 - DEBUG - Already followed user: reignsi. Skipping.
2026-09-11 01:59:27,713 - DEBUG - Already followed user: christosantono. Skipping.
2026-09-11 01:59:27,713 - DEBUG - Already followed user: Nai64. Skipping.
2026-09-11 01:59:27,713 - DEBUG - Already followed user: K1rsN7. Skipping.
2026-09-11 01:59:27,713 - DEBUG - Already followed user: MatthewMacri. Skipping.
2026-09-11 01:59:27,713 - DEBUG - Already followed user: whitakeroliver. Skipping.
2026-09-11 01:59:27,713 - DEBUG - Already followed user: S4IL21. Skipping.
2026-09-11 01:59:27,967 - INFO - Rate Limit - Remaining: 5000, Reset at: 2026-09-11 02:59:27
2026-09-11 01:59:27,968 - INFO - Fetching followers from: https://api.github.com/users/aelmizeb/followers?per_page=100&page=3
2026-09-11 01:59:28,280 - DEBUG - Number of followers fetched: 100
2026-09-11 01:59:28,280 - INFO - Fetched 100 followers on page 3.
2026-09-11 01:59:28,280 - INFO - Sleeping for 5 seconds before following users.
2026-09-11 01:59:33,285 - DEBUG - Already followed user: filipzekovich. Skipping.
2026-09-11 01:59:33,285 - DEBUG - Already followed user: RafalW3bCraft. Skipping.
2026-09-11 01:59:33,285 - DEBUG - Already followed user: 7007259Ankur. Skipping.
2026-09-11 01:59:33,285 - DEBUG - Already followed user: amurrayeqc. Skipping.
2026-09-11 01:59:33,285 - DEBUG - Already followed user: Willysc10. Skipping.
2026-09-11 01:59:33,285 - DEBUG - Already followed user: rasidi3112. Skipping.
2026-09-11 01:59:33,285 - DEBUG - Already followed user: otaviossousa. Skipping.
2026-09-11 01:59:33,285 - DEBUG - Already followed user: taahabz. Skipping.
2026-09-11 01:59:33,285 - DEBUG - Already followed user: topdigitalplus. Skipping.
2026-09-11 01:59:33,285 - DEBUG - Already followed user: lilbodo123. Skipping.
2026-09-11 01:59:33,285 - DEBUG - Already followed user: super-phantom91. Skipping.
2026-09-11 01:59:33,285 - DEBUG - Already followed user: hyper-ayoub. Skipping.
2026-09-11 01:59:33,285 - DEBUG - Already followed user: DrParthaMajumder. Skipping.
2026-09-11 01:59:33,286 - DEBUG - Already followed user: sunjoe508. Skipping.
2026-09-11 01:59:33,286 - DEBUG - Already followed user: HalfFriedPotato. Skipping.
2026-09-11 01:59:33,286 - DEBUG - Already followed user: IamDevDan. Skipping.
2026-09-11 01:59:33,286 - DEBUG - Already followed user: Fellipemarcal. Skipping.
2026-09-11 01:59:33,286 - DEBUG - Already followed user: potentialdev-web. Skipping.
2026-09-11 01:59:33,286 - DEBUG - Already followed user: Laqrabti. Skipping.
2026-09-11 01:59:33,286 - DEBUG - Already followed user: masonliiu. Skipping.
2026-09-11 01:59:33,286 - DEBUG - Already followed user: deadlyandro. Skipping.
2026-09-11 01:59:33,286 - DEBUG - Already followed user: AhmadTigress. Skipping.
2026-09-11 01:59:33,286 - DEBUG - Already followed user: Maher-Elmair. Skipping.
2026-09-11 01:59:33,286 - DEBUG - Already followed user: harutosati. Skipping.
2026-09-11 01:59:33,286 - DEBUG - Already followed user: B2Kumar03. Skipping.
2026-09-11 01:59:33,286 - DEBUG - Already followed user: AbdulRehman393. Skipping.
2026-09-11 01:59:33,286 - DEBUG - Already followed user: vijayshikhare. Skipping.
2026-09-11 01:59:33,286 - DEBUG - Already followed user: nuraisi. Skipping.
2026-09-11 01:59:33,286 - DEBUG - Already followed user: aertsimon90. Skipping.
2026-09-11 01:59:33,286 - DEBUG - Already followed user: Bifenzine. Skipping.
2026-09-11 01:59:33,286 - DEBUG - Already followed user: Chainsmoker23. Skipping.
2026-09-11 01:59:33,286 - DEBUG - Already followed user: 3nesdeniz. Skipping.
2026-09-11 01:59:33,286 - DEBUG - Already followed user: vegata099. Skipping.
2026-09-11 01:59:33,286 - DEBUG - Already followed user: marichu-kt. Skipping.
2026-09-11 01:59:33,286 - DEBUG - Already followed user: yutomiwana. Skipping.
2026-09-11 01:59:33,286 - DEBUG - Already followed user: gaqx. Skipping.
2026-09-11 01:59:33,286 - DEBUG - Already followed user: AnonimusShamshiAlex. Skipping.
2026-09-11 01:59:33,286 - DEBUG - Already followed user: goShell3. Skipping.
2026-09-11 01:59:33,286 - DEBUG - Already followed user: bencheayoub. Skipping.
2026-09-11 01:59:33,286 - DEBUG - Already followed user: juicetreacly. Skipping.
2026-09-11 01:59:33,286 - DEBUG - Already followed user: Babarali2k21. Skipping.
2026-09-11 01:59:33,286 - DEBUG - Already followed user: a-partovii. Skipping.
2026-09-11 01:59:33,286 - DEBUG - Already followed user: SalehAkramSifat. Skipping.
2026-09-11 01:59:33,286 - DEBUG - Already followed user: martian56. Skipping.
2026-09-11 01:59:33,286 - DEBUG - Already followed user: mengnankkkk. Skipping.
2026-09-11 01:59:33,286 - DEBUG - Already followed user: lec320fd90d. Skipping.
2026-09-11 01:59:33,286 - DEBUG - Already followed user: nahladzulula. Skipping.
2026-09-11 01:59:33,287 - DEBUG - Already followed user: AImaniadev. Skipping.
2026-09-11 01:59:33,287 - DEBUG - Already followed user: LakhiniVoshadee. Skipping.
2026-09-11 01:59:33,287 - DEBUG - Already followed user: cfrBernard. Skipping.
2026-09-11 01:59:33,287 - DEBUG - Already followed user: rexblade58. Skipping.
2026-09-11 01:59:33,287 - DEBUG - Already followed user: amad3i. Skipping.
2026-09-11 01:59:33,287 - DEBUG - Already followed user: Arison99. Skipping.
2026-09-11 01:59:33,287 - DEBUG - Already followed user: abdulrhmansalama. Skipping.
2026-09-11 01:59:33,287 - DEBUG - Already followed user: AbSomeone. Skipping.
2026-09-11 01:59:33,287 - DEBUG - Already followed user: nam-htran. Skipping.
2026-09-11 01:59:33,287 - DEBUG - Already followed user: GitHub7667. Skipping.
2026-09-11 01:59:33,287 - DEBUG - Already followed user: DevNinja08. Skipping.
2026-09-11 01:59:33,287 - DEBUG - Already followed user: dovvnloading. Skipping.
2026-09-11 01:59:33,287 - DEBUG - Already followed user: Ali-hey-0. Skipping.
2026-09-11 01:59:33,287 - DEBUG - Already followed user: talrejasahil4994. Skipping.
2026-09-11 01:59:33,287 - DEBUG - Already followed user: hellen-ansah. Skipping.
2026-09-11 01:59:33,287 - DEBUG - Already followed user: kiranShamsHere. Skipping.
2026-09-11 01:59:33,287 - DEBUG - Already followed user: Iankulani. Skipping.
2026-09-11 01:59:33,287 - DEBUG - Already followed user: VIDAKHOSHPEY22. Skipping.
2026-09-11 01:59:33,287 - DEBUG - Already followed user: BhagwaniVishi. Skipping.
2026-09-11 01:59:33,287 - DEBUG - Already followed user: aridepai17. Skipping.
2026-09-11 01:59:33,287 - DEBUG - Already followed user: 0Darkn. Skipping.
2026-09-11 01:59:33,287 - DEBUG - Already followed user: ShRP69. Skipping.
2026-09-11 01:59:33,287 - DEBUG - Already followed user: KayanShah. Skipping.
2026-09-11 01:59:33,287 - DEBUG - Already followed user: iousuz. Skipping.
2026-09-11 01:59:33,287 - DEBUG - Already followed user: Md-Mubin. Skipping.
2026-09-11 01:59:33,287 - DEBUG - Already followed user: lxl0825. Skipping.
2026-09-11 01:59:33,287 - DEBUG - Already followed user: abressiddique. Skipping.
2026-09-11 01:59:33,287 - DEBUG - Already followed user: 0xAdafang. Skipping.
2026-09-11 01:59:33,287 - DEBUG - Already followed user: jkdevcode. Skipping.
2026-09-11 01:59:33,287 - DEBUG - Already followed user: JawherKl. Skipping.
2026-09-11 01:59:33,287 - DEBUG - Already followed user: pwnedroot. Skipping.
2026-09-11 01:59:33,287 - DEBUG - Already followed user: DaviBaum. Skipping.
2026-09-11 01:59:33,287 - DEBUG - Already followed user: Nour-yahyaoui. Skipping.
2026-09-11 01:59:33,287 - DEBUG - Already followed user: thornebaker. Skipping.
2026-09-11 01:59:33,287 - DEBUG - Already followed user: rioryugen. Skipping.
2026-09-11 01:59:33,287 - DEBUG - Already followed user: nikhilpatidar01. Skipping.
2026-09-11 01:59:33,287 - DEBUG - Already followed user: codeXdanyal. Skipping.
2026-09-11 01:59:33,287 - DEBUG - Already followed user: gambling-addict. Skipping.
2026-09-11 01:59:33,287 - DEBUG - Already followed user: novagad. Skipping.
2026-09-11 01:59:33,288 - DEBUG - Already followed user: chojuninengu. Skipping.
2026-09-11 01:59:33,288 - DEBUG - Already followed user: JOELNATHAN544. Skipping.
2026-09-11 01:59:33,288 - DEBUG - Already followed user: Senthil455. Skipping.
2026-09-11 01:59:33,288 - DEBUG - Already followed user: pouryaPKGit. Skipping.
2026-09-11 01:59:33,288 - DEBUG - Already followed user: mwakidenis. Skipping.
2026-09-11 01:59:33,288 - DEBUG - Already followed user: daniel149afonso. Skipping.
2026-09-11 01:59:33,288 - DEBUG - Already followed user: MatheusRuivo365. Skipping.
2026-09-11 01:59:33,288 - DEBUG - Already followed user: grimwaIker. Skipping.
2026-09-11 01:59:33,288 - DEBUG - Already followed user: vsrupeshkumar. Skipping.
2026-09-11 01:59:33,288 - DEBUG - Already followed user: landry-some. Skipping.
2026-09-11 01:59:33,288 - DEBUG - Already followed user: madhavgadge01. Skipping.
2026-09-11 01:59:33,288 - DEBUG - Already followed user: panyster. Skipping.
2026-09-11 01:59:33,288 - DEBUG - Already followed user: MdShawonForazi. Skipping.
2026-09-11 01:59:33,288 - DEBUG - Already followed user: Muhammad-qureshi1. Skipping.
2026-09-11 01:59:33,572 - INFO - Rate Limit - Remaining: 5000, Reset at: 2026-09-11 02:59:33
2026-09-11 01:59:33,573 - INFO - Fetching followers from: https://api.github.com/users/aelmizeb/followers?per_page=100&page=4
2026-09-11 01:59:33,841 - DEBUG - Number of followers fetched: 100
2026-09-11 01:59:33,841 - INFO - Fetched 100 followers on page 4.
2026-09-11 01:59:33,842 - INFO - Sleeping for 5 seconds before following users.
2026-09-11 01:59:38,847 - DEBUG - Already followed user: destroy-boys. Skipping.
2026-09-11 01:59:38,847 - DEBUG - Already followed user: byxbe. Skipping.
2026-09-11 01:59:38,847 - DEBUG - Already followed user: vimal0156. Skipping.
2026-09-11 01:59:38,847 - DEBUG - Already followed user: syedbilalalam1. Skipping.
2026-09-11 01:59:38,847 - DEBUG - Already followed user: COUNTRY-HUMANS. Skipping.
2026-09-11 01:59:38,847 - DEBUG - Already followed user: Ayokanmi-Adejola. Skipping.
2026-09-11 01:59:38,847 - DEBUG - Already followed user: irenerodriguezrod. Skipping.
2026-09-11 01:59:38,847 - DEBUG - Already followed user: ngsnethawarya. Skipping.
2026-09-11 01:59:38,847 - DEBUG - Already followed user: mahimarawat0707. Skipping.
2026-09-11 01:59:38,847 - DEBUG - Already followed user: MuratKomurcu1. Skipping.
2026-09-11 01:59:38,847 - DEBUG - Already followed user: DARKANGEL689. Skipping.
2026-09-11 01:59:38,847 - DEBUG - Already followed user: buildcompanytogether. Skipping.
2026-09-11 01:59:38,847 - DEBUG - Already followed user: techspire0924. Skipping.
2026-09-11 01:59:38,847 - DEBUG - Already followed user: TechLeon001. Skipping.
2026-09-11 01:59:38,847 - INFO - Attempting to follow user: HeavenlyDesires
2026-09-11 01:59:39,083 - INFO - Successfully followed user: HeavenlyDesires
2026-09-11 01:59:39,084 - DEBUG - Appended user HeavenlyDesires to followers.txt.
2026-09-11 01:59:39,084 - INFO - Follower counter updated: 1004
2026-09-11 01:59:39,084 - INFO - Sleeping for 14.61 seconds before the next follow.
2026-09-11 01:59:53,709 - DEBUG - Already followed user: sonle-dev. Skipping.
2026-09-11 01:59:53,709 - DEBUG - Already followed user: yonana-sahile. Skipping.
2026-09-11 01:59:53,709 - DEBUG - Already followed user: howls-moving-castle. Skipping.
2026-09-11 01:59:53,709 - DEBUG - Already followed user: lovehiccup. Skipping.
2026-09-11 01:59:53,709 - DEBUG - Already followed user: techEdge3030. Skipping.
2026-09-11 01:59:53,709 - DEBUG - Already followed user: webxos. Skipping.
2026-09-11 01:59:53,709 - DEBUG - Already followed user: developernayeemx. Skipping.
2026-09-11 01:59:53,709 - DEBUG - Already followed user: drydenmitchell. Skipping.
2026-09-11 01:59:53,709 - DEBUG - Already followed user: eatsky1006. Skipping.
2026-09-11 01:59:53,709 - DEBUG - Already followed user: frangelbarrera. Skipping.
2026-09-11 01:59:53,709 - DEBUG - Already followed user: 156afl. Skipping.
2026-09-11 01:59:53,710 - DEBUG - Already followed user: guten-tag-100. Skipping.
2026-09-11 01:59:53,710 - DEBUG - Already followed user: retrobullseye. Skipping.
2026-09-11 01:59:53,710 - DEBUG - Already followed user: nelbeu. Skipping.
2026-09-11 01:59:53,710 - DEBUG - Already followed user: ZPIIDR. Skipping.
2026-09-11 01:59:53,710 - DEBUG - Already followed user: floriant3. Skipping.
2026-09-11 01:59:53,710 - DEBUG - Already followed user: amazing-soft-dev. Skipping.
2026-09-11 01:59:53,710 - DEBUG - Already followed user: Quoriss. Skipping.
2026-09-11 01:59:53,710 - DEBUG - Already followed user: xcontcom. Skipping.
2026-09-11 01:59:53,710 - DEBUG - Already followed user: SparkNews00000. Skipping.
2026-09-11 01:59:53,710 - DEBUG - Already followed user: Lyne6666. Skipping.
2026-09-11 01:59:53,710 - DEBUG - Already followed user: nafiul-afk. Skipping.
2026-09-11 01:59:53,710 - DEBUG - Already followed user: ShiningRocket. Skipping.
2026-09-11 01:59:53,710 - DEBUG - Already followed user: Noori-Senior. Skipping.
2026-09-11 01:59:53,710 - DEBUG - Already followed user: AnjaliPatel301. Skipping.
2026-09-11 01:59:53,710 - DEBUG - Already followed user: Dev-Mania1988. Skipping.
2026-09-11 01:59:53,710 - DEBUG - Already followed user: BOYABOY999. Skipping.
2026-09-11 01:59:53,710 - DEBUG - Already followed user: NOUHABL. Skipping.
2026-09-11 01:59:53,710 - DEBUG - Already followed user: RamaAditya49. Skipping.
2026-09-11 01:59:53,710 - DEBUG - Already followed user: Seo-yeonLee. Skipping.
2026-09-11 01:59:53,710 - DEBUG - Already followed user: ChungusLord123. Skipping.
2026-09-11 01:59:53,710 - DEBUG - Already followed user: mohamadeydipour. Skipping.
2026-09-11 01:59:53,710 - DEBUG - Already followed user: constellation-infinity. Skipping.
2026-09-11 01:59:53,710 - DEBUG - Already followed user: rosem-coder. Skipping.
2026-09-11 01:59:53,710 - DEBUG - Already followed user: XO-Roham. Skipping.
2026-09-11 01:59:53,710 - DEBUG - Already followed user: kerryjanes. Skipping.
2026-09-11 01:59:53,710 - DEBUG - Already followed user: hyuntayo. Skipping.
2026-09-11 01:59:53,710 - DEBUG - Already followed user: wetmet. Skipping.
2026-09-11 01:59:53,710 - DEBUG - Already followed user: sezindartar. Skipping.
2026-09-11 01:59:53,710 - DEBUG - Already followed user: arielshakaramiro. Skipping.
2026-09-11 01:59:53,710 - DEBUG - Already followed user: NovaNoodle7. Skipping.
2026-09-11 01:59:53,710 - DEBUG - Already followed user: annaveth. Skipping.
2026-09-11 01:59:53,710 - DEBUG - Already followed user: rexxdeev. Skipping.
2026-09-11 01:59:53,710 - DEBUG - Already followed user: cosmospice. Skipping.
2026-09-11 01:59:53,710 - DEBUG - Already followed user: lrepo52. Skipping.
2026-09-11 01:59:53,710 - DEBUG - Already followed user: uhsr. Skipping.
2026-09-11 01:59:53,710 - DEBUG - Already followed user: REIJISAKAMAKI. Skipping.
2026-09-11 01:59:53,710 - DEBUG - Already followed user: devnavodhimsara. Skipping.
2026-09-11 01:59:53,710 - DEBUG - Already followed user: muichirox. Skipping.
2026-09-11 01:59:53,710 - DEBUG - Already followed user: thehappydictator. Skipping.
2026-09-11 01:59:53,711 - DEBUG - Already followed user: JohnAxel04. Skipping.
2026-09-11 01:59:53,711 - DEBUG - Already followed user: laigit-dot. Skipping.
2026-09-11 01:59:53,711 - DEBUG - Already followed user: 1minds3t. Skipping.
2026-09-11 01:59:53,711 - DEBUG - Already followed user: 2nixx. Skipping.
2026-09-11 01:59:53,711 - DEBUG - Already followed user: Jones-6199. Skipping.
2026-09-11 01:59:53,711 - DEBUG - Already followed user: matchingduo. Skipping.
2026-09-11 01:59:53,711 - DEBUG - Already followed user: Mistrust12. Skipping.
2026-09-11 01:59:53,711 - DEBUG - Already followed user: runner28-code. Skipping.
2026-09-11 01:59:53,711 - DEBUG - Already followed user: kakaka-byte. Skipping.
2026-09-11 01:59:53,711 - DEBUG - Already followed user: alvrenkai. Skipping.
2026-09-11 01:59:53,711 - DEBUG - Already followed user: KabeloM13. Skipping.
2026-09-11 01:59:53,711 - DEBUG - Already followed user: HamiParsa. Skipping.
2026-09-11 01:59:53,711 - DEBUG - Already followed user: abdulrdeveloper. Skipping.
2026-09-11 01:59:53,711 - DEBUG - Already followed user: Lyche6666. Skipping.
2026-09-11 01:59:53,711 - DEBUG - Already followed user: sphinxzerd. Skipping.
2026-09-11 01:59:53,711 - DEBUG - Already followed user: siddhant3895. Skipping.
2026-09-11 01:59:53,711 - DEBUG - Already followed user: conexto. Skipping.
2026-09-11 01:59:53,711 - DEBUG - Already followed user: nikecodedev. Skipping.
2026-09-11 01:59:53,711 - DEBUG - Already followed user: anshull-rajput. Skipping.
2026-09-11 01:59:53,711 - DEBUG - Already followed user: ExCoder999. Skipping.
2026-09-11 01:59:53,711 - DEBUG - Already followed user: nykoco. Skipping.
2026-09-11 01:59:53,711 - DEBUG - Already followed user: zombietfk. Skipping.
2026-09-11 01:59:53,711 - DEBUG - Already followed user: Ashkan-P88. Skipping.
2026-09-11 01:59:53,711 - DEBUG - Already followed user: nexthireconnect. Skipping.
2026-09-11 01:59:53,711 - DEBUG - Already followed user: cyanile. Skipping.
2026-09-11 01:59:53,711 - DEBUG - Already followed user: REVOLV1NG. Skipping.
2026-09-11 01:59:53,711 - DEBUG - Already followed user: kakashl-hatake. Skipping.
2026-09-11 01:59:53,711 - DEBUG - Already followed user: martycorn. Skipping.
2026-09-11 01:59:53,711 - DEBUG - Already followed user: HysteriaWEB3. Skipping.
2026-09-11 01:59:53,711 - DEBUG - Already followed user: joebtceth. Skipping.
2026-09-11 01:59:53,711 - DEBUG - Already followed user: jojoamanie. Skipping.
2026-09-11 01:59:53,711 - DEBUG - Already followed user: MohibAhmadButt. Skipping.
2026-09-11 01:59:53,711 - DEBUG - Already followed user: 9Michael-Cooley. Skipping.
2026-09-11 01:59:53,711 - DEBUG - Already followed user: nargestohidloo. Skipping.
2026-09-11 01:59:53,711 - DEBUG - Already followed user: tawdesangeeta1973-coder. Skipping.
2026-09-11 01:59:53,999 - INFO - Rate Limit - Remaining: 5000, Reset at: 2026-09-11 02:59:53
2026-09-11 01:59:54,000 - INFO - Fetching followers from: https://api.github.com/users/aelmizeb/followers?per_page=100&page=5
2026-09-11 01:59:54,271 - DEBUG - Number of followers fetched: 33
2026-09-11 01:59:54,271 - INFO - Fetched 33 followers on page 5.
2026-09-11 01:59:54,271 - INFO - Sleeping for 5 seconds before following users.
2026-09-11 01:59:59,276 - DEBUG - Already followed user: hwg-p. Skipping.
2026-09-11 01:59:59,277 - DEBUG - Already followed user: BERDLYY. Skipping.
2026-09-11 01:59:59,277 - DEBUG - Already followed user: chenE5M2. Skipping.
2026-09-11 01:59:59,277 - DEBUG - Already followed user: IvanDevMars. Skipping.
2026-09-11 01:59:59,277 - DEBUG - Already followed user: El-Tousy. Skipping.
2026-09-11 01:59:59,277 - DEBUG - Already followed user: art-in-alizade. Skipping.
2026-09-11 01:59:59,277 - DEBUG - Already followed user: illusive7ai. Skipping.
2026-09-11 01:59:59,277 - DEBUG - Already followed user: UnicornMorty. Skipping.
2026-09-11 01:59:59,277 - DEBUG - Already followed user: vibecodinguy. Skipping.
2026-09-11 01:59:59,277 - DEBUG - Already followed user: WElRD0. Skipping.
2026-09-11 01:59:59,277 - DEBUG - Already followed user: saravananbass12-tech. Skipping.
2026-09-11 01:59:59,277 - DEBUG - Already followed user: sugarburn. Skipping.
2026-09-11 01:59:59,277 - DEBUG - Already followed user: Espotmx. Skipping.
2026-09-11 01:59:59,277 - DEBUG - Already followed user: MJ-ulia. Skipping.
2026-09-11 01:59:59,277 - DEBUG - Already followed user: DERB1F. Skipping.
2026-09-11 01:59:59,277 - DEBUG - Already followed user: donaldmorry. Skipping.
2026-09-11 01:59:59,277 - DEBUG - Already followed user: EimanTahir027. Skipping.
2026-09-11 01:59:59,277 - DEBUG - Already followed user: kyal102. Skipping.
2026-09-11 01:59:59,277 - DEBUG - Already followed user: Belucking. Skipping.
2026-09-11 01:59:59,277 - DEBUG - Already followed user: holilayet. Skipping.
2026-09-11 01:59:59,277 - DEBUG - Already followed user: ByteBunny777. Skipping.
2026-09-11 01:59:59,277 - DEBUG - Already followed user: AngelofDarknessm. Skipping.
2026-09-11 01:59:59,277 - DEBUG - Already followed user: Ella-horizon. Skipping.
2026-09-11 01:59:59,277 - DEBUG - Already followed user: hassenbrahim. Skipping.
2026-09-11 01:59:59,277 - DEBUG - Already followed user: alberto4442. Skipping.
2026-09-11 01:59:59,277 - DEBUG - Already followed user: ancaferro. Skipping.
2026-09-11 01:59:59,277 - DEBUG - Already followed user: raviwijerathna1. Skipping.
2026-09-11 01:59:59,277 - DEBUG - Already followed user: ClaerDev. Skipping.
2026-09-11 01:59:59,277 - DEBUG - Already followed user: TOPDEV99999. Skipping.
2026-09-11 01:59:59,278 - DEBUG - Already followed user: takahashikushina0223. Skipping.
2026-09-11 01:59:59,278 - DEBUG - Already followed user: cchongming. Skipping.
2026-09-11 01:59:59,278 - DEBUG - Already followed user: evvenoly. Skipping.
2026-09-11 01:59:59,278 - DEBUG - Already followed user: arvelquigley99. Skipping.
2026-09-11 01:59:59,543 - INFO - Rate Limit - Remaining: 5000, Reset at: 2026-09-11 02:59:59
2026-09-11 01:59:59,544 - INFO - Fetching followers from: https://api.github.com/users/aelmizeb/followers?per_page=100&page=6
2026-09-11 01:59:59,803 - DEBUG - Number of followers fetched: 0
2026-09-11 01:59:59,803 - INFO - No more followers to process. Exiting.
2026-09-11 01:59:59,804 - INFO - Follower counter updated: 1004
2026-09-11 01:59:59,804 - INFO - 
Following users from your follower list is done! Total followers fetched: 433, Total followers followed: 1004
2026-09-12 02:04:07,039 - INFO - Hi! I am GitHub Follower Bot.
2026-09-12 02:04:07,039 - INFO - Letting you follow all your followers!
2026-09-12 02:04:07,039 - INFO - Starting to fetch your follower lists...

2026-09-12 02:04:07,040 - INFO - Loaded 1004 already followed users.
2026-09-12 02:04:07,040 - INFO - Processing all followers without resume.
2026-09-12 02:04:07,040 - INFO - Starting from page: 1
2026-09-12 02:04:07,040 - INFO - Current follower counter: 1004
2026-09-12 02:04:07,183 - INFO - Rate Limit - Remaining: 5000, Reset at: 2026-09-12 03:04:07
2026-09-12 02:04:07,184 - INFO - Fetching followers from: https://api.github.com/users/aelmizeb/followers?per_page=100&page=1
2026-09-12 02:04:07,365 - DEBUG - Number of followers fetched: 100
2026-09-12 02:04:07,365 - INFO - Fetched 100 followers on page 1.
2026-09-12 02:04:07,365 - INFO - Sleeping for 5 seconds before following users.
2026-09-12 02:04:12,371 - DEBUG - Already followed user: levonk. Skipping.
2026-09-12 02:04:12,371 - DEBUG - Already followed user: peterruler. Skipping.
2026-09-12 02:04:12,371 - DEBUG - Already followed user: slavaGanzin. Skipping.
2026-09-12 02:04:12,371 - DEBUG - Already followed user: kenjinote. Skipping.
2026-09-12 02:04:12,371 - DEBUG - Already followed user: tech4xstar. Skipping.
2026-09-12 02:04:12,371 - DEBUG - Already followed user: sarkarshuvojit. Skipping.
2026-09-12 02:04:12,371 - DEBUG - Already followed user: unhappychoice. Skipping.
2026-09-12 02:04:12,371 - DEBUG - Already followed user: luckchain777. Skipping.
2026-09-12 02:04:12,371 - DEBUG - Already followed user: jorithanx. Skipping.
2026-09-12 02:04:12,371 - DEBUG - Already followed user: whiteplaine. Skipping.
2026-09-12 02:04:12,371 - DEBUG - Already followed user: gamemann. Skipping.
2026-09-12 02:04:12,371 - DEBUG - Already followed user: riseansmal. Skipping.
2026-09-12 02:04:12,371 - DEBUG - Already followed user: manman4. Skipping.
2026-09-12 02:04:12,371 - DEBUG - Already followed user: KylerCondran. Skipping.
2026-09-12 02:04:12,371 - DEBUG - Already followed user: ZhuChenn. Skipping.
2026-09-12 02:04:12,371 - DEBUG - Already followed user: Elbagoury. Skipping.
2026-09-12 02:04:12,371 - DEBUG - Already followed user: murapadev. Skipping.
2026-09-12 02:04:12,371 - DEBUG - Already followed user: tetref. Skipping.
2026-09-12 02:04:12,371 - DEBUG - Already followed user: Hantan1080. Skipping.
2026-09-12 02:04:12,371 - DEBUG - Already followed user: OliviaBennQ. Skipping.
2026-09-12 02:04:12,371 - DEBUG - Already followed user: budaivisita. Skipping.
2026-09-12 02:04:12,371 - DEBUG - Already followed user: ledgerhubteam. Skipping.
2026-09-12 02:04:12,371 - DEBUG - Already followed user: CelaDaniel. Skipping.
2026-09-12 02:04:12,371 - DEBUG - Already followed user: ThomasHWeb. Skipping.
2026-09-12 02:04:12,371 - DEBUG - Already followed user: paaak. Skipping.
2026-09-12 02:04:12,371 - DEBUG - Already followed user: hitman0290. Skipping.
2026-09-12 02:04:12,371 - DEBUG - Already followed user: jokeyhter. Skipping.
2026-09-12 02:04:12,371 - DEBUG - Already followed user: dbunt1tled. Skipping.
2026-09-12 02:04:12,371 - DEBUG - Already followed user: medmek. Skipping.
2026-09-12 02:04:12,371 - DEBUG - Already followed user: Hajjouz. Skipping.
2026-09-12 02:04:12,371 - DEBUG - Already followed user: IDouble. Skipping.
2026-09-12 02:04:12,372 - DEBUG - Already followed user: Jeesson. Skipping.
2026-09-12 02:04:12,372 - DEBUG - Already followed user: CatFortman. Skipping.
2026-09-12 02:04:12,372 - DEBUG - Already followed user: ZainJavaid. Skipping.
2026-09-12 02:04:12,372 - DEBUG - Already followed user: dioptx. Skipping.
2026-09-12 02:04:12,372 - DEBUG - Already followed user: DanHouseman. Skipping.
2026-09-12 02:04:12,372 - DEBUG - Already followed user: forgerondev. Skipping.
2026-09-12 02:04:12,372 - DEBUG - Already followed user: djvelimir. Skipping.
2026-09-12 02:04:12,372 - DEBUG - Already followed user: guevaraStian. Skipping.
2026-09-12 02:04:12,372 - DEBUG - Already followed user: cambot86. Skipping.
2026-09-12 02:04:12,372 - DEBUG - Already followed user: mollyroger. Skipping.
2026-09-12 02:04:12,372 - DEBUG - Already followed user: visualGravitySense. Skipping.
2026-09-12 02:04:12,372 - DEBUG - Already followed user: jelspace. Skipping.
2026-09-12 02:04:12,372 - DEBUG - Already followed user: Sanghyun-0h. Skipping.
2026-09-12 02:04:12,372 - DEBUG - Already followed user: dweatherston11. Skipping.
2026-09-12 02:04:12,372 - DEBUG - Already followed user: weiquan98. Skipping.
2026-09-12 02:04:12,372 - DEBUG - Already followed user: furendyna. Skipping.
2026-09-12 02:04:12,372 - DEBUG - Already followed user: KostasSliazas. Skipping.
2026-09-12 02:04:12,372 - DEBUG - Already followed user: hxreborn. Skipping.
2026-09-12 02:04:12,372 - DEBUG - Already followed user: hazexone. Skipping.
2026-09-12 02:04:12,372 - DEBUG - Already followed user: ardaltunel. Skipping.
2026-09-12 02:04:12,372 - DEBUG - Already followed user: domcomit. Skipping.
2026-09-12 02:04:12,372 - DEBUG - Already followed user: boomray. Skipping.
2026-09-12 02:04:12,372 - DEBUG - Already followed user: rob0pup. Skipping.
2026-09-12 02:04:12,372 - DEBUG - Already followed user: IshmamAbir. Skipping.
2026-09-12 02:04:12,372 - DEBUG - Already followed user: designAsign. Skipping.
2026-09-12 02:04:12,372 - DEBUG - Already followed user: ai-28. Skipping.
2026-09-12 02:04:12,372 - DEBUG - Already followed user: Connor9994. Skipping.
2026-09-12 02:04:12,372 - DEBUG - Already followed user: domx4q. Skipping.
2026-09-12 02:04:12,372 - DEBUG - Already followed user: Devify-Co. Skipping.
2026-09-12 02:04:12,372 - INFO - Attempting to follow user: reckedcoder
2026-09-12 02:04:12,481 - INFO - Successfully followed user: reckedcoder
2026-09-12 02:04:12,483 - DEBUG - Appended user reckedcoder to followers.txt.
2026-09-12 02:04:12,483 - INFO - Follower counter updated: 1005
2026-09-12 02:04:12,483 - INFO - Sleeping for 12.60 seconds before the next follow.
2026-09-12 02:04:25,094 - DEBUG - Already followed user: jackciw. Skipping.
2026-09-12 02:04:25,094 - DEBUG - Already followed user: 4F71. Skipping.
2026-09-12 02:04:25,094 - DEBUG - Already followed user: standardgalactic. Skipping.
2026-09-12 02:04:25,094 - DEBUG - Already followed user: sandibrrm. Skipping.
2026-09-12 02:04:25,094 - DEBUG - Already followed user: AchrafReyani. Skipping.
2026-09-12 02:04:25,094 - DEBUG - Already followed user: jaderytm. Skipping.
2026-09-12 02:04:25,094 - DEBUG - Already followed user: nstrmx. Skipping.
2026-09-12 02:04:25,094 - DEBUG - Already followed user: RaccoonFacts. Skipping.
2026-09-12 02:04:25,094 - DEBUG - Already followed user: Kos-M. Skipping.
2026-09-12 02:04:25,094 - DEBUG - Already followed user: jfullstackdev. Skipping.
2026-09-12 02:04:25,094 - DEBUG - Already followed user: iVGeek. Skipping.
2026-09-12 02:04:25,094 - DEBUG - Already followed user: th3noryx. Skipping.
2026-09-12 02:04:25,094 - DEBUG - Already followed user: Unizuka22. Skipping.
2026-09-12 02:04:25,094 - DEBUG - Already followed user: vasilirigels. Skipping.
2026-09-12 02:04:25,094 - DEBUG - Already followed user: cristinagberta. Skipping.
2026-09-12 02:04:25,094 - DEBUG - Already followed user: alexanderbergerhd. Skipping.
2026-09-12 02:04:25,094 - DEBUG - Already followed user: mohammadnabia. Skipping.
2026-09-12 02:04:25,094 - DEBUG - Already followed user: itsbagsy. Skipping.
2026-09-12 02:04:25,094 - DEBUG - Already followed user: dmitryravilov. Skipping.
2026-09-12 02:04:25,094 - DEBUG - Already followed user: szenled. Skipping.
2026-09-12 02:04:25,094 - DEBUG - Already followed user: Mindlyss. Skipping.
2026-09-12 02:04:25,094 - DEBUG - Already followed user: cerenyilmazjinx. Skipping.
2026-09-12 02:04:25,094 - DEBUG - Already followed user: BEPb. Skipping.
2026-09-12 02:04:25,094 - DEBUG - Already followed user: galaxyb-dark. Skipping.
2026-09-12 02:04:25,094 - DEBUG - Already followed user: HafidIdrissi. Skipping.
2026-09-12 02:04:25,094 - DEBUG - Already followed user: oluiscabral. Skipping.
2026-09-12 02:04:25,095 - DEBUG - Already followed user: cryptoAur4x. Skipping.
2026-09-12 02:04:25,095 - DEBUG - Already followed user: emilycodestar. Skipping.
2026-09-12 02:04:25,095 - DEBUG - Already followed user: giewan. Skipping.
2026-09-12 02:04:25,095 - DEBUG - Already followed user: ivasik-k7. Skipping.
2026-09-12 02:04:25,095 - DEBUG - Already followed user: sakuyaloli. Skipping.
2026-09-12 02:04:25,095 - DEBUG - Already followed user: aantoooon. Skipping.
2026-09-12 02:04:25,095 - DEBUG - Already followed user: NeoZorK. Skipping.
2026-09-12 02:04:25,095 - DEBUG - Already followed user: albonidrizi. Skipping.
2026-09-12 02:04:25,095 - DEBUG - Already followed user: Arul1998. Skipping.
2026-09-12 02:04:25,095 - DEBUG - Already followed user: hajigur69. Skipping.
2026-09-12 02:04:25,095 - DEBUG - Already followed user: trajanOx. Skipping.
2026-09-12 02:04:25,095 - DEBUG - Already followed user: VictoriaCabirta. Skipping.
2026-09-12 02:04:25,095 - DEBUG - Already followed user: CHUNG-HAO. Skipping.
2026-09-12 02:04:25,213 - INFO - Rate Limit - Remaining: 5000, Reset at: 2026-09-12 03:04:25
2026-09-12 02:04:25,215 - INFO - Fetching followers from: https://api.github.com/users/aelmizeb/followers?per_page=100&page=2
2026-09-12 02:04:25,351 - DEBUG - Number of followers fetched: 100
2026-09-12 02:04:25,351 - INFO - Fetched 100 followers on page 2.
2026-09-12 02:04:25,352 - INFO - Sleeping for 5 seconds before following users.
2026-09-12 02:04:30,357 - DEBUG - Already followed user: loreius. Skipping.
2026-09-12 02:04:30,357 - DEBUG - Already followed user: Supremenottee. Skipping.
2026-09-12 02:04:30,357 - DEBUG - Already followed user: mainstar123. Skipping.
2026-09-12 02:04:30,357 - DEBUG - Already followed user: JohnMwendwa. Skipping.
2026-09-12 02:04:30,357 - DEBUG - Already followed user: Geek-Cheth. Skipping.
2026-09-12 02:04:30,357 - DEBUG - Already followed user: AhmadJeddi. Skipping.
2026-09-12 02:04:30,357 - DEBUG - Already followed user: OftenUser. Skipping.
2026-09-12 02:04:30,357 - DEBUG - Already followed user: mohammadhasanii. Skipping.
2026-09-12 02:04:30,357 - DEBUG - Already followed user: haochezh. Skipping.
2026-09-12 02:04:30,357 - DEBUG - Already followed user: mbitujames. Skipping.
2026-09-12 02:04:30,357 - DEBUG - Already followed user: Nisyalz01. Skipping.
2026-09-12 02:04:30,357 - DEBUG - Already followed user: MaitreyeeDhar. Skipping.
2026-09-12 02:04:30,357 - DEBUG - Already followed user: nelokusa. Skipping.
2026-09-12 02:04:30,357 - DEBUG - Already followed user: r97221004. Skipping.
2026-09-12 02:04:30,357 - DEBUG - Already followed user: Carrington-dev. Skipping.
2026-09-12 02:04:30,357 - DEBUG - Already followed user: pinhe91. Skipping.
2026-09-12 02:04:30,357 - DEBUG - Already followed user: minseochoj. Skipping.
2026-09-12 02:04:30,357 - DEBUG - Already followed user: thisalireza. Skipping.
2026-09-12 02:04:30,357 - DEBUG - Already followed user: BhuvanAde. Skipping.
2026-09-12 02:04:30,357 - DEBUG - Already followed user: KerollosMagdy. Skipping.
2026-09-12 02:04:30,357 - DEBUG - Already followed user: Jamkris. Skipping.
2026-09-12 02:04:30,357 - DEBUG - Already followed user: steph3nm. Skipping.
2026-09-12 02:04:30,357 - DEBUG - Already followed user: arch-yunus. Skipping.
2026-09-12 02:04:30,357 - DEBUG - Already followed user: Jailtonfonseca. Skipping.
2026-09-12 02:04:30,357 - DEBUG - Already followed user: lxRbckl. Skipping.
2026-09-12 02:04:30,358 - DEBUG - Already followed user: jamesgeodi. Skipping.
2026-09-12 02:04:30,358 - DEBUG - Already followed user: olienath. Skipping.
2026-09-12 02:04:30,358 - DEBUG - Already followed user: xrpcommunity. Skipping.
2026-09-12 02:04:30,358 - DEBUG - Already followed user: jolliesol. Skipping.
2026-09-12 02:04:30,358 - DEBUG - Already followed user: xnovaxdev. Skipping.
2026-09-12 02:04:30,358 - DEBUG - Already followed user: filzehoka. Skipping.
2026-09-12 02:04:30,358 - DEBUG - Already followed user: Wenyveo. Skipping.
2026-09-12 02:04:30,358 - DEBUG - Already followed user: nico-laqua. Skipping.
2026-09-12 02:04:30,358 - DEBUG - Already followed user: Hstkj23. Skipping.
2026-09-12 02:04:30,358 - DEBUG - Already followed user: emilybarru. Skipping.
2026-09-12 02:04:30,358 - DEBUG - Already followed user: NazmusSayad. Skipping.
2026-09-12 02:04:30,358 - DEBUG - Already followed user: Liuboshenko. Skipping.
2026-09-12 02:04:30,358 - DEBUG - Already followed user: lgomesappj. Skipping.
2026-09-12 02:04:30,358 - DEBUG - Already followed user: irenascent. Skipping.
2026-09-12 02:04:30,358 - DEBUG - Already followed user: Berserk-hub150. Skipping.
2026-09-12 02:04:30,358 - DEBUG - Already followed user: mariwatts. Skipping.
2026-09-12 02:04:30,358 - DEBUG - Already followed user: Davidevlops. Skipping.
2026-09-12 02:04:30,358 - DEBUG - Already followed user: ezozu. Skipping.
2026-09-12 02:04:30,358 - DEBUG - Already followed user: OHANA-WEB. Skipping.
2026-09-12 02:04:30,358 - DEBUG - Already followed user: BamdadTabari. Skipping.
2026-09-12 02:04:30,358 - DEBUG - Already followed user: vinamega. Skipping.
2026-09-12 02:04:30,358 - DEBUG - Already followed user: cgrundman. Skipping.
2026-09-12 02:04:30,358 - DEBUG - Already followed user: zkcryptweb. Skipping.
2026-09-12 02:04:30,358 - DEBUG - Already followed user: eldarlrd. Skipping.
2026-09-12 02:04:30,358 - DEBUG - Already followed user: bashichda. Skipping.
2026-09-12 02:04:30,358 - DEBUG - Already followed user: ludo53. Skipping.
2026-09-12 02:04:30,358 - DEBUG - Already followed user: heinodendal. Skipping.
2026-09-12 02:04:30,358 - DEBUG - Already followed user: linuxtusX5. Skipping.
2026-09-12 02:04:30,358 - DEBUG - Already followed user: CarAuto34. Skipping.
2026-09-12 02:04:30,358 - DEBUG - Already followed user: elifirinci. Skipping.
2026-09-12 02:04:30,358 - DEBUG - Already followed user: sabbir-noyon. Skipping.
2026-09-12 02:04:30,358 - DEBUG - Already followed user: Nima-Mollaei. Skipping.
2026-09-12 02:04:30,358 - DEBUG - Already followed user: apurva313. Skipping.
2026-09-12 02:04:30,358 - DEBUG - Already followed user: kyiroywops. Skipping.
2026-09-12 02:04:30,358 - DEBUG - Already followed user: m-bwela. Skipping.
2026-09-12 02:04:30,358 - DEBUG - Already followed user: NachoOFC. Skipping.
2026-09-12 02:04:30,358 - DEBUG - Already followed user: CrisLottz. Skipping.
2026-09-12 02:04:30,358 - DEBUG - Already followed user: MrMDrX. Skipping.
2026-09-12 02:04:30,358 - DEBUG - Already followed user: nimakian. Skipping.
2026-09-12 02:04:30,358 - DEBUG - Already followed user: iamapuneet. Skipping.
2026-09-12 02:04:30,358 - DEBUG - Already followed user: iktiarnazib. Skipping.
2026-09-12 02:04:30,358 - DEBUG - Already followed user: Daxxtropezz. Skipping.
2026-09-12 02:04:30,358 - DEBUG - Already followed user: joaocarpim. Skipping.
2026-09-12 02:04:30,358 - DEBUG - Already followed user: 0xmurtimus. Skipping.
2026-09-12 02:04:30,358 - DEBUG - Already followed user: U1000000000000. Skipping.
2026-09-12 02:04:30,359 - DEBUG - Already followed user: shahriar0999. Skipping.
2026-09-12 02:04:30,359 - DEBUG - Already followed user: souvikrana17. Skipping.
2026-09-12 02:04:30,359 - DEBUG - Already followed user: AhmedDabish. Skipping.
2026-09-12 02:04:30,359 - DEBUG - Already followed user: DIMFLIX. Skipping.
2026-09-12 02:04:30,359 - DEBUG - Already followed user: 1526422010. Skipping.
2026-09-12 02:04:30,359 - DEBUG - Already followed user: EminHaziyev. Skipping.
2026-09-12 02:04:30,359 - DEBUG - Already followed user: VarshuAi. Skipping.
2026-09-12 02:04:30,359 - DEBUG - Already followed user: CelaFlori. Skipping.
2026-09-12 02:04:30,359 - DEBUG - Already followed user: 0xspryo. Skipping.
2026-09-12 02:04:30,359 - DEBUG - Already followed user: laurindoisaac. Skipping.
2026-09-12 02:04:30,359 - DEBUG - Already followed user: Motaman-M. Skipping.
2026-09-12 02:04:30,359 - DEBUG - Already followed user: Seif-01. Skipping.
2026-09-12 02:04:30,359 - DEBUG - Already followed user: motanelson. Skipping.
2026-09-12 02:04:30,359 - DEBUG - Already followed user: cepseu1. Skipping.
2026-09-12 02:04:30,359 - DEBUG - Already followed user: bolola777. Skipping.
2026-09-12 02:04:30,359 - DEBUG - Already followed user: vardan444. Skipping.
2026-09-12 02:04:30,359 - DEBUG - Already followed user: rahuloraj. Skipping.
2026-09-12 02:04:30,359 - DEBUG - Already followed user: knmlabs. Skipping.
2026-09-12 02:04:30,359 - DEBUG - Already followed user: Mubashir12392. Skipping.
2026-09-12 02:04:30,359 - DEBUG - Already followed user: jeallz. Skipping.
2026-09-12 02:04:30,359 - DEBUG - Already followed user: ArmandSegall. Skipping.
2026-09-12 02:04:30,359 - DEBUG - Already followed user: reignsi. Skipping.
2026-09-12 02:04:30,359 - DEBUG - Already followed user: christosantono. Skipping.
2026-09-12 02:04:30,359 - DEBUG - Already followed user: Nai64. Skipping.
2026-09-12 02:04:30,359 - DEBUG - Already followed user: K1rsN7. Skipping.
2026-09-12 02:04:30,359 - DEBUG - Already followed user: MatthewMacri. Skipping.
2026-09-12 02:04:30,359 - DEBUG - Already followed user: whitakeroliver. Skipping.
2026-09-12 02:04:30,359 - DEBUG - Already followed user: S4IL21. Skipping.
2026-09-12 02:04:30,359 - DEBUG - Already followed user: filipzekovich. Skipping.
2026-09-12 02:04:30,359 - DEBUG - Already followed user: RafalW3bCraft. Skipping.
2026-09-12 02:04:30,521 - INFO - Rate Limit - Remaining: 5000, Reset at: 2026-09-12 03:04:30
2026-09-12 02:04:30,522 - INFO - Fetching followers from: https://api.github.com/users/aelmizeb/followers?per_page=100&page=3
2026-09-12 02:04:30,690 - DEBUG - Number of followers fetched: 100
2026-09-12 02:04:30,690 - INFO - Fetched 100 followers on page 3.
2026-09-12 02:04:30,690 - INFO - Sleeping for 5 seconds before following users.
2026-09-12 02:04:35,695 - DEBUG - Already followed user: 7007259Ankur. Skipping.
2026-09-12 02:04:35,696 - DEBUG - Already followed user: amurrayeqc. Skipping.
2026-09-12 02:04:35,696 - DEBUG - Already followed user: Willysc10. Skipping.
2026-09-12 02:04:35,696 - DEBUG - Already followed user: rasidi3112. Skipping.
2026-09-12 02:04:35,696 - DEBUG - Already followed user: otaviossousa. Skipping.
2026-09-12 02:04:35,696 - DEBUG - Already followed user: taahabz. Skipping.
2026-09-12 02:04:35,696 - DEBUG - Already followed user: topdigitalplus. Skipping.
2026-09-12 02:04:35,696 - DEBUG - Already followed user: lilbodo123. Skipping.
2026-09-12 02:04:35,696 - DEBUG - Already followed user: super-phantom91. Skipping.
2026-09-12 02:04:35,696 - DEBUG - Already followed user: hyper-ayoub. Skipping.
2026-09-12 02:04:35,696 - DEBUG - Already followed user: DrParthaMajumder. Skipping.
2026-09-12 02:04:35,696 - DEBUG - Already followed user: sunjoe508. Skipping.
2026-09-12 02:04:35,696 - DEBUG - Already followed user: HalfFriedPotato. Skipping.
2026-09-12 02:04:35,696 - DEBUG - Already followed user: IamDevDan. Skipping.
2026-09-12 02:04:35,696 - DEBUG - Already followed user: Fellipemarcal. Skipping.
2026-09-12 02:04:35,696 - DEBUG - Already followed user: potentialdev-web. Skipping.
2026-09-12 02:04:35,696 - DEBUG - Already followed user: Laqrabti. Skipping.
2026-09-12 02:04:35,696 - DEBUG - Already followed user: masonliiu. Skipping.
2026-09-12 02:04:35,696 - DEBUG - Already followed user: deadlyandro. Skipping.
2026-09-12 02:04:35,696 - DEBUG - Already followed user: AhmadTigress. Skipping.
2026-09-12 02:04:35,696 - DEBUG - Already followed user: Maher-Elmair. Skipping.
2026-09-12 02:04:35,696 - DEBUG - Already followed user: harutosati. Skipping.
2026-09-12 02:04:35,696 - DEBUG - Already followed user: B2Kumar03. Skipping.
2026-09-12 02:04:35,696 - DEBUG - Already followed user: AbdulRehman393. Skipping.
2026-09-12 02:04:35,696 - DEBUG - Already followed user: vijayshikhare. Skipping.
2026-09-12 02:04:35,696 - DEBUG - Already followed user: nuraisi. Skipping.
2026-09-12 02:04:35,696 - DEBUG - Already followed user: aertsimon90. Skipping.
2026-09-12 02:04:35,696 - DEBUG - Already followed user: Bifenzine. Skipping.
2026-09-12 02:04:35,696 - DEBUG - Already followed user: Chainsmoker23. Skipping.
2026-09-12 02:04:35,696 - DEBUG - Already followed user: 3nesdeniz. Skipping.
2026-09-12 02:04:35,696 - DEBUG - Already followed user: vegata099. Skipping.
2026-09-12 02:04:35,696 - DEBUG - Already followed user: marichu-kt. Skipping.
2026-09-12 02:04:35,696 - DEBUG - Already followed user: yutomiwana. Skipping.
2026-09-12 02:04:35,696 - DEBUG - Already followed user: gaqx. Skipping.
2026-09-12 02:04:35,696 - DEBUG - Already followed user: AnonimusShamshiAlex. Skipping.
2026-09-12 02:04:35,696 - DEBUG - Already followed user: goShell3. Skipping.
2026-09-12 02:04:35,696 - DEBUG - Already followed user: bencheayoub. Skipping.
2026-09-12 02:04:35,697 - DEBUG - Already followed user: juicetreacly. Skipping.
2026-09-12 02:04:35,697 - DEBUG - Already followed user: Babarali2k21. Skipping.
2026-09-12 02:04:35,697 - DEBUG - Already followed user: a-partovii. Skipping.
2026-09-12 02:04:35,697 - DEBUG - Already followed user: SalehAkramSifat. Skipping.
2026-09-12 02:04:35,697 - DEBUG - Already followed user: martian56. Skipping.
2026-09-12 02:04:35,697 - DEBUG - Already followed user: mengnankkkk. Skipping.
2026-09-12 02:04:35,697 - DEBUG - Already followed user: lec320fd90d. Skipping.
2026-09-12 02:04:35,697 - DEBUG - Already followed user: nahladzulula. Skipping.
2026-09-12 02:04:35,697 - DEBUG - Already followed user: AImaniadev. Skipping.
2026-09-12 02:04:35,697 - INFO - Attempting to follow user: ShekibHaidari
2026-09-12 02:04:35,950 - INFO - Successfully followed user: ShekibHaidari
2026-09-12 02:04:35,952 - DEBUG - Appended user ShekibHaidari to followers.txt.
2026-09-12 02:04:35,952 - INFO - Follower counter updated: 1006
2026-09-12 02:04:35,952 - INFO - Sleeping for 11.12 seconds before the next follow.
2026-09-12 02:04:47,087 - DEBUG - Already followed user: LakhiniVoshadee. Skipping.
2026-09-12 02:04:47,087 - DEBUG - Already followed user: cfrBernard. Skipping.
2026-09-12 02:04:47,087 - DEBUG - Already followed user: rexblade58. Skipping.
2026-09-12 02:04:47,087 - DEBUG - Already followed user: amad3i. Skipping.
2026-09-12 02:04:47,087 - DEBUG - Already followed user: Arison99. Skipping.
2026-09-12 02:04:47,087 - DEBUG - Already followed user: abdulrhmansalama. Skipping.
2026-09-12 02:04:47,087 - DEBUG - Already followed user: AbSomeone. Skipping.
2026-09-12 02:04:47,087 - DEBUG - Already followed user: nam-htran. Skipping.
2026-09-12 02:04:47,087 - DEBUG - Already followed user: GitHub7667. Skipping.
2026-09-12 02:04:47,087 - INFO - Attempting to follow user: Gabrieliam42
2026-09-12 02:04:47,224 - INFO - Successfully followed user: Gabrieliam42
2026-09-12 02:04:47,225 - DEBUG - Appended user Gabrieliam42 to followers.txt.
2026-09-12 02:04:47,226 - INFO - Follower counter updated: 1007
2026-09-12 02:04:47,226 - INFO - Sleeping for 12.93 seconds before the next follow.
2026-09-12 02:05:00,164 - DEBUG - Already followed user: DevNinja08. Skipping.
2026-09-12 02:05:00,165 - DEBUG - Already followed user: dovvnloading. Skipping.
2026-09-12 02:05:00,165 - DEBUG - Already followed user: Ali-hey-0. Skipping.
2026-09-12 02:05:00,165 - DEBUG - Already followed user: talrejasahil4994. Skipping.
2026-09-12 02:05:00,165 - DEBUG - Already followed user: hellen-ansah. Skipping.
2026-09-12 02:05:00,165 - DEBUG - Already followed user: kiranShamsHere. Skipping.
2026-09-12 02:05:00,165 - DEBUG - Already followed user: Iankulani. Skipping.
2026-09-12 02:05:00,165 - DEBUG - Already followed user: VIDAKHOSHPEY22. Skipping.
2026-09-12 02:05:00,165 - DEBUG - Already followed user: BhagwaniVishi. Skipping.
2026-09-12 02:05:00,165 - DEBUG - Already followed user: aridepai17. Skipping.
2026-09-12 02:05:00,165 - DEBUG - Already followed user: 0Darkn. Skipping.
2026-09-12 02:05:00,165 - DEBUG - Already followed user: ShRP69. Skipping.
2026-09-12 02:05:00,165 - DEBUG - Already followed user: KayanShah. Skipping.
2026-09-12 02:05:00,165 - DEBUG - Already followed user: iousuz. Skipping.
2026-09-12 02:05:00,165 - DEBUG - Already followed user: Md-Mubin. Skipping.
2026-09-12 02:05:00,165 - DEBUG - Already followed user: lxl0825. Skipping.
2026-09-12 02:05:00,165 - DEBUG - Already followed user: abressiddique. Skipping.
2026-09-12 02:05:00,165 - DEBUG - Already followed user: 0xAdafang. Skipping.
2026-09-12 02:05:00,165 - DEBUG - Already followed user: jkdevcode. Skipping.
2026-09-12 02:05:00,165 - DEBUG - Already followed user: JawherKl. Skipping.
2026-09-12 02:05:00,165 - DEBUG - Already followed user: pwnedroot. Skipping.
2026-09-12 02:05:00,165 - DEBUG - Already followed user: DaviBaum. Skipping.
2026-09-12 02:05:00,165 - DEBUG - Already followed user: Nour-yahyaoui. Skipping.
2026-09-12 02:05:00,165 - DEBUG - Already followed user: thornebaker. Skipping.
2026-09-12 02:05:00,165 - DEBUG - Already followed user: rioryugen. Skipping.
2026-09-12 02:05:00,165 - DEBUG - Already followed user: nikhilpatidar01. Skipping.
2026-09-12 02:05:00,165 - DEBUG - Already followed user: codeXdanyal. Skipping.
2026-09-12 02:05:00,165 - DEBUG - Already followed user: gambling-addict. Skipping.
2026-09-12 02:05:00,165 - DEBUG - Already followed user: novagad. Skipping.
2026-09-12 02:05:00,165 - DEBUG - Already followed user: chojuninengu. Skipping.
2026-09-12 02:05:00,165 - DEBUG - Already followed user: JOELNATHAN544. Skipping.
2026-09-12 02:05:00,165 - DEBUG - Already followed user: Senthil455. Skipping.
2026-09-12 02:05:00,165 - DEBUG - Already followed user: pouryaPKGit. Skipping.
2026-09-12 02:05:00,165 - DEBUG - Already followed user: mwakidenis. Skipping.
2026-09-12 02:05:00,165 - DEBUG - Already followed user: daniel149afonso. Skipping.
2026-09-12 02:05:00,165 - DEBUG - Already followed user: MatheusRuivo365. Skipping.
2026-09-12 02:05:00,165 - DEBUG - Already followed user: grimwaIker. Skipping.
2026-09-12 02:05:00,165 - DEBUG - Already followed user: vsrupeshkumar. Skipping.
2026-09-12 02:05:00,165 - DEBUG - Already followed user: landry-some. Skipping.
2026-09-12 02:05:00,165 - DEBUG - Already followed user: madhavgadge01. Skipping.
2026-09-12 02:05:00,165 - DEBUG - Already followed user: panyster. Skipping.
2026-09-12 02:05:00,165 - DEBUG - Already followed user: MdShawonForazi. Skipping.
2026-09-12 02:05:00,166 - DEBUG - Already followed user: Muhammad-qureshi1. Skipping.
2026-09-12 02:05:00,315 - INFO - Rate Limit - Remaining: 5000, Reset at: 2026-09-12 03:05:00
2026-09-12 02:05:00,316 - INFO - Fetching followers from: https://api.github.com/users/aelmizeb/followers?per_page=100&page=4
2026-09-12 02:05:00,474 - DEBUG - Number of followers fetched: 100
2026-09-12 02:05:00,474 - INFO - Fetched 100 followers on page 4.
2026-09-12 02:05:00,474 - INFO - Sleeping for 5 seconds before following users.
2026-09-12 02:05:05,479 - DEBUG - Already followed user: destroy-boys. Skipping.
2026-09-12 02:05:05,480 - DEBUG - Already followed user: byxbe. Skipping.
2026-09-12 02:05:05,480 - DEBUG - Already followed user: vimal0156. Skipping.
2026-09-12 02:05:05,480 - DEBUG - Already followed user: syedbilalalam1. Skipping.
2026-09-12 02:05:05,480 - DEBUG - Already followed user: COUNTRY-HUMANS. Skipping.
2026-09-12 02:05:05,480 - DEBUG - Already followed user: Ayokanmi-Adejola. Skipping.
2026-09-12 02:05:05,480 - DEBUG - Already followed user: irenerodriguezrod. Skipping.
2026-09-12 02:05:05,480 - DEBUG - Already followed user: ngsnethawarya. Skipping.
2026-09-12 02:05:05,480 - DEBUG - Already followed user: mahimarawat0707. Skipping.
2026-09-12 02:05:05,480 - DEBUG - Already followed user: MuratKomurcu1. Skipping.
2026-09-12 02:05:05,480 - DEBUG - Already followed user: DARKANGEL689. Skipping.
2026-09-12 02:05:05,480 - DEBUG - Already followed user: buildcompanytogether. Skipping.
2026-09-12 02:05:05,480 - DEBUG - Already followed user: techspire0924. Skipping.
2026-09-12 02:05:05,480 - DEBUG - Already followed user: TechLeon001. Skipping.
2026-09-12 02:05:05,480 - DEBUG - Already followed user: HeavenlyDesires. Skipping.
2026-09-12 02:05:05,480 - DEBUG - Already followed user: sonle-dev. Skipping.
2026-09-12 02:05:05,480 - DEBUG - Already followed user: yonana-sahile. Skipping.
2026-09-12 02:05:05,480 - DEBUG - Already followed user: howls-moving-castle. Skipping.
2026-09-12 02:05:05,480 - DEBUG - Already followed user: lovehiccup. Skipping.
2026-09-12 02:05:05,480 - DEBUG - Already followed user: techEdge3030. Skipping.
2026-09-12 02:05:05,480 - DEBUG - Already followed user: webxos. Skipping.
2026-09-12 02:05:05,480 - DEBUG - Already followed user: developernayeemx. Skipping.
2026-09-12 02:05:05,480 - DEBUG - Already followed user: drydenmitchell. Skipping.
2026-09-12 02:05:05,480 - DEBUG - Already followed user: eatsky1006. Skipping.
2026-09-12 02:05:05,480 - DEBUG - Already followed user: frangelbarrera. Skipping.
2026-09-12 02:05:05,480 - DEBUG - Already followed user: 156afl. Skipping.
2026-09-12 02:05:05,480 - DEBUG - Already followed user: guten-tag-100. Skipping.
2026-09-12 02:05:05,480 - DEBUG - Already followed user: retrobullseye. Skipping.
2026-09-12 02:05:05,480 - DEBUG - Already followed user: nelbeu. Skipping.
2026-09-12 02:05:05,480 - DEBUG - Already followed user: ZPIIDR. Skipping.
2026-09-12 02:05:05,480 - DEBUG - Already followed user: floriant3. Skipping.
2026-09-12 02:05:05,480 - DEBUG - Already followed user: amazing-soft-dev. Skipping.
2026-09-12 02:05:05,480 - DEBUG - Already followed user: Quoriss. Skipping.
2026-09-12 02:05:05,480 - DEBUG - Already followed user: xcontcom. Skipping.
2026-09-12 02:05:05,480 - DEBUG - Already followed user: SparkNews00000. Skipping.
2026-09-12 02:05:05,480 - DEBUG - Already followed user: Lyne6666. Skipping.
2026-09-12 02:05:05,480 - DEBUG - Already followed user: nafiul-afk. Skipping.
2026-09-12 02:05:05,480 - DEBUG - Already followed user: ShiningRocket. Skipping.
2026-09-12 02:05:05,480 - DEBUG - Already followed user: Noori-Senior. Skipping.
2026-09-12 02:05:05,480 - DEBUG - Already followed user: AnjaliPatel301. Skipping.
2026-09-12 02:05:05,480 - DEBUG - Already followed user: Dev-Mania1988. Skipping.
2026-09-12 02:05:05,481 - DEBUG - Already followed user: BOYABOY999. Skipping.
2026-09-12 02:05:05,481 - DEBUG - Already followed user: NOUHABL. Skipping.
2026-09-12 02:05:05,481 - DEBUG - Already followed user: RamaAditya49. Skipping.
2026-09-12 02:05:05,481 - DEBUG - Already followed user: Seo-yeonLee. Skipping.
2026-09-12 02:05:05,481 - DEBUG - Already followed user: ChungusLord123. Skipping.
2026-09-12 02:05:05,481 - DEBUG - Already followed user: mohamadeydipour. Skipping.
2026-09-12 02:05:05,481 - DEBUG - Already followed user: constellation-infinity. Skipping.
2026-09-12 02:05:05,481 - DEBUG - Already followed user: rosem-coder. Skipping.
2026-09-12 02:05:05,481 - DEBUG - Already followed user: XO-Roham. Skipping.
2026-09-12 02:05:05,481 - DEBUG - Already followed user: kerryjanes. Skipping.
2026-09-12 02:05:05,481 - DEBUG - Already followed user: hyuntayo. Skipping.
2026-09-12 02:05:05,481 - DEBUG - Already followed user: wetmet. Skipping.
2026-09-12 02:05:05,481 - DEBUG - Already followed user: sezindartar. Skipping.
2026-09-12 02:05:05,481 - DEBUG - Already followed user: arielshakaramiro. Skipping.
2026-09-12 02:05:05,481 - DEBUG - Already followed user: NovaNoodle7. Skipping.
2026-09-12 02:05:05,481 - DEBUG - Already followed user: annaveth. Skipping.
2026-09-12 02:05:05,481 - DEBUG - Already followed user: rexxdeev. Skipping.
2026-09-12 02:05:05,481 - DEBUG - Already followed user: cosmospice. Skipping.
2026-09-12 02:05:05,481 - DEBUG - Already followed user: lrepo52. Skipping.
2026-09-12 02:05:05,481 - DEBUG - Already followed user: uhsr. Skipping.
2026-09-12 02:05:05,481 - DEBUG - Already followed user: REIJISAKAMAKI. Skipping.
2026-09-12 02:05:05,481 - DEBUG - Already followed user: devnavodhimsara. Skipping.
2026-09-12 02:05:05,481 - DEBUG - Already followed user: muichirox. Skipping.
2026-09-12 02:05:05,481 - DEBUG - Already followed user: thehappydictator. Skipping.
2026-09-12 02:05:05,481 - DEBUG - Already followed user: JohnAxel04. Skipping.
2026-09-12 02:05:05,481 - DEBUG - Already followed user: laigit-dot. Skipping.
2026-09-12 02:05:05,481 - DEBUG - Already followed user: 1minds3t. Skipping.
2026-09-12 02:05:05,481 - DEBUG - Already followed user: 2nixx. Skipping.
2026-09-12 02:05:05,481 - DEBUG - Already followed user: Jones-6199. Skipping.
2026-09-12 02:05:05,481 - DEBUG - Already followed user: matchingduo. Skipping.
2026-09-12 02:05:05,481 - DEBUG - Already followed user: Mistrust12. Skipping.
2026-09-12 02:05:05,481 - DEBUG - Already followed user: runner28-code. Skipping.
2026-09-12 02:05:05,481 - DEBUG - Already followed user: kakaka-byte. Skipping.
2026-09-12 02:05:05,481 - DEBUG - Already followed user: alvrenkai. Skipping.
2026-09-12 02:05:05,481 - DEBUG - Already followed user: KabeloM13. Skipping.
2026-09-12 02:05:05,481 - DEBUG - Already followed user: HamiParsa. Skipping.
2026-09-12 02:05:05,481 - DEBUG - Already followed user: abdulrdeveloper. Skipping.
2026-09-12 02:05:05,481 - DEBUG - Already followed user: Lyche6666. Skipping.
2026-09-12 02:05:05,481 - DEBUG - Already followed user: sphinxzerd. Skipping.
2026-09-12 02:05:05,481 - DEBUG - Already followed user: siddhant3895. Skipping.
2026-09-12 02:05:05,481 - DEBUG - Already followed user: conexto. Skipping.
2026-09-12 02:05:05,481 - DEBUG - Already followed user: nikecodedev. Skipping.
2026-09-12 02:05:05,481 - DEBUG - Already followed user: anshull-rajput. Skipping.
2026-09-12 02:05:05,481 - DEBUG - Already followed user: ExCoder999. Skipping.
2026-09-12 02:05:05,482 - DEBUG - Already followed user: nykoco. Skipping.
2026-09-12 02:05:05,482 - DEBUG - Already followed user: zombietfk. Skipping.
2026-09-12 02:05:05,482 - DEBUG - Already followed user: Ashkan-P88. Skipping.
2026-09-12 02:05:05,482 - DEBUG - Already followed user: nexthireconnect. Skipping.
2026-09-12 02:05:05,482 - DEBUG - Already followed user: cyanile. Skipping.
2026-09-12 02:05:05,482 - DEBUG - Already followed user: REVOLV1NG. Skipping.
2026-09-12 02:05:05,482 - DEBUG - Already followed user: kakashl-hatake. Skipping.
2026-09-12 02:05:05,482 - DEBUG - Already followed user: martycorn. Skipping.
2026-09-12 02:05:05,482 - DEBUG - Already followed user: HysteriaWEB3. Skipping.
2026-09-12 02:05:05,482 - DEBUG - Already followed user: joebtceth. Skipping.
2026-09-12 02:05:05,482 - DEBUG - Already followed user: jojoamanie. Skipping.
2026-09-12 02:05:05,482 - DEBUG - Already followed user: MohibAhmadButt. Skipping.
2026-09-12 02:05:05,482 - DEBUG - Already followed user: 9Michael-Cooley. Skipping.
2026-09-12 02:05:05,482 - DEBUG - Already followed user: nargestohidloo. Skipping.
2026-09-12 02:05:05,482 - DEBUG - Already followed user: tawdesangeeta1973-coder. Skipping.
2026-09-12 02:05:05,610 - INFO - Rate Limit - Remaining: 5000, Reset at: 2026-09-12 03:05:05
2026-09-12 02:05:05,612 - INFO - Fetching followers from: https://api.github.com/users/aelmizeb/followers?per_page=100&page=5
2026-09-12 02:05:05,755 - DEBUG - Number of followers fetched: 33
2026-09-12 02:05:05,755 - INFO - Fetched 33 followers on page 5.
2026-09-12 02:05:05,756 - INFO - Sleeping for 5 seconds before following users.
2026-09-12 02:05:10,761 - DEBUG - Already followed user: hwg-p. Skipping.
2026-09-12 02:05:10,761 - DEBUG - Already followed user: BERDLYY. Skipping.
2026-09-12 02:05:10,761 - DEBUG - Already followed user: chenE5M2. Skipping.
2026-09-12 02:05:10,761 - DEBUG - Already followed user: IvanDevMars. Skipping.
2026-09-12 02:05:10,761 - DEBUG - Already followed user: El-Tousy. Skipping.
2026-09-12 02:05:10,761 - DEBUG - Already followed user: art-in-alizade. Skipping.
2026-09-12 02:05:10,761 - DEBUG - Already followed user: illusive7ai. Skipping.
2026-09-12 02:05:10,761 - DEBUG - Already followed user: UnicornMorty. Skipping.
2026-09-12 02:05:10,761 - DEBUG - Already followed user: vibecodinguy. Skipping.
2026-09-12 02:05:10,761 - DEBUG - Already followed user: WElRD0. Skipping.
2026-09-12 02:05:10,761 - DEBUG - Already followed user: saravananbass12-tech. Skipping.
2026-09-12 02:05:10,761 - DEBUG - Already followed user: sugarburn. Skipping.
2026-09-12 02:05:10,761 - DEBUG - Already followed user: Espotmx. Skipping.
2026-09-12 02:05:10,761 - DEBUG - Already followed user: MJ-ulia. Skipping.
2026-09-12 02:05:10,761 - DEBUG - Already followed user: DERB1F. Skipping.
2026-09-12 02:05:10,761 - DEBUG - Already followed user: donaldmorry. Skipping.
2026-09-12 02:05:10,761 - DEBUG - Already followed user: EimanTahir027. Skipping.
2026-09-12 02:05:10,761 - DEBUG - Already followed user: kyal102. Skipping.
2026-09-12 02:05:10,762 - DEBUG - Already followed user: Belucking. Skipping.
2026-09-12 02:05:10,762 - DEBUG - Already followed user: holilayet. Skipping.
2026-09-12 02:05:10,762 - DEBUG - Already followed user: ByteBunny777. Skipping.
2026-09-12 02:05:10,762 - DEBUG - Already followed user: AngelofDarknessm. Skipping.
2026-09-12 02:05:10,762 - DEBUG - Already followed user: Ella-horizon. Skipping.
2026-09-12 02:05:10,762 - DEBUG - Already followed user: hassenbrahim. Skipping.
2026-09-12 02:05:10,762 - DEBUG - Already followed user: alberto4442. Skipping.
2026-09-12 02:05:10,762 - DEBUG - Already followed user: ancaferro. Skipping.
2026-09-12 02:05:10,762 - DEBUG - Already followed user: raviwijerathna1. Skipping.
2026-09-12 02:05:10,762 - DEBUG - Already followed user: ClaerDev. Skipping.
2026-09-12 02:05:10,762 - DEBUG - Already followed user: TOPDEV99999. Skipping.
2026-09-12 02:05:10,762 - DEBUG - Already followed user: takahashikushina0223. Skipping.
2026-09-12 02:05:10,762 - DEBUG - Already followed user: cchongming. Skipping.
2026-09-12 02:05:10,762 - DEBUG - Already followed user: evvenoly. Skipping.
2026-09-12 02:05:10,762 - DEBUG - Already followed user: arvelquigley99. Skipping.
2026-09-12 02:05:10,887 - INFO - Rate Limit - Remaining: 5000, Reset at: 2026-09-12 03:05:10
2026-09-12 02:05:10,889 - INFO - Fetching followers from: https://api.github.com/users/aelmizeb/followers?per_page=100&page=6
2026-09-12 02:05:11,026 - DEBUG - Number of followers fetched: 0
2026-09-12 02:05:11,026 - INFO - No more followers to process. Exiting.
2026-09-12 02:05:11,026 - INFO - Follower counter updated: 1007
2026-09-12 02:05:11,027 - INFO - 
Following users from your follower list is done! Total followers fetched: 433, Total followers followed: 1007
2026-09-13 01:58:52,793 - INFO - Hi! I am GitHub Follower Bot.
2026-09-13 01:58:52,793 - INFO - Letting you follow all your followers!
2026-09-13 01:58:52,793 - INFO - Starting to fetch your follower lists...

2026-09-13 01:58:52,793 - INFO - Loaded 1007 already followed users.
2026-09-13 01:58:52,794 - INFO - Processing all followers without resume.
2026-09-13 01:58:52,794 - INFO - Starting from page: 1
2026-09-13 01:58:52,794 - INFO - Current follower counter: 1007
2026-09-13 01:58:52,987 - INFO - Rate Limit - Remaining: 5000, Reset at: 2026-09-13 02:58:52
2026-09-13 01:58:52,988 - INFO - Fetching followers from: https://api.github.com/users/aelmizeb/followers?per_page=100&page=1
2026-09-13 01:58:53,189 - DEBUG - Number of followers fetched: 100
2026-09-13 01:58:53,189 - INFO - Fetched 100 followers on page 1.
2026-09-13 01:58:53,189 - INFO - Sleeping for 5 seconds before following users.
2026-09-13 01:58:58,194 - DEBUG - Already followed user: levonk. Skipping.
2026-09-13 01:58:58,194 - DEBUG - Already followed user: peterruler. Skipping.
2026-09-13 01:58:58,194 - DEBUG - Already followed user: slavaGanzin. Skipping.
2026-09-13 01:58:58,194 - DEBUG - Already followed user: kenjinote. Skipping.
2026-09-13 01:58:58,194 - DEBUG - Already followed user: tech4xstar. Skipping.
2026-09-13 01:58:58,195 - DEBUG - Already followed user: sarkarshuvojit. Skipping.
2026-09-13 01:58:58,195 - DEBUG - Already followed user: unhappychoice. Skipping.
2026-09-13 01:58:58,195 - DEBUG - Already followed user: luckchain777. Skipping.
2026-09-13 01:58:58,195 - DEBUG - Already followed user: jorithanx. Skipping.
2026-09-13 01:58:58,195 - DEBUG - Already followed user: whiteplaine. Skipping.
2026-09-13 01:58:58,195 - DEBUG - Already followed user: gamemann. Skipping.
2026-09-13 01:58:58,195 - DEBUG - Already followed user: riseansmal. Skipping.
2026-09-13 01:58:58,195 - DEBUG - Already followed user: manman4. Skipping.
2026-09-13 01:58:58,195 - DEBUG - Already followed user: KylerCondran. Skipping.
2026-09-13 01:58:58,195 - DEBUG - Already followed user: ZhuChenn. Skipping.
2026-09-13 01:58:58,195 - DEBUG - Already followed user: Elbagoury. Skipping.
2026-09-13 01:58:58,195 - DEBUG - Already followed user: murapadev. Skipping.
2026-09-13 01:58:58,195 - DEBUG - Already followed user: tetref. Skipping.
2026-09-13 01:58:58,195 - DEBUG - Already followed user: Hantan1080. Skipping.
2026-09-13 01:58:58,195 - DEBUG - Already followed user: OliviaBennQ. Skipping.
2026-09-13 01:58:58,195 - DEBUG - Already followed user: budaivisita. Skipping.
2026-09-13 01:58:58,195 - DEBUG - Already followed user: ledgerhubteam. Skipping.
2026-09-13 01:58:58,195 - DEBUG - Already followed user: CelaDaniel. Skipping.
2026-09-13 01:58:58,195 - DEBUG - Already followed user: ThomasHWeb. Skipping.
2026-09-13 01:58:58,195 - DEBUG - Already followed user: paaak. Skipping.
2026-09-13 01:58:58,195 - DEBUG - Already followed user: hitman0290. Skipping.
2026-09-13 01:58:58,195 - DEBUG - Already followed user: jokeyhter. Skipping.
2026-09-13 01:58:58,195 - DEBUG - Already followed user: dbunt1tled. Skipping.
2026-09-13 01:58:58,195 - DEBUG - Already followed user: medmek. Skipping.
2026-09-13 01:58:58,195 - DEBUG - Already followed user: Hajjouz. Skipping.
2026-09-13 01:58:58,195 - DEBUG - Already followed user: IDouble. Skipping.
2026-09-13 01:58:58,195 - DEBUG - Already followed user: Jeesson. Skipping.
2026-09-13 01:58:58,195 - DEBUG - Already followed user: CatFortman. Skipping.
2026-09-13 01:58:58,195 - DEBUG - Already followed user: ZainJavaid. Skipping.
2026-09-13 01:58:58,195 - DEBUG - Already followed user: dioptx. Skipping.
2026-09-13 01:58:58,195 - DEBUG - Already followed user: DanHouseman. Skipping.
2026-09-13 01:58:58,195 - DEBUG - Already followed user: forgerondev. Skipping.
2026-09-13 01:58:58,196 - DEBUG - Already followed user: djvelimir. Skipping.
2026-09-13 01:58:58,196 - DEBUG - Already followed user: guevaraStian. Skipping.
2026-09-13 01:58:58,196 - DEBUG - Already followed user: cambot86. Skipping.
2026-09-13 01:58:58,196 - DEBUG - Already followed user: mollyroger. Skipping.
2026-09-13 01:58:58,196 - DEBUG - Already followed user: visualGravitySense. Skipping.
2026-09-13 01:58:58,196 - DEBUG - Already followed user: jelspace. Skipping.
2026-09-13 01:58:58,196 - DEBUG - Already followed user: Sanghyun-0h. Skipping.
2026-09-13 01:58:58,196 - DEBUG - Already followed user: dweatherston11. Skipping.
2026-09-13 01:58:58,196 - DEBUG - Already followed user: weiquan98. Skipping.
2026-09-13 01:58:58,196 - DEBUG - Already followed user: furendyna. Skipping.
2026-09-13 01:58:58,196 - DEBUG - Already followed user: KostasSliazas. Skipping.
2026-09-13 01:58:58,196 - DEBUG - Already followed user: hxreborn. Skipping.
2026-09-13 01:58:58,196 - DEBUG - Already followed user: hazexone. Skipping.
2026-09-13 01:58:58,196 - DEBUG - Already followed user: ardaltunel. Skipping.
2026-09-13 01:58:58,196 - DEBUG - Already followed user: domcomit. Skipping.
2026-09-13 01:58:58,196 - DEBUG - Already followed user: boomray. Skipping.
2026-09-13 01:58:58,196 - DEBUG - Already followed user: rob0pup. Skipping.
2026-09-13 01:58:58,196 - DEBUG - Already followed user: IshmamAbir. Skipping.
2026-09-13 01:58:58,196 - DEBUG - Already followed user: designAsign. Skipping.
2026-09-13 01:58:58,196 - DEBUG - Already followed user: ai-28. Skipping.
2026-09-13 01:58:58,196 - DEBUG - Already followed user: Connor9994. Skipping.
2026-09-13 01:58:58,196 - DEBUG - Already followed user: domx4q. Skipping.
2026-09-13 01:58:58,196 - DEBUG - Already followed user: Devify-Co. Skipping.
2026-09-13 01:58:58,196 - DEBUG - Already followed user: reckedcoder. Skipping.
2026-09-13 01:58:58,196 - DEBUG - Already followed user: jackciw. Skipping.
2026-09-13 01:58:58,196 - DEBUG - Already followed user: 4F71. Skipping.
2026-09-13 01:58:58,196 - DEBUG - Already followed user: standardgalactic. Skipping.
2026-09-13 01:58:58,196 - DEBUG - Already followed user: sandibrrm. Skipping.
2026-09-13 01:58:58,196 - INFO - Attempting to follow user: MiladJoodi
2026-09-13 01:58:58,763 - INFO - Successfully followed user: MiladJoodi
2026-09-13 01:58:58,764 - DEBUG - Appended user MiladJoodi to followers.txt.
2026-09-13 01:58:58,765 - INFO - Follower counter updated: 1008
2026-09-13 01:58:58,765 - INFO - Sleeping for 12.13 seconds before the next follow.
2026-09-13 01:59:10,910 - DEBUG - Already followed user: AchrafReyani. Skipping.
2026-09-13 01:59:10,910 - DEBUG - Already followed user: jaderytm. Skipping.
2026-09-13 01:59:10,910 - DEBUG - Already followed user: nstrmx. Skipping.
2026-09-13 01:59:10,910 - DEBUG - Already followed user: RaccoonFacts. Skipping.
2026-09-13 01:59:10,910 - DEBUG - Already followed user: Kos-M. Skipping.
2026-09-13 01:59:10,910 - DEBUG - Already followed user: jfullstackdev. Skipping.
2026-09-13 01:59:10,910 - DEBUG - Already followed user: iVGeek. Skipping.
2026-09-13 01:59:10,910 - DEBUG - Already followed user: th3noryx. Skipping.
2026-09-13 01:59:10,910 - DEBUG - Already followed user: Unizuka22. Skipping.
2026-09-13 01:59:10,910 - DEBUG - Already followed user: vasilirigels. Skipping.
2026-09-13 01:59:10,910 - DEBUG - Already followed user: cristinagberta. Skipping.
2026-09-13 01:59:10,910 - DEBUG - Already followed user: alexanderbergerhd. Skipping.
2026-09-13 01:59:10,910 - DEBUG - Already followed user: mohammadnabia. Skipping.
2026-09-13 01:59:10,910 - DEBUG - Already followed user: itsbagsy. Skipping.
2026-09-13 01:59:10,910 - DEBUG - Already followed user: dmitryravilov. Skipping.
2026-09-13 01:59:10,910 - DEBUG - Already followed user: szenled. Skipping.
2026-09-13 01:59:10,910 - DEBUG - Already followed user: Mindlyss. Skipping.
2026-09-13 01:59:10,910 - DEBUG - Already followed user: cerenyilmazjinx. Skipping.
2026-09-13 01:59:10,910 - DEBUG - Already followed user: BEPb. Skipping.
2026-09-13 01:59:10,910 - DEBUG - Already followed user: galaxyb-dark. Skipping.
2026-09-13 01:59:10,911 - DEBUG - Already followed user: HafidIdrissi. Skipping.
2026-09-13 01:59:10,911 - DEBUG - Already followed user: oluiscabral. Skipping.
2026-09-13 01:59:10,911 - DEBUG - Already followed user: cryptoAur4x. Skipping.
2026-09-13 01:59:10,911 - DEBUG - Already followed user: emilycodestar. Skipping.
2026-09-13 01:59:10,911 - DEBUG - Already followed user: giewan. Skipping.
2026-09-13 01:59:10,911 - DEBUG - Already followed user: ivasik-k7. Skipping.
2026-09-13 01:59:10,911 - DEBUG - Already followed user: sakuyaloli. Skipping.
2026-09-13 01:59:10,911 - DEBUG - Already followed user: aantoooon. Skipping.
2026-09-13 01:59:10,911 - DEBUG - Already followed user: NeoZorK. Skipping.
2026-09-13 01:59:10,911 - DEBUG - Already followed user: albonidrizi. Skipping.
2026-09-13 01:59:10,911 - DEBUG - Already followed user: Arul1998. Skipping.
2026-09-13 01:59:10,911 - DEBUG - Already followed user: hajigur69. Skipping.
2026-09-13 01:59:10,911 - DEBUG - Already followed user: trajanOx. Skipping.
2026-09-13 01:59:10,911 - DEBUG - Already followed user: VictoriaCabirta. Skipping.
2026-09-13 01:59:11,096 - INFO - Rate Limit - Remaining: 5000, Reset at: 2026-09-13 02:59:11
2026-09-13 01:59:11,097 - INFO - Fetching followers from: https://api.github.com/users/aelmizeb/followers?per_page=100&page=2
2026-09-13 01:59:11,309 - DEBUG - Number of followers fetched: 100
2026-09-13 01:59:11,309 - INFO - Fetched 100 followers on page 2.
2026-09-13 01:59:11,309 - INFO - Sleeping for 5 seconds before following users.
2026-09-13 01:59:16,314 - DEBUG - Already followed user: CHUNG-HAO. Skipping.
2026-09-13 01:59:16,314 - DEBUG - Already followed user: loreius. Skipping.
2026-09-13 01:59:16,314 - DEBUG - Already followed user: Supremenottee. Skipping.
2026-09-13 01:59:16,314 - DEBUG - Already followed user: mainstar123. Skipping.
2026-09-13 01:59:16,314 - DEBUG - Already followed user: JohnMwendwa. Skipping.
2026-09-13 01:59:16,314 - DEBUG - Already followed user: Geek-Cheth. Skipping.
2026-09-13 01:59:16,314 - DEBUG - Already followed user: AhmadJeddi. Skipping.
2026-09-13 01:59:16,314 - DEBUG - Already followed user: OftenUser. Skipping.
2026-09-13 01:59:16,314 - DEBUG - Already followed user: mohammadhasanii. Skipping.
2026-09-13 01:59:16,314 - DEBUG - Already followed user: haochezh. Skipping.
2026-09-13 01:59:16,314 - DEBUG - Already followed user: mbitujames. Skipping.
2026-09-13 01:59:16,314 - DEBUG - Already followed user: Nisyalz01. Skipping.
2026-09-13 01:59:16,315 - DEBUG - Already followed user: MaitreyeeDhar. Skipping.
2026-09-13 01:59:16,315 - DEBUG - Already followed user: nelokusa. Skipping.
2026-09-13 01:59:16,315 - DEBUG - Already followed user: r97221004. Skipping.
2026-09-13 01:59:16,315 - DEBUG - Already followed user: Carrington-dev. Skipping.
2026-09-13 01:59:16,315 - DEBUG - Already followed user: pinhe91. Skipping.
2026-09-13 01:59:16,315 - DEBUG - Already followed user: minseochoj. Skipping.
2026-09-13 01:59:16,315 - DEBUG - Already followed user: thisalireza. Skipping.
2026-09-13 01:59:16,315 - DEBUG - Already followed user: BhuvanAde. Skipping.
2026-09-13 01:59:16,315 - DEBUG - Already followed user: KerollosMagdy. Skipping.
2026-09-13 01:59:16,315 - DEBUG - Already followed user: Jamkris. Skipping.
2026-09-13 01:59:16,315 - DEBUG - Already followed user: steph3nm. Skipping.
2026-09-13 01:59:16,315 - DEBUG - Already followed user: arch-yunus. Skipping.
2026-09-13 01:59:16,315 - DEBUG - Already followed user: Jailtonfonseca. Skipping.
2026-09-13 01:59:16,315 - DEBUG - Already followed user: lxRbckl. Skipping.
2026-09-13 01:59:16,315 - DEBUG - Already followed user: jamesgeodi. Skipping.
2026-09-13 01:59:16,315 - DEBUG - Already followed user: olienath. Skipping.
2026-09-13 01:59:16,315 - DEBUG - Already followed user: xrpcommunity. Skipping.
2026-09-13 01:59:16,315 - DEBUG - Already followed user: jolliesol. Skipping.
2026-09-13 01:59:16,315 - DEBUG - Already followed user: xnovaxdev. Skipping.
2026-09-13 01:59:16,315 - DEBUG - Already followed user: filzehoka. Skipping.
2026-09-13 01:59:16,315 - DEBUG - Already followed user: Wenyveo. Skipping.
2026-09-13 01:59:16,315 - DEBUG - Already followed user: nico-laqua. Skipping.
2026-09-13 01:59:16,315 - DEBUG - Already followed user: Hstkj23. Skipping.
2026-09-13 01:59:16,315 - DEBUG - Already followed user: emilybarru. Skipping.
2026-09-13 01:59:16,315 - DEBUG - Already followed user: NazmusSayad. Skipping.
2026-09-13 01:59:16,315 - DEBUG - Already followed user: Liuboshenko. Skipping.
2026-09-13 01:59:16,315 - DEBUG - Already followed user: lgomesappj. Skipping.
2026-09-13 01:59:16,315 - DEBUG - Already followed user: irenascent. Skipping.
2026-09-13 01:59:16,315 - DEBUG - Already followed user: Berserk-hub150. Skipping.
2026-09-13 01:59:16,315 - DEBUG - Already followed user: mariwatts. Skipping.
2026-09-13 01:59:16,315 - DEBUG - Already followed user: Davidevlops. Skipping.
2026-09-13 01:59:16,315 - DEBUG - Already followed user: ezozu. Skipping.
2026-09-13 01:59:16,315 - DEBUG - Already followed user: OHANA-WEB. Skipping.
2026-09-13 01:59:16,315 - DEBUG - Already followed user: BamdadTabari. Skipping.
2026-09-13 01:59:16,315 - DEBUG - Already followed user: vinamega. Skipping.
2026-09-13 01:59:16,315 - DEBUG - Already followed user: cgrundman. Skipping.
2026-09-13 01:59:16,315 - DEBUG - Already followed user: zkcryptweb. Skipping.
2026-09-13 01:59:16,316 - DEBUG - Already followed user: eldarlrd. Skipping.
2026-09-13 01:59:16,316 - DEBUG - Already followed user: bashichda. Skipping.
2026-09-13 01:59:16,316 - DEBUG - Already followed user: ludo53. Skipping.
2026-09-13 01:59:16,316 - DEBUG - Already followed user: heinodendal. Skipping.
2026-09-13 01:59:16,316 - DEBUG - Already followed user: linuxtusX5. Skipping.
2026-09-13 01:59:16,316 - DEBUG - Already followed user: CarAuto34. Skipping.
2026-09-13 01:59:16,316 - DEBUG - Already followed user: elifirinci. Skipping.
2026-09-13 01:59:16,316 - DEBUG - Already followed user: sabbir-noyon. Skipping.
2026-09-13 01:59:16,316 - DEBUG - Already followed user: Nima-Mollaei. Skipping.
2026-09-13 01:59:16,316 - DEBUG - Already followed user: apurva313. Skipping.
2026-09-13 01:59:16,316 - DEBUG - Already followed user: kyiroywops. Skipping.
2026-09-13 01:59:16,316 - DEBUG - Already followed user: m-bwela. Skipping.
2026-09-13 01:59:16,316 - DEBUG - Already followed user: NachoOFC. Skipping.
2026-09-13 01:59:16,316 - DEBUG - Already followed user: CrisLottz. Skipping.
2026-09-13 01:59:16,316 - DEBUG - Already followed user: MrMDrX. Skipping.
2026-09-13 01:59:16,316 - DEBUG - Already followed user: nimakian. Skipping.
2026-09-13 01:59:16,316 - DEBUG - Already followed user: iamapuneet. Skipping.
2026-09-13 01:59:16,316 - DEBUG - Already followed user: iktiarnazib. Skipping.
2026-09-13 01:59:16,316 - DEBUG - Already followed user: Daxxtropezz. Skipping.
2026-09-13 01:59:16,316 - DEBUG - Already followed user: joaocarpim. Skipping.
2026-09-13 01:59:16,316 - DEBUG - Already followed user: 0xmurtimus. Skipping.
2026-09-13 01:59:16,316 - DEBUG - Already followed user: U1000000000000. Skipping.
2026-09-13 01:59:16,316 - DEBUG - Already followed user: shahriar0999. Skipping.
2026-09-13 01:59:16,316 - DEBUG - Already followed user: souvikrana17. Skipping.
2026-09-13 01:59:16,316 - DEBUG - Already followed user: AhmedDabish. Skipping.
2026-09-13 01:59:16,316 - DEBUG - Already followed user: DIMFLIX. Skipping.
2026-09-13 01:59:16,316 - DEBUG - Already followed user: 1526422010. Skipping.
2026-09-13 01:59:16,316 - DEBUG - Already followed user: EminHaziyev. Skipping.
2026-09-13 01:59:16,316 - DEBUG - Already followed user: VarshuAi. Skipping.
2026-09-13 01:59:16,316 - DEBUG - Already followed user: CelaFlori. Skipping.
2026-09-13 01:59:16,316 - DEBUG - Already followed user: 0xspryo. Skipping.
2026-09-13 01:59:16,316 - DEBUG - Already followed user: laurindoisaac. Skipping.
2026-09-13 01:59:16,316 - DEBUG - Already followed user: Motaman-M. Skipping.
2026-09-13 01:59:16,316 - DEBUG - Already followed user: Seif-01. Skipping.
2026-09-13 01:59:16,316 - DEBUG - Already followed user: motanelson. Skipping.
2026-09-13 01:59:16,316 - DEBUG - Already followed user: cepseu1. Skipping.
2026-09-13 01:59:16,316 - DEBUG - Already followed user: bolola777. Skipping.
2026-09-13 01:59:16,317 - DEBUG - Already followed user: vardan444. Skipping.
2026-09-13 01:59:16,317 - DEBUG - Already followed user: rahuloraj. Skipping.
2026-09-13 01:59:16,317 - DEBUG - Already followed user: knmlabs. Skipping.
2026-09-13 01:59:16,317 - DEBUG - Already followed user: Mubashir12392. Skipping.
2026-09-13 01:59:16,317 - DEBUG - Already followed user: jeallz. Skipping.
2026-09-13 01:59:16,317 - DEBUG - Already followed user: ArmandSegall. Skipping.
2026-09-13 01:59:16,317 - DEBUG - Already followed user: reignsi. Skipping.
2026-09-13 01:59:16,317 - DEBUG - Already followed user: christosantono. Skipping.
2026-09-13 01:59:16,317 - DEBUG - Already followed user: Nai64. Skipping.
2026-09-13 01:59:16,317 - DEBUG - Already followed user: K1rsN7. Skipping.
2026-09-13 01:59:16,317 - DEBUG - Already followed user: MatthewMacri. Skipping.
2026-09-13 01:59:16,317 - DEBUG - Already followed user: whitakeroliver. Skipping.
2026-09-13 01:59:16,317 - DEBUG - Already followed user: S4IL21. Skipping.
2026-09-13 01:59:16,317 - DEBUG - Already followed user: filipzekovich. Skipping.
2026-09-13 01:59:16,592 - INFO - Rate Limit - Remaining: 5000, Reset at: 2026-09-13 02:59:16
2026-09-13 01:59:16,593 - INFO - Fetching followers from: https://api.github.com/users/aelmizeb/followers?per_page=100&page=3
2026-09-13 01:59:16,795 - DEBUG - Number of followers fetched: 100
2026-09-13 01:59:16,795 - INFO - Fetched 100 followers on page 3.
2026-09-13 01:59:16,795 - INFO - Sleeping for 5 seconds before following users.
2026-09-13 01:59:21,800 - DEBUG - Already followed user: RafalW3bCraft. Skipping.
2026-09-13 01:59:21,801 - DEBUG - Already followed user: 7007259Ankur. Skipping.
2026-09-13 01:59:21,801 - DEBUG - Already followed user: amurrayeqc. Skipping.
2026-09-13 01:59:21,801 - DEBUG - Already followed user: Willysc10. Skipping.
2026-09-13 01:59:21,801 - DEBUG - Already followed user: rasidi3112. Skipping.
2026-09-13 01:59:21,801 - DEBUG - Already followed user: otaviossousa. Skipping.
2026-09-13 01:59:21,801 - DEBUG - Already followed user: taahabz. Skipping.
2026-09-13 01:59:21,801 - DEBUG - Already followed user: topdigitalplus. Skipping.
2026-09-13 01:59:21,801 - DEBUG - Already followed user: lilbodo123. Skipping.
2026-09-13 01:59:21,801 - DEBUG - Already followed user: super-phantom91. Skipping.
2026-09-13 01:59:21,801 - DEBUG - Already followed user: hyper-ayoub. Skipping.
2026-09-13 01:59:21,801 - DEBUG - Already followed user: DrParthaMajumder. Skipping.
2026-09-13 01:59:21,801 - DEBUG - Already followed user: sunjoe508. Skipping.
2026-09-13 01:59:21,801 - DEBUG - Already followed user: HalfFriedPotato. Skipping.
2026-09-13 01:59:21,801 - DEBUG - Already followed user: IamDevDan. Skipping.
2026-09-13 01:59:21,801 - DEBUG - Already followed user: Fellipemarcal. Skipping.
2026-09-13 01:59:21,803 - DEBUG - Already followed user: potentialdev-web. Skipping.
2026-09-13 01:59:21,803 - DEBUG - Already followed user: Laqrabti. Skipping.
2026-09-13 01:59:21,803 - DEBUG - Already followed user: masonliiu. Skipping.
2026-09-13 01:59:21,803 - DEBUG - Already followed user: deadlyandro. Skipping.
2026-09-13 01:59:21,803 - DEBUG - Already followed user: AhmadTigress. Skipping.
2026-09-13 01:59:21,803 - DEBUG - Already followed user: Maher-Elmair. Skipping.
2026-09-13 01:59:21,803 - DEBUG - Already followed user: harutosati. Skipping.
2026-09-13 01:59:21,803 - DEBUG - Already followed user: B2Kumar03. Skipping.
2026-09-13 01:59:21,803 - DEBUG - Already followed user: AbdulRehman393. Skipping.
2026-09-13 01:59:21,804 - DEBUG - Already followed user: vijayshikhare. Skipping.
2026-09-13 01:59:21,804 - DEBUG - Already followed user: nuraisi. Skipping.
2026-09-13 01:59:21,804 - DEBUG - Already followed user: aertsimon90. Skipping.
2026-09-13 01:59:21,804 - DEBUG - Already followed user: Bifenzine. Skipping.
2026-09-13 01:59:21,804 - DEBUG - Already followed user: Chainsmoker23. Skipping.
2026-09-13 01:59:21,804 - DEBUG - Already followed user: 3nesdeniz. Skipping.
2026-09-13 01:59:21,804 - DEBUG - Already followed user: vegata099. Skipping.
2026-09-13 01:59:21,804 - DEBUG - Already followed user: marichu-kt. Skipping.
2026-09-13 01:59:21,804 - DEBUG - Already followed user: yutomiwana. Skipping.
2026-09-13 01:59:21,804 - DEBUG - Already followed user: gaqx. Skipping.
2026-09-13 01:59:21,804 - DEBUG - Already followed user: AnonimusShamshiAlex. Skipping.
2026-09-13 01:59:21,804 - DEBUG - Already followed user: goShell3. Skipping.
2026-09-13 01:59:21,804 - DEBUG - Already followed user: bencheayoub. Skipping.
2026-09-13 01:59:21,804 - DEBUG - Already followed user: juicetreacly. Skipping.
2026-09-13 01:59:21,804 - DEBUG - Already followed user: Babarali2k21. Skipping.
2026-09-13 01:59:21,804 - DEBUG - Already followed user: a-partovii. Skipping.
2026-09-13 01:59:21,804 - DEBUG - Already followed user: SalehAkramSifat. Skipping.
2026-09-13 01:59:21,804 - DEBUG - Already followed user: martian56. Skipping.
2026-09-13 01:59:21,804 - DEBUG - Already followed user: mengnankkkk. Skipping.
2026-09-13 01:59:21,804 - DEBUG - Already followed user: lec320fd90d. Skipping.
2026-09-13 01:59:21,804 - DEBUG - Already followed user: nahladzulula. Skipping.
2026-09-13 01:59:21,805 - DEBUG - Already followed user: AImaniadev. Skipping.
2026-09-13 01:59:21,805 - DEBUG - Already followed user: ShekibHaidari. Skipping.
2026-09-13 01:59:21,805 - DEBUG - Already followed user: LakhiniVoshadee. Skipping.
2026-09-13 01:59:21,805 - DEBUG - Already followed user: cfrBernard. Skipping.
2026-09-13 01:59:21,805 - DEBUG - Already followed user: rexblade58. Skipping.
2026-09-13 01:59:21,805 - DEBUG - Already followed user: amad3i. Skipping.
2026-09-13 01:59:21,805 - DEBUG - Already followed user: Arison99. Skipping.
2026-09-13 01:59:21,805 - DEBUG - Already followed user: abdulrhmansalama. Skipping.
2026-09-13 01:59:21,805 - DEBUG - Already followed user: AbSomeone. Skipping.
2026-09-13 01:59:21,805 - DEBUG - Already followed user: nam-htran. Skipping.
2026-09-13 01:59:21,805 - DEBUG - Already followed user: GitHub7667. Skipping.
2026-09-13 01:59:21,805 - DEBUG - Already followed user: Gabrieliam42. Skipping.
2026-09-13 01:59:21,805 - DEBUG - Already followed user: DevNinja08. Skipping.
2026-09-13 01:59:21,805 - DEBUG - Already followed user: dovvnloading. Skipping.
2026-09-13 01:59:21,805 - DEBUG - Already followed user: Ali-hey-0. Skipping.
2026-09-13 01:59:21,805 - DEBUG - Already followed user: talrejasahil4994. Skipping.
2026-09-13 01:59:21,805 - DEBUG - Already followed user: hellen-ansah. Skipping.
2026-09-13 01:59:21,805 - DEBUG - Already followed user: kiranShamsHere. Skipping.
2026-09-13 01:59:21,805 - DEBUG - Already followed user: Iankulani. Skipping.
2026-09-13 01:59:21,805 - DEBUG - Already followed user: VIDAKHOSHPEY22. Skipping.
2026-09-13 01:59:21,805 - DEBUG - Already followed user: BhagwaniVishi. Skipping.
2026-09-13 01:59:21,805 - DEBUG - Already followed user: aridepai17. Skipping.
2026-09-13 01:59:21,805 - DEBUG - Already followed user: 0Darkn. Skipping.
2026-09-13 01:59:21,805 - DEBUG - Already followed user: ShRP69. Skipping.
2026-09-13 01:59:21,806 - DEBUG - Already followed user: KayanShah. Skipping.
2026-09-13 01:59:21,806 - DEBUG - Already followed user: iousuz. Skipping.
2026-09-13 01:59:21,806 - INFO - Attempting to follow user: Alikaka079
2026-09-13 01:59:22,179 - INFO - Successfully followed user: Alikaka079
2026-09-13 01:59:22,181 - DEBUG - Appended user Alikaka079 to followers.txt.
2026-09-13 01:59:22,181 - INFO - Follower counter updated: 1009
2026-09-13 01:59:22,181 - INFO - Sleeping for 11.53 seconds before the next follow.
2026-09-13 01:59:33,727 - DEBUG - Already followed user: Md-Mubin. Skipping.
2026-09-13 01:59:33,727 - DEBUG - Already followed user: lxl0825. Skipping.
2026-09-13 01:59:33,727 - DEBUG - Already followed user: abressiddique. Skipping.
2026-09-13 01:59:33,727 - DEBUG - Already followed user: 0xAdafang. Skipping.
2026-09-13 01:59:33,727 - DEBUG - Already followed user: jkdevcode. Skipping.
2026-09-13 01:59:33,727 - DEBUG - Already followed user: JawherKl. Skipping.
2026-09-13 01:59:33,727 - DEBUG - Already followed user: pwnedroot. Skipping.
2026-09-13 01:59:33,727 - DEBUG - Already followed user: DaviBaum. Skipping.
2026-09-13 01:59:33,727 - DEBUG - Already followed user: Nour-yahyaoui. Skipping.
2026-09-13 01:59:33,727 - DEBUG - Already followed user: thornebaker. Skipping.
2026-09-13 01:59:33,727 - DEBUG - Already followed user: rioryugen. Skipping.
2026-09-13 01:59:33,727 - DEBUG - Already followed user: nikhilpatidar01. Skipping.
2026-09-13 01:59:33,727 - DEBUG - Already followed user: codeXdanyal. Skipping.
2026-09-13 01:59:33,728 - DEBUG - Already followed user: gambling-addict. Skipping.
2026-09-13 01:59:33,728 - DEBUG - Already followed user: novagad. Skipping.
2026-09-13 01:59:33,728 - DEBUG - Already followed user: chojuninengu. Skipping.
2026-09-13 01:59:33,728 - DEBUG - Already followed user: JOELNATHAN544. Skipping.
2026-09-13 01:59:33,728 - DEBUG - Already followed user: Senthil455. Skipping.
2026-09-13 01:59:33,728 - DEBUG - Already followed user: pouryaPKGit. Skipping.
2026-09-13 01:59:33,728 - DEBUG - Already followed user: mwakidenis. Skipping.
2026-09-13 01:59:33,728 - DEBUG - Already followed user: daniel149afonso. Skipping.
2026-09-13 01:59:33,728 - DEBUG - Already followed user: MatheusRuivo365. Skipping.
2026-09-13 01:59:33,728 - DEBUG - Already followed user: grimwaIker. Skipping.
2026-09-13 01:59:33,728 - DEBUG - Already followed user: vsrupeshkumar. Skipping.
2026-09-13 01:59:33,728 - DEBUG - Already followed user: landry-some. Skipping.
2026-09-13 01:59:33,728 - DEBUG - Already followed user: madhavgadge01. Skipping.
2026-09-13 01:59:33,728 - DEBUG - Already followed user: panyster. Skipping.
2026-09-13 01:59:33,991 - INFO - Rate Limit - Remaining: 5000, Reset at: 2026-09-13 02:59:33
2026-09-13 01:59:33,992 - INFO - Fetching followers from: https://api.github.com/users/aelmizeb/followers?per_page=100&page=4
2026-09-13 01:59:34,184 - DEBUG - Number of followers fetched: 100
2026-09-13 01:59:34,184 - INFO - Fetched 100 followers on page 4.
2026-09-13 01:59:34,184 - INFO - Sleeping for 5 seconds before following users.
2026-09-13 01:59:39,189 - DEBUG - Already followed user: MdShawonForazi. Skipping.
2026-09-13 01:59:39,189 - DEBUG - Already followed user: Muhammad-qureshi1. Skipping.
2026-09-13 01:59:39,189 - DEBUG - Already followed user: destroy-boys. Skipping.
2026-09-13 01:59:39,189 - DEBUG - Already followed user: byxbe. Skipping.
2026-09-13 01:59:39,189 - DEBUG - Already followed user: vimal0156. Skipping.
2026-09-13 01:59:39,189 - DEBUG - Already followed user: syedbilalalam1. Skipping.
2026-09-13 01:59:39,189 - DEBUG - Already followed user: COUNTRY-HUMANS. Skipping.
2026-09-13 01:59:39,189 - DEBUG - Already followed user: Ayokanmi-Adejola. Skipping.
2026-09-13 01:59:39,189 - DEBUG - Already followed user: irenerodriguezrod. Skipping.
2026-09-13 01:59:39,189 - DEBUG - Already followed user: ngsnethawarya. Skipping.
2026-09-13 01:59:39,189 - DEBUG - Already followed user: mahimarawat0707. Skipping.
2026-09-13 01:59:39,189 - DEBUG - Already followed user: MuratKomurcu1. Skipping.
2026-09-13 01:59:39,189 - DEBUG - Already followed user: DARKANGEL689. Skipping.
2026-09-13 01:59:39,189 - DEBUG - Already followed user: buildcompanytogether. Skipping.
2026-09-13 01:59:39,190 - DEBUG - Already followed user: techspire0924. Skipping.
2026-09-13 01:59:39,190 - DEBUG - Already followed user: TechLeon001. Skipping.
2026-09-13 01:59:39,190 - DEBUG - Already followed user: HeavenlyDesires. Skipping.
2026-09-13 01:59:39,190 - DEBUG - Already followed user: sonle-dev. Skipping.
2026-09-13 01:59:39,190 - DEBUG - Already followed user: yonana-sahile. Skipping.
2026-09-13 01:59:39,190 - DEBUG - Already followed user: howls-moving-castle. Skipping.
2026-09-13 01:59:39,190 - DEBUG - Already followed user: lovehiccup. Skipping.
2026-09-13 01:59:39,190 - DEBUG - Already followed user: techEdge3030. Skipping.
2026-09-13 01:59:39,190 - DEBUG - Already followed user: webxos. Skipping.
2026-09-13 01:59:39,190 - DEBUG - Already followed user: developernayeemx. Skipping.
2026-09-13 01:59:39,190 - DEBUG - Already followed user: drydenmitchell. Skipping.
2026-09-13 01:59:39,190 - DEBUG - Already followed user: eatsky1006. Skipping.
2026-09-13 01:59:39,190 - DEBUG - Already followed user: frangelbarrera. Skipping.
2026-09-13 01:59:39,190 - DEBUG - Already followed user: 156afl. Skipping.
2026-09-13 01:59:39,190 - DEBUG - Already followed user: guten-tag-100. Skipping.
2026-09-13 01:59:39,190 - DEBUG - Already followed user: retrobullseye. Skipping.
2026-09-13 01:59:39,190 - DEBUG - Already followed user: nelbeu. Skipping.
2026-09-13 01:59:39,190 - DEBUG - Already followed user: ZPIIDR. Skipping.
2026-09-13 01:59:39,190 - DEBUG - Already followed user: floriant3. Skipping.
2026-09-13 01:59:39,190 - DEBUG - Already followed user: amazing-soft-dev. Skipping.
2026-09-13 01:59:39,190 - DEBUG - Already followed user: Quoriss. Skipping.
2026-09-13 01:59:39,190 - DEBUG - Already followed user: xcontcom. Skipping.
2026-09-13 01:59:39,190 - DEBUG - Already followed user: SparkNews00000. Skipping.
2026-09-13 01:59:39,190 - DEBUG - Already followed user: Lyne6666. Skipping.
2026-09-13 01:59:39,190 - DEBUG - Already followed user: nafiul-afk. Skipping.
2026-09-13 01:59:39,190 - DEBUG - Already followed user: ShiningRocket. Skipping.
2026-09-13 01:59:39,190 - DEBUG - Already followed user: Noori-Senior. Skipping.
2026-09-13 01:59:39,190 - DEBUG - Already followed user: AnjaliPatel301. Skipping.
2026-09-13 01:59:39,190 - DEBUG - Already followed user: Dev-Mania1988. Skipping.
2026-09-13 01:59:39,190 - DEBUG - Already followed user: BOYABOY999. Skipping.
2026-09-13 01:59:39,190 - DEBUG - Already followed user: NOUHABL. Skipping.
2026-09-13 01:59:39,190 - DEBUG - Already followed user: RamaAditya49. Skipping.
2026-09-13 01:59:39,190 - DEBUG - Already followed user: Seo-yeonLee. Skipping.
2026-09-13 01:59:39,190 - DEBUG - Already followed user: ChungusLord123. Skipping.
2026-09-13 01:59:39,190 - DEBUG - Already followed user: mohamadeydipour. Skipping.
2026-09-13 01:59:39,190 - DEBUG - Already followed user: constellation-infinity. Skipping.
2026-09-13 01:59:39,190 - DEBUG - Already followed user: rosem-coder. Skipping.
2026-09-13 01:59:39,190 - DEBUG - Already followed user: XO-Roham. Skipping.
2026-09-13 01:59:39,191 - DEBUG - Already followed user: kerryjanes. Skipping.
2026-09-13 01:59:39,191 - INFO - Attempting to follow user: acid4you
2026-09-13 01:59:39,544 - INFO - Successfully followed user: acid4you
2026-09-13 01:59:39,546 - DEBUG - Appended user acid4you to followers.txt.
2026-09-13 01:59:39,546 - INFO - Follower counter updated: 1010
2026-09-13 01:59:39,546 - INFO - Sleeping for 13.81 seconds before the next follow.
2026-09-13 01:59:53,365 - DEBUG - Already followed user: hyuntayo. Skipping.
2026-09-13 01:59:53,365 - DEBUG - Already followed user: wetmet. Skipping.
2026-09-13 01:59:53,365 - DEBUG - Already followed user: sezindartar. Skipping.
2026-09-13 01:59:53,365 - DEBUG - Already followed user: arielshakaramiro. Skipping.
2026-09-13 01:59:53,366 - DEBUG - Already followed user: NovaNoodle7. Skipping.
2026-09-13 01:59:53,366 - DEBUG - Already followed user: annaveth. Skipping.
2026-09-13 01:59:53,366 - DEBUG - Already followed user: rexxdeev. Skipping.
2026-09-13 01:59:53,366 - DEBUG - Already followed user: cosmospice. Skipping.
2026-09-13 01:59:53,366 - DEBUG - Already followed user: lrepo52. Skipping.
2026-09-13 01:59:53,366 - DEBUG - Already followed user: uhsr. Skipping.
2026-09-13 01:59:53,366 - DEBUG - Already followed user: REIJISAKAMAKI. Skipping.
2026-09-13 01:59:53,366 - DEBUG - Already followed user: devnavodhimsara. Skipping.
2026-09-13 01:59:53,366 - DEBUG - Already followed user: muichirox. Skipping.
2026-09-13 01:59:53,366 - DEBUG - Already followed user: thehappydictator. Skipping.
2026-09-13 01:59:53,366 - DEBUG - Already followed user: JohnAxel04. Skipping.
2026-09-13 01:59:53,366 - DEBUG - Already followed user: laigit-dot. Skipping.
2026-09-13 01:59:53,366 - DEBUG - Already followed user: 1minds3t. Skipping.
2026-09-13 01:59:53,366 - DEBUG - Already followed user: 2nixx. Skipping.
2026-09-13 01:59:53,366 - DEBUG - Already followed user: Jones-6199. Skipping.
2026-09-13 01:59:53,366 - DEBUG - Already followed user: matchingduo. Skipping.
2026-09-13 01:59:53,366 - DEBUG - Already followed user: Mistrust12. Skipping.
2026-09-13 01:59:53,366 - DEBUG - Already followed user: runner28-code. Skipping.
2026-09-13 01:59:53,366 - DEBUG - Already followed user: kakaka-byte. Skipping.
2026-09-13 01:59:53,366 - DEBUG - Already followed user: alvrenkai. Skipping.
2026-09-13 01:59:53,366 - DEBUG - Already followed user: KabeloM13. Skipping.
2026-09-13 01:59:53,366 - DEBUG - Already followed user: HamiParsa. Skipping.
2026-09-13 01:59:53,366 - DEBUG - Already followed user: abdulrdeveloper. Skipping.
2026-09-13 01:59:53,366 - DEBUG - Already followed user: Lyche6666. Skipping.
2026-09-13 01:59:53,366 - DEBUG - Already followed user: sphinxzerd. Skipping.
2026-09-13 01:59:53,366 - DEBUG - Already followed user: siddhant3895. Skipping.
2026-09-13 01:59:53,366 - DEBUG - Already followed user: conexto. Skipping.
2026-09-13 01:59:53,366 - DEBUG - Already followed user: nikecodedev. Skipping.
2026-09-13 01:59:53,366 - DEBUG - Already followed user: anshull-rajput. Skipping.
2026-09-13 01:59:53,366 - DEBUG - Already followed user: ExCoder999. Skipping.
2026-09-13 01:59:53,366 - DEBUG - Already followed user: nykoco. Skipping.
2026-09-13 01:59:53,366 - DEBUG - Already followed user: zombietfk. Skipping.
2026-09-13 01:59:53,367 - DEBUG - Already followed user: Ashkan-P88. Skipping.
2026-09-13 01:59:53,367 - DEBUG - Already followed user: nexthireconnect. Skipping.
2026-09-13 01:59:53,367 - DEBUG - Already followed user: cyanile. Skipping.
2026-09-13 01:59:53,367 - DEBUG - Already followed user: REVOLV1NG. Skipping.
2026-09-13 01:59:53,367 - DEBUG - Already followed user: kakashl-hatake. Skipping.
2026-09-13 01:59:53,367 - DEBUG - Already followed user: martycorn. Skipping.
2026-09-13 01:59:53,367 - DEBUG - Already followed user: HysteriaWEB3. Skipping.
2026-09-13 01:59:53,367 - DEBUG - Already followed user: joebtceth. Skipping.
2026-09-13 01:59:53,367 - DEBUG - Already followed user: jojoamanie. Skipping.
2026-09-13 01:59:53,367 - INFO - Attempting to follow user: HussainAli-Ds
2026-09-13 01:59:53,706 - INFO - Successfully followed user: HussainAli-Ds
2026-09-13 01:59:53,707 - DEBUG - Appended user HussainAli-Ds to followers.txt.
2026-09-13 01:59:53,707 - INFO - Follower counter updated: 1011
2026-09-13 01:59:53,707 - INFO - Sleeping for 12.56 seconds before the next follow.
2026-09-13 02:00:06,468 - INFO - Rate Limit - Remaining: 5000, Reset at: 2026-09-13 03:00:06
2026-09-13 02:00:06,469 - INFO - Fetching followers from: https://api.github.com/users/aelmizeb/followers?per_page=100&page=5
2026-09-13 02:00:06,817 - DEBUG - Number of followers fetched: 39
2026-09-13 02:00:06,818 - INFO - Fetched 39 followers on page 5.
2026-09-13 02:00:06,818 - INFO - Sleeping for 5 seconds before following users.
2026-09-13 02:00:11,818 - DEBUG - Already followed user: MohibAhmadButt. Skipping.
2026-09-13 02:00:11,819 - DEBUG - Already followed user: 9Michael-Cooley. Skipping.
2026-09-13 02:00:11,819 - DEBUG - Already followed user: nargestohidloo. Skipping.
2026-09-13 02:00:11,819 - DEBUG - Already followed user: tawdesangeeta1973-coder. Skipping.
2026-09-13 02:00:11,819 - DEBUG - Already followed user: hwg-p. Skipping.
2026-09-13 02:00:11,819 - DEBUG - Already followed user: BERDLYY. Skipping.
2026-09-13 02:00:11,819 - DEBUG - Already followed user: chenE5M2. Skipping.
2026-09-13 02:00:11,819 - DEBUG - Already followed user: IvanDevMars. Skipping.
2026-09-13 02:00:11,819 - DEBUG - Already followed user: El-Tousy. Skipping.
2026-09-13 02:00:11,819 - DEBUG - Already followed user: art-in-alizade. Skipping.
2026-09-13 02:00:11,819 - INFO - Attempting to follow user: josejairobaltazargallegos-afk
2026-09-13 02:00:12,188 - INFO - Successfully followed user: josejairobaltazargallegos-afk
2026-09-13 02:00:12,189 - DEBUG - Appended user josejairobaltazargallegos-afk to followers.txt.
2026-09-13 02:00:12,190 - INFO - Follower counter updated: 1012
2026-09-13 02:00:12,190 - INFO - Sleeping for 12.81 seconds before the next follow.
2026-09-13 02:00:25,010 - DEBUG - Already followed user: illusive7ai. Skipping.
2026-09-13 02:00:25,011 - DEBUG - Already followed user: UnicornMorty. Skipping.
2026-09-13 02:00:25,011 - DEBUG - Already followed user: vibecodinguy. Skipping.
2026-09-13 02:00:25,011 - DEBUG - Already followed user: WElRD0. Skipping.
2026-09-13 02:00:25,011 - DEBUG - Already followed user: saravananbass12-tech. Skipping.
2026-09-13 02:00:25,011 - DEBUG - Already followed user: sugarburn. Skipping.
2026-09-13 02:00:25,011 - DEBUG - Already followed user: Espotmx. Skipping.
2026-09-13 02:00:25,011 - DEBUG - Already followed user: MJ-ulia. Skipping.
2026-09-13 02:00:25,011 - DEBUG - Already followed user: DERB1F. Skipping.
2026-09-13 02:00:25,011 - DEBUG - Already followed user: donaldmorry. Skipping.
2026-09-13 02:00:25,011 - DEBUG - Already followed user: EimanTahir027. Skipping.
2026-09-13 02:00:25,011 - DEBUG - Already followed user: kyal102. Skipping.
2026-09-13 02:00:25,011 - DEBUG - Already followed user: Belucking. Skipping.
2026-09-13 02:00:25,011 - DEBUG - Already followed user: holilayet. Skipping.
2026-09-13 02:00:25,011 - DEBUG - Already followed user: ByteBunny777. Skipping.
2026-09-13 02:00:25,011 - DEBUG - Already followed user: AngelofDarknessm. Skipping.
2026-09-13 02:00:25,011 - DEBUG - Already followed user: Ella-horizon. Skipping.
2026-09-13 02:00:25,011 - DEBUG - Already followed user: hassenbrahim. Skipping.
2026-09-13 02:00:25,011 - DEBUG - Already followed user: alberto4442. Skipping.
2026-09-13 02:00:25,011 - DEBUG - Already followed user: ancaferro. Skipping.
2026-09-13 02:00:25,011 - INFO - Attempting to follow user: ElmanCod110
2026-09-13 02:00:25,262 - INFO - Successfully followed user: ElmanCod110
2026-09-13 02:00:25,263 - DEBUG - Appended user ElmanCod110 to followers.txt.
2026-09-13 02:00:25,264 - INFO - Follower counter updated: 1013
2026-09-13 02:00:25,264 - INFO - Sleeping for 13.16 seconds before the next follow.
2026-09-13 02:00:38,439 - DEBUG - Already followed user: raviwijerathna1. Skipping.
2026-09-13 02:00:38,439 - DEBUG - Already followed user: ClaerDev. Skipping.
2026-09-13 02:00:38,439 - DEBUG - Already followed user: TOPDEV99999. Skipping.
2026-09-13 02:00:38,439 - DEBUG - Already followed user: takahashikushina0223. Skipping.
2026-09-13 02:00:38,439 - DEBUG - Already followed user: cchongming. Skipping.
2026-09-13 02:00:38,439 - DEBUG - Already followed user: evvenoly. Skipping.
2026-09-13 02:00:38,439 - DEBUG - Already followed user: arvelquigley99. Skipping.
2026-09-13 02:00:38,736 - INFO - Rate Limit - Remaining: 5000, Reset at: 2026-09-13 03:00:38
2026-09-13 02:00:38,737 - INFO - Fetching followers from: https://api.github.com/users/aelmizeb/followers?per_page=100&page=6
2026-09-13 02:00:38,915 - DEBUG - Number of followers fetched: 0
2026-09-13 02:00:38,916 - INFO - No more followers to process. Exiting.
2026-09-13 02:00:38,916 - INFO - Follower counter updated: 1013
2026-09-13 02:00:38,916 - INFO - 
Following users from your follower list is done! Total followers fetched: 439, Total followers followed: 1013
2026-09-14 02:16:45,700 - INFO - Hi! I am GitHub Follower Bot.
2026-09-14 02:16:45,700 - INFO - Letting you follow all your followers!
2026-09-14 02:16:45,700 - INFO - Starting to fetch your follower lists...

2026-09-14 02:16:45,701 - INFO - Loaded 1013 already followed users.
2026-09-14 02:16:45,701 - INFO - Processing all followers without resume.
2026-09-14 02:16:45,701 - INFO - Starting from page: 1
2026-09-14 02:16:45,701 - INFO - Current follower counter: 1013
2026-09-14 02:16:45,869 - INFO - Rate Limit - Remaining: 5000, Reset at: 2026-09-14 03:16:45
2026-09-14 02:16:45,870 - INFO - Fetching followers from: https://api.github.com/users/aelmizeb/followers?per_page=100&page=1
2026-09-14 02:16:46,026 - DEBUG - Number of followers fetched: 100
2026-09-14 02:16:46,027 - INFO - Fetched 100 followers on page 1.
2026-09-14 02:16:46,027 - INFO - Sleeping for 5 seconds before following users.
2026-09-14 02:16:51,032 - DEBUG - Already followed user: levonk. Skipping.
2026-09-14 02:16:51,032 - DEBUG - Already followed user: peterruler. Skipping.
2026-09-14 02:16:51,032 - DEBUG - Already followed user: slavaGanzin. Skipping.
2026-09-14 02:16:51,032 - DEBUG - Already followed user: kenjinote. Skipping.
2026-09-14 02:16:51,032 - DEBUG - Already followed user: tech4xstar. Skipping.
2026-09-14 02:16:51,032 - DEBUG - Already followed user: sarkarshuvojit. Skipping.
2026-09-14 02:16:51,032 - DEBUG - Already followed user: unhappychoice. Skipping.
2026-09-14 02:16:51,032 - DEBUG - Already followed user: luckchain777. Skipping.
2026-09-14 02:16:51,032 - DEBUG - Already followed user: jorithanx. Skipping.
2026-09-14 02:16:51,032 - DEBUG - Already followed user: whiteplaine. Skipping.
2026-09-14 02:16:51,032 - DEBUG - Already followed user: gamemann. Skipping.
2026-09-14 02:16:51,032 - DEBUG - Already followed user: riseansmal. Skipping.
2026-09-14 02:16:51,032 - DEBUG - Already followed user: manman4. Skipping.
2026-09-14 02:16:51,032 - DEBUG - Already followed user: KylerCondran. Skipping.
2026-09-14 02:16:51,033 - DEBUG - Already followed user: ZhuChenn. Skipping.
2026-09-14 02:16:51,033 - DEBUG - Already followed user: Elbagoury. Skipping.
2026-09-14 02:16:51,033 - DEBUG - Already followed user: murapadev. Skipping.
2026-09-14 02:16:51,033 - DEBUG - Already followed user: tetref. Skipping.
2026-09-14 02:16:51,033 - DEBUG - Already followed user: Hantan1080. Skipping.
2026-09-14 02:16:51,033 - DEBUG - Already followed user: OliviaBennQ. Skipping.
2026-09-14 02:16:51,033 - DEBUG - Already followed user: budaivisita. Skipping.
2026-09-14 02:16:51,033 - DEBUG - Already followed user: ledgerhubteam. Skipping.
2026-09-14 02:16:51,033 - DEBUG - Already followed user: CelaDaniel. Skipping.
2026-09-14 02:16:51,033 - DEBUG - Already followed user: ThomasHWeb. Skipping.
2026-09-14 02:16:51,033 - DEBUG - Already followed user: paaak. Skipping.
2026-09-14 02:16:51,033 - DEBUG - Already followed user: hitman0290. Skipping.
2026-09-14 02:16:51,033 - DEBUG - Already followed user: jokeyhter. Skipping.
2026-09-14 02:16:51,033 - DEBUG - Already followed user: dbunt1tled. Skipping.
2026-09-14 02:16:51,033 - DEBUG - Already followed user: medmek. Skipping.
2026-09-14 02:16:51,033 - DEBUG - Already followed user: Hajjouz. Skipping.
2026-09-14 02:16:51,033 - DEBUG - Already followed user: IDouble. Skipping.
2026-09-14 02:16:51,033 - DEBUG - Already followed user: Jeesson. Skipping.
2026-09-14 02:16:51,033 - DEBUG - Already followed user: CatFortman. Skipping.
2026-09-14 02:16:51,033 - DEBUG - Already followed user: ZainJavaid. Skipping.
2026-09-14 02:16:51,033 - DEBUG - Already followed user: dioptx. Skipping.
2026-09-14 02:16:51,033 - DEBUG - Already followed user: DanHouseman. Skipping.
2026-09-14 02:16:51,033 - DEBUG - Already followed user: forgerondev. Skipping.
2026-09-14 02:16:51,033 - DEBUG - Already followed user: djvelimir. Skipping.
2026-09-14 02:16:51,033 - DEBUG - Already followed user: guevaraStian. Skipping.
2026-09-14 02:16:51,033 - DEBUG - Already followed user: cambot86. Skipping.
2026-09-14 02:16:51,033 - DEBUG - Already followed user: mollyroger. Skipping.
2026-09-14 02:16:51,033 - DEBUG - Already followed user: visualGravitySense. Skipping.
2026-09-14 02:16:51,033 - DEBUG - Already followed user: jelspace. Skipping.
2026-09-14 02:16:51,033 - DEBUG - Already followed user: Sanghyun-0h. Skipping.
2026-09-14 02:16:51,033 - DEBUG - Already followed user: dweatherston11. Skipping.
2026-09-14 02:16:51,033 - DEBUG - Already followed user: weiquan98. Skipping.
2026-09-14 02:16:51,033 - DEBUG - Already followed user: furendyna. Skipping.
2026-09-14 02:16:51,033 - DEBUG - Already followed user: KostasSliazas. Skipping.
2026-09-14 02:16:51,034 - DEBUG - Already followed user: hxreborn. Skipping.
2026-09-14 02:16:51,034 - DEBUG - Already followed user: hazexone. Skipping.
2026-09-14 02:16:51,034 - DEBUG - Already followed user: ardaltunel. Skipping.
2026-09-14 02:16:51,034 - DEBUG - Already followed user: domcomit. Skipping.
2026-09-14 02:16:51,034 - DEBUG - Already followed user: boomray. Skipping.
2026-09-14 02:16:51,034 - DEBUG - Already followed user: rob0pup. Skipping.
2026-09-14 02:16:51,034 - DEBUG - Already followed user: IshmamAbir. Skipping.
2026-09-14 02:16:51,034 - DEBUG - Already followed user: designAsign. Skipping.
2026-09-14 02:16:51,034 - DEBUG - Already followed user: ai-28. Skipping.
2026-09-14 02:16:51,034 - DEBUG - Already followed user: Connor9994. Skipping.
2026-09-14 02:16:51,034 - DEBUG - Already followed user: domx4q. Skipping.
2026-09-14 02:16:51,034 - DEBUG - Already followed user: Devify-Co. Skipping.
2026-09-14 02:16:51,034 - DEBUG - Already followed user: reckedcoder. Skipping.
2026-09-14 02:16:51,034 - DEBUG - Already followed user: jackciw. Skipping.
2026-09-14 02:16:51,034 - DEBUG - Already followed user: 4F71. Skipping.
2026-09-14 02:16:51,034 - DEBUG - Already followed user: standardgalactic. Skipping.
2026-09-14 02:16:51,034 - DEBUG - Already followed user: sandibrrm. Skipping.
2026-09-14 02:16:51,034 - DEBUG - Already followed user: MiladJoodi. Skipping.
2026-09-14 02:16:51,034 - DEBUG - Already followed user: AchrafReyani. Skipping.
2026-09-14 02:16:51,034 - DEBUG - Already followed user: jaderytm. Skipping.
2026-09-14 02:16:51,034 - DEBUG - Already followed user: nstrmx. Skipping.
2026-09-14 02:16:51,034 - DEBUG - Already followed user: RaccoonFacts. Skipping.
2026-09-14 02:16:51,034 - DEBUG - Already followed user: Kos-M. Skipping.
2026-09-14 02:16:51,034 - DEBUG - Already followed user: jfullstackdev. Skipping.
2026-09-14 02:16:51,034 - DEBUG - Already followed user: iVGeek. Skipping.
2026-09-14 02:16:51,034 - DEBUG - Already followed user: th3noryx. Skipping.
2026-09-14 02:16:51,034 - DEBUG - Already followed user: Unizuka22. Skipping.
2026-09-14 02:16:51,034 - DEBUG - Already followed user: vasilirigels. Skipping.
2026-09-14 02:16:51,034 - DEBUG - Already followed user: cristinagberta. Skipping.
2026-09-14 02:16:51,034 - DEBUG - Already followed user: alexanderbergerhd. Skipping.
2026-09-14 02:16:51,034 - DEBUG - Already followed user: mohammadnabia. Skipping.
2026-09-14 02:16:51,034 - DEBUG - Already followed user: itsbagsy. Skipping.
2026-09-14 02:16:51,034 - DEBUG - Already followed user: dmitryravilov. Skipping.
2026-09-14 02:16:51,034 - DEBUG - Already followed user: szenled. Skipping.
2026-09-14 02:16:51,034 - DEBUG - Already followed user: Mindlyss. Skipping.
2026-09-14 02:16:51,034 - DEBUG - Already followed user: cerenyilmazjinx. Skipping.
2026-09-14 02:16:51,034 - DEBUG - Already followed user: BEPb. Skipping.
2026-09-14 02:16:51,034 - DEBUG - Already followed user: galaxyb-dark. Skipping.
2026-09-14 02:16:51,034 - DEBUG - Already followed user: HafidIdrissi. Skipping.
2026-09-14 02:16:51,035 - DEBUG - Already followed user: oluiscabral. Skipping.
2026-09-14 02:16:51,035 - DEBUG - Already followed user: cryptoAur4x. Skipping.
2026-09-14 02:16:51,035 - DEBUG - Already followed user: emilycodestar. Skipping.
2026-09-14 02:16:51,035 - DEBUG - Already followed user: giewan. Skipping.
2026-09-14 02:16:51,035 - DEBUG - Already followed user: ivasik-k7. Skipping.
2026-09-14 02:16:51,035 - DEBUG - Already followed user: sakuyaloli. Skipping.
2026-09-14 02:16:51,035 - DEBUG - Already followed user: aantoooon. Skipping.
2026-09-14 02:16:51,035 - DEBUG - Already followed user: NeoZorK. Skipping.
2026-09-14 02:16:51,035 - DEBUG - Already followed user: albonidrizi. Skipping.
2026-09-14 02:16:51,035 - DEBUG - Already followed user: Arul1998. Skipping.
2026-09-14 02:16:51,035 - DEBUG - Already followed user: hajigur69. Skipping.
2026-09-14 02:16:51,035 - DEBUG - Already followed user: trajanOx. Skipping.
2026-09-14 02:16:51,035 - DEBUG - Already followed user: VictoriaCabirta. Skipping.
2026-09-14 02:16:51,202 - INFO - Rate Limit - Remaining: 5000, Reset at: 2026-09-14 03:16:51
2026-09-14 02:16:51,203 - INFO - Fetching followers from: https://api.github.com/users/aelmizeb/followers?per_page=100&page=2
2026-09-14 02:16:51,381 - DEBUG - Number of followers fetched: 100
2026-09-14 02:16:51,381 - INFO - Fetched 100 followers on page 2.
2026-09-14 02:16:51,381 - INFO - Sleeping for 5 seconds before following users.
2026-09-14 02:16:56,386 - DEBUG - Already followed user: CHUNG-HAO. Skipping.
2026-09-14 02:16:56,386 - DEBUG - Already followed user: loreius. Skipping.
2026-09-14 02:16:56,386 - DEBUG - Already followed user: Supremenottee. Skipping.
2026-09-14 02:16:56,386 - DEBUG - Already followed user: mainstar123. Skipping.
2026-09-14 02:16:56,387 - DEBUG - Already followed user: JohnMwendwa. Skipping.
2026-09-14 02:16:56,387 - DEBUG - Already followed user: Geek-Cheth. Skipping.
2026-09-14 02:16:56,387 - DEBUG - Already followed user: AhmadJeddi. Skipping.
2026-09-14 02:16:56,387 - DEBUG - Already followed user: OftenUser. Skipping.
2026-09-14 02:16:56,387 - DEBUG - Already followed user: mohammadhasanii. Skipping.
2026-09-14 02:16:56,387 - DEBUG - Already followed user: haochezh. Skipping.
2026-09-14 02:16:56,387 - DEBUG - Already followed user: mbitujames. Skipping.
2026-09-14 02:16:56,387 - DEBUG - Already followed user: Nisyalz01. Skipping.
2026-09-14 02:16:56,387 - DEBUG - Already followed user: MaitreyeeDhar. Skipping.
2026-09-14 02:16:56,387 - DEBUG - Already followed user: nelokusa. Skipping.
2026-09-14 02:16:56,387 - DEBUG - Already followed user: r97221004. Skipping.
2026-09-14 02:16:56,387 - DEBUG - Already followed user: Carrington-dev. Skipping.
2026-09-14 02:16:56,387 - DEBUG - Already followed user: pinhe91. Skipping.
2026-09-14 02:16:56,387 - DEBUG - Already followed user: minseochoj. Skipping.
2026-09-14 02:16:56,387 - DEBUG - Already followed user: thisalireza. Skipping.
2026-09-14 02:16:56,387 - DEBUG - Already followed user: BhuvanAde. Skipping.
2026-09-14 02:16:56,387 - DEBUG - Already followed user: KerollosMagdy. Skipping.
2026-09-14 02:16:56,387 - DEBUG - Already followed user: Jamkris. Skipping.
2026-09-14 02:16:56,387 - DEBUG - Already followed user: steph3nm. Skipping.
2026-09-14 02:16:56,387 - DEBUG - Already followed user: arch-yunus. Skipping.
2026-09-14 02:16:56,387 - DEBUG - Already followed user: Jailtonfonseca. Skipping.
2026-09-14 02:16:56,387 - DEBUG - Already followed user: lxRbckl. Skipping.
2026-09-14 02:16:56,387 - DEBUG - Already followed user: jamesgeodi. Skipping.
2026-09-14 02:16:56,387 - DEBUG - Already followed user: olienath. Skipping.
2026-09-14 02:16:56,387 - DEBUG - Already followed user: xrpcommunity. Skipping.
2026-09-14 02:16:56,387 - DEBUG - Already followed user: jolliesol. Skipping.
2026-09-14 02:16:56,387 - DEBUG - Already followed user: xnovaxdev. Skipping.
2026-09-14 02:16:56,387 - DEBUG - Already followed user: filzehoka. Skipping.
2026-09-14 02:16:56,387 - DEBUG - Already followed user: Wenyveo. Skipping.
2026-09-14 02:16:56,387 - DEBUG - Already followed user: nico-laqua. Skipping.
2026-09-14 02:16:56,387 - DEBUG - Already followed user: Hstkj23. Skipping.
2026-09-14 02:16:56,388 - DEBUG - Already followed user: emilybarru. Skipping.
2026-09-14 02:16:56,388 - DEBUG - Already followed user: NazmusSayad. Skipping.
2026-09-14 02:16:56,388 - DEBUG - Already followed user: Liuboshenko. Skipping.
2026-09-14 02:16:56,388 - DEBUG - Already followed user: lgomesappj. Skipping.
2026-09-14 02:16:56,388 - DEBUG - Already followed user: irenascent. Skipping.
2026-09-14 02:16:56,388 - DEBUG - Already followed user: Berserk-hub150. Skipping.
2026-09-14 02:16:56,388 - DEBUG - Already followed user: mariwatts. Skipping.
2026-09-14 02:16:56,388 - DEBUG - Already followed user: Davidevlops. Skipping.
2026-09-14 02:16:56,388 - DEBUG - Already followed user: ezozu. Skipping.
2026-09-14 02:16:56,388 - DEBUG - Already followed user: OHANA-WEB. Skipping.
2026-09-14 02:16:56,388 - DEBUG - Already followed user: BamdadTabari. Skipping.
2026-09-14 02:16:56,388 - DEBUG - Already followed user: vinamega. Skipping.
2026-09-14 02:16:56,388 - DEBUG - Already followed user: cgrundman. Skipping.
2026-09-14 02:16:56,388 - DEBUG - Already followed user: zkcryptweb. Skipping.
2026-09-14 02:16:56,388 - DEBUG - Already followed user: eldarlrd. Skipping.
2026-09-14 02:16:56,388 - DEBUG - Already followed user: bashichda. Skipping.
2026-09-14 02:16:56,388 - DEBUG - Already followed user: ludo53. Skipping.
2026-09-14 02:16:56,388 - DEBUG - Already followed user: heinodendal. Skipping.
2026-09-14 02:16:56,388 - DEBUG - Already followed user: linuxtusX5. Skipping.
2026-09-14 02:16:56,388 - DEBUG - Already followed user: CarAuto34. Skipping.
2026-09-14 02:16:56,388 - DEBUG - Already followed user: elifirinci. Skipping.
2026-09-14 02:16:56,388 - DEBUG - Already followed user: sabbir-noyon. Skipping.
2026-09-14 02:16:56,388 - DEBUG - Already followed user: Nima-Mollaei. Skipping.
2026-09-14 02:16:56,388 - DEBUG - Already followed user: apurva313. Skipping.
2026-09-14 02:16:56,388 - DEBUG - Already followed user: kyiroywops. Skipping.
2026-09-14 02:16:56,388 - DEBUG - Already followed user: m-bwela. Skipping.
2026-09-14 02:16:56,388 - DEBUG - Already followed user: NachoOFC. Skipping.
2026-09-14 02:16:56,388 - DEBUG - Already followed user: CrisLottz. Skipping.
2026-09-14 02:16:56,388 - DEBUG - Already followed user: MrMDrX. Skipping.
2026-09-14 02:16:56,388 - DEBUG - Already followed user: nimakian. Skipping.
2026-09-14 02:16:56,388 - DEBUG - Already followed user: iamapuneet. Skipping.
2026-09-14 02:16:56,388 - DEBUG - Already followed user: iktiarnazib. Skipping.
2026-09-14 02:16:56,388 - DEBUG - Already followed user: Daxxtropezz. Skipping.
2026-09-14 02:16:56,388 - DEBUG - Already followed user: joaocarpim. Skipping.
2026-09-14 02:16:56,388 - DEBUG - Already followed user: 0xmurtimus. Skipping.
2026-09-14 02:16:56,388 - DEBUG - Already followed user: U1000000000000. Skipping.
2026-09-14 02:16:56,388 - DEBUG - Already followed user: shahriar0999. Skipping.
2026-09-14 02:16:56,388 - DEBUG - Already followed user: souvikrana17. Skipping.
2026-09-14 02:16:56,389 - DEBUG - Already followed user: AhmedDabish. Skipping.
2026-09-14 02:16:56,389 - DEBUG - Already followed user: DIMFLIX. Skipping.
2026-09-14 02:16:56,389 - DEBUG - Already followed user: 1526422010. Skipping.
2026-09-14 02:16:56,389 - DEBUG - Already followed user: EminHaziyev. Skipping.
2026-09-14 02:16:56,389 - DEBUG - Already followed user: VarshuAi. Skipping.
2026-09-14 02:16:56,389 - DEBUG - Already followed user: CelaFlori. Skipping.
2026-09-14 02:16:56,389 - DEBUG - Already followed user: 0xspryo. Skipping.
2026-09-14 02:16:56,389 - DEBUG - Already followed user: laurindoisaac. Skipping.
2026-09-14 02:16:56,389 - DEBUG - Already followed user: Motaman-M. Skipping.
2026-09-14 02:16:56,389 - DEBUG - Already followed user: Seif-01. Skipping.
2026-09-14 02:16:56,389 - DEBUG - Already followed user: motanelson. Skipping.
2026-09-14 02:16:56,389 - DEBUG - Already followed user: cepseu1. Skipping.
2026-09-14 02:16:56,389 - DEBUG - Already followed user: bolola777. Skipping.
2026-09-14 02:16:56,389 - DEBUG - Already followed user: vardan444. Skipping.
2026-09-14 02:16:56,389 - DEBUG - Already followed user: rahuloraj. Skipping.
2026-09-14 02:16:56,389 - DEBUG - Already followed user: knmlabs. Skipping.
2026-09-14 02:16:56,389 - DEBUG - Already followed user: Mubashir12392. Skipping.
2026-09-14 02:16:56,389 - DEBUG - Already followed user: jeallz. Skipping.
2026-09-14 02:16:56,389 - DEBUG - Already followed user: ArmandSegall. Skipping.
2026-09-14 02:16:56,389 - DEBUG - Already followed user: reignsi. Skipping.
2026-09-14 02:16:56,389 - DEBUG - Already followed user: christosantono. Skipping.
2026-09-14 02:16:56,389 - DEBUG - Already followed user: Nai64. Skipping.
2026-09-14 02:16:56,389 - DEBUG - Already followed user: K1rsN7. Skipping.
2026-09-14 02:16:56,389 - DEBUG - Already followed user: MatthewMacri. Skipping.
2026-09-14 02:16:56,389 - DEBUG - Already followed user: whitakeroliver. Skipping.
2026-09-14 02:16:56,389 - DEBUG - Already followed user: S4IL21. Skipping.
2026-09-14 02:16:56,389 - DEBUG - Already followed user: filipzekovich. Skipping.
2026-09-14 02:16:56,506 - INFO - Rate Limit - Remaining: 5000, Reset at: 2026-09-14 03:16:56
2026-09-14 02:16:56,508 - INFO - Fetching followers from: https://api.github.com/users/aelmizeb/followers?per_page=100&page=3
2026-09-14 02:16:56,672 - DEBUG - Number of followers fetched: 100
2026-09-14 02:16:56,672 - INFO - Fetched 100 followers on page 3.
2026-09-14 02:16:56,672 - INFO - Sleeping for 5 seconds before following users.
2026-09-14 02:17:01,677 - DEBUG - Already followed user: RafalW3bCraft. Skipping.
2026-09-14 02:17:01,678 - DEBUG - Already followed user: 7007259Ankur. Skipping.
2026-09-14 02:17:01,678 - DEBUG - Already followed user: amurrayeqc. Skipping.
2026-09-14 02:17:01,678 - DEBUG - Already followed user: Willysc10. Skipping.
2026-09-14 02:17:01,678 - DEBUG - Already followed user: rasidi3112. Skipping.
2026-09-14 02:17:01,678 - DEBUG - Already followed user: otaviossousa. Skipping.
2026-09-14 02:17:01,678 - DEBUG - Already followed user: taahabz. Skipping.
2026-09-14 02:17:01,678 - DEBUG - Already followed user: topdigitalplus. Skipping.
2026-09-14 02:17:01,678 - DEBUG - Already followed user: lilbodo123. Skipping.
2026-09-14 02:17:01,678 - DEBUG - Already followed user: super-phantom91. Skipping.
2026-09-14 02:17:01,678 - DEBUG - Already followed user: hyper-ayoub. Skipping.
2026-09-14 02:17:01,678 - DEBUG - Already followed user: DrParthaMajumder. Skipping.
2026-09-14 02:17:01,678 - DEBUG - Already followed user: sunjoe508. Skipping.
2026-09-14 02:17:01,678 - DEBUG - Already followed user: HalfFriedPotato. Skipping.
2026-09-14 02:17:01,678 - DEBUG - Already followed user: IamDevDan. Skipping.
2026-09-14 02:17:01,678 - INFO - Attempting to follow user: engrshuvodas
2026-09-14 02:17:01,996 - INFO - Successfully followed user: engrshuvodas
2026-09-14 02:17:01,998 - DEBUG - Appended user engrshuvodas to followers.txt.
2026-09-14 02:17:01,998 - INFO - Follower counter updated: 1014
2026-09-14 02:17:01,998 - INFO - Sleeping for 11.04 seconds before the next follow.
2026-09-14 02:17:13,052 - DEBUG - Already followed user: Fellipemarcal. Skipping.
2026-09-14 02:17:13,053 - DEBUG - Already followed user: potentialdev-web. Skipping.
2026-09-14 02:17:13,053 - DEBUG - Already followed user: Laqrabti. Skipping.
2026-09-14 02:17:13,053 - DEBUG - Already followed user: masonliiu. Skipping.
2026-09-14 02:17:13,053 - DEBUG - Already followed user: deadlyandro. Skipping.
2026-09-14 02:17:13,053 - DEBUG - Already followed user: AhmadTigress. Skipping.
2026-09-14 02:17:13,053 - DEBUG - Already followed user: Maher-Elmair. Skipping.
2026-09-14 02:17:13,053 - DEBUG - Already followed user: harutosati. Skipping.
2026-09-14 02:17:13,053 - DEBUG - Already followed user: B2Kumar03. Skipping.
2026-09-14 02:17:13,053 - DEBUG - Already followed user: AbdulRehman393. Skipping.
2026-09-14 02:17:13,053 - DEBUG - Already followed user: vijayshikhare. Skipping.
2026-09-14 02:17:13,053 - DEBUG - Already followed user: nuraisi. Skipping.
2026-09-14 02:17:13,053 - DEBUG - Already followed user: aertsimon90. Skipping.
2026-09-14 02:17:13,053 - DEBUG - Already followed user: Bifenzine. Skipping.
2026-09-14 02:17:13,053 - DEBUG - Already followed user: Chainsmoker23. Skipping.
2026-09-14 02:17:13,053 - DEBUG - Already followed user: 3nesdeniz. Skipping.
2026-09-14 02:17:13,053 - DEBUG - Already followed user: vegata099. Skipping.
2026-09-14 02:17:13,053 - DEBUG - Already followed user: marichu-kt. Skipping.
2026-09-14 02:17:13,053 - DEBUG - Already followed user: yutomiwana. Skipping.
2026-09-14 02:17:13,053 - DEBUG - Already followed user: gaqx. Skipping.
2026-09-14 02:17:13,053 - DEBUG - Already followed user: AnonimusShamshiAlex. Skipping.
2026-09-14 02:17:13,053 - DEBUG - Already followed user: goShell3. Skipping.
2026-09-14 02:17:13,053 - DEBUG - Already followed user: bencheayoub. Skipping.
2026-09-14 02:17:13,053 - DEBUG - Already followed user: juicetreacly. Skipping.
2026-09-14 02:17:13,053 - DEBUG - Already followed user: Babarali2k21. Skipping.
2026-09-14 02:17:13,053 - DEBUG - Already followed user: a-partovii. Skipping.
2026-09-14 02:17:13,053 - DEBUG - Already followed user: SalehAkramSifat. Skipping.
2026-09-14 02:17:13,053 - DEBUG - Already followed user: martian56. Skipping.
2026-09-14 02:17:13,053 - DEBUG - Already followed user: mengnankkkk. Skipping.
2026-09-14 02:17:13,053 - DEBUG - Already followed user: lec320fd90d. Skipping.
2026-09-14 02:17:13,053 - DEBUG - Already followed user: nahladzulula. Skipping.
2026-09-14 02:17:13,054 - DEBUG - Already followed user: AImaniadev. Skipping.
2026-09-14 02:17:13,054 - DEBUG - Already followed user: ShekibHaidari. Skipping.
2026-09-14 02:17:13,054 - DEBUG - Already followed user: LakhiniVoshadee. Skipping.
2026-09-14 02:17:13,054 - DEBUG - Already followed user: cfrBernard. Skipping.
2026-09-14 02:17:13,054 - DEBUG - Already followed user: rexblade58. Skipping.
2026-09-14 02:17:13,054 - DEBUG - Already followed user: amad3i. Skipping.
2026-09-14 02:17:13,054 - DEBUG - Already followed user: Arison99. Skipping.
2026-09-14 02:17:13,054 - DEBUG - Already followed user: abdulrhmansalama. Skipping.
2026-09-14 02:17:13,054 - DEBUG - Already followed user: AbSomeone. Skipping.
2026-09-14 02:17:13,054 - DEBUG - Already followed user: nam-htran. Skipping.
2026-09-14 02:17:13,054 - DEBUG - Already followed user: GitHub7667. Skipping.
2026-09-14 02:17:13,054 - DEBUG - Already followed user: Gabrieliam42. Skipping.
2026-09-14 02:17:13,054 - DEBUG - Already followed user: DevNinja08. Skipping.
2026-09-14 02:17:13,054 - DEBUG - Already followed user: dovvnloading. Skipping.
2026-09-14 02:17:13,054 - DEBUG - Already followed user: Ali-hey-0. Skipping.
2026-09-14 02:17:13,054 - DEBUG - Already followed user: talrejasahil4994. Skipping.
2026-09-14 02:17:13,054 - DEBUG - Already followed user: hellen-ansah. Skipping.
2026-09-14 02:17:13,054 - DEBUG - Already followed user: kiranShamsHere. Skipping.
2026-09-14 02:17:13,054 - DEBUG - Already followed user: Iankulani. Skipping.
2026-09-14 02:17:13,054 - DEBUG - Already followed user: VIDAKHOSHPEY22. Skipping.
2026-09-14 02:17:13,054 - DEBUG - Already followed user: BhagwaniVishi. Skipping.
2026-09-14 02:17:13,054 - DEBUG - Already followed user: aridepai17. Skipping.
2026-09-14 02:17:13,054 - DEBUG - Already followed user: 0Darkn. Skipping.
2026-09-14 02:17:13,054 - DEBUG - Already followed user: ShRP69. Skipping.
2026-09-14 02:17:13,054 - DEBUG - Already followed user: KayanShah. Skipping.
2026-09-14 02:17:13,054 - DEBUG - Already followed user: iousuz. Skipping.
2026-09-14 02:17:13,054 - DEBUG - Already followed user: Alikaka079. Skipping.
2026-09-14 02:17:13,054 - DEBUG - Already followed user: Md-Mubin. Skipping.
2026-09-14 02:17:13,054 - DEBUG - Already followed user: lxl0825. Skipping.
2026-09-14 02:17:13,054 - DEBUG - Already followed user: abressiddique. Skipping.
2026-09-14 02:17:13,054 - DEBUG - Already followed user: 0xAdafang. Skipping.
2026-09-14 02:17:13,054 - DEBUG - Already followed user: jkdevcode. Skipping.
2026-09-14 02:17:13,054 - DEBUG - Already followed user: JawherKl. Skipping.
2026-09-14 02:17:13,054 - DEBUG - Already followed user: pwnedroot. Skipping.
2026-09-14 02:17:13,054 - DEBUG - Already followed user: DaviBaum. Skipping.
2026-09-14 02:17:13,054 - DEBUG - Already followed user: Nour-yahyaoui. Skipping.
2026-09-14 02:17:13,054 - DEBUG - Already followed user: thornebaker. Skipping.
2026-09-14 02:17:13,055 - DEBUG - Already followed user: rioryugen. Skipping.
2026-09-14 02:17:13,055 - DEBUG - Already followed user: nikhilpatidar01. Skipping.
2026-09-14 02:17:13,055 - DEBUG - Already followed user: codeXdanyal. Skipping.
2026-09-14 02:17:13,055 - DEBUG - Already followed user: gambling-addict. Skipping.
2026-09-14 02:17:13,055 - DEBUG - Already followed user: novagad. Skipping.
2026-09-14 02:17:13,055 - DEBUG - Already followed user: chojuninengu. Skipping.
2026-09-14 02:17:13,055 - DEBUG - Already followed user: JOELNATHAN544. Skipping.
2026-09-14 02:17:13,055 - DEBUG - Already followed user: Senthil455. Skipping.
2026-09-14 02:17:13,055 - DEBUG - Already followed user: pouryaPKGit. Skipping.
2026-09-14 02:17:13,055 - DEBUG - Already followed user: mwakidenis. Skipping.
2026-09-14 02:17:13,055 - DEBUG - Already followed user: daniel149afonso. Skipping.
2026-09-14 02:17:13,055 - DEBUG - Already followed user: MatheusRuivo365. Skipping.
2026-09-14 02:17:13,055 - DEBUG - Already followed user: grimwaIker. Skipping.
2026-09-14 02:17:13,055 - DEBUG - Already followed user: vsrupeshkumar. Skipping.
2026-09-14 02:17:13,055 - DEBUG - Already followed user: landry-some. Skipping.
2026-09-14 02:17:13,055 - DEBUG - Already followed user: madhavgadge01. Skipping.
2026-09-14 02:17:13,204 - INFO - Rate Limit - Remaining: 5000, Reset at: 2026-09-14 03:17:13
2026-09-14 02:17:13,205 - INFO - Fetching followers from: https://api.github.com/users/aelmizeb/followers?per_page=100&page=4
2026-09-14 02:17:13,362 - DEBUG - Number of followers fetched: 100
2026-09-14 02:17:13,363 - INFO - Fetched 100 followers on page 4.
2026-09-14 02:17:13,363 - INFO - Sleeping for 5 seconds before following users.
2026-09-14 02:17:18,368 - DEBUG - Already followed user: panyster. Skipping.
2026-09-14 02:17:18,368 - DEBUG - Already followed user: MdShawonForazi. Skipping.
2026-09-14 02:17:18,368 - DEBUG - Already followed user: Muhammad-qureshi1. Skipping.
2026-09-14 02:17:18,368 - DEBUG - Already followed user: destroy-boys. Skipping.
2026-09-14 02:17:18,368 - DEBUG - Already followed user: byxbe. Skipping.
2026-09-14 02:17:18,368 - DEBUG - Already followed user: vimal0156. Skipping.
2026-09-14 02:17:18,368 - DEBUG - Already followed user: syedbilalalam1. Skipping.
2026-09-14 02:17:18,368 - DEBUG - Already followed user: COUNTRY-HUMANS. Skipping.
2026-09-14 02:17:18,368 - DEBUG - Already followed user: Ayokanmi-Adejola. Skipping.
2026-09-14 02:17:18,368 - DEBUG - Already followed user: irenerodriguezrod. Skipping.
2026-09-14 02:17:18,368 - DEBUG - Already followed user: ngsnethawarya. Skipping.
2026-09-14 02:17:18,368 - DEBUG - Already followed user: mahimarawat0707. Skipping.
2026-09-14 02:17:18,368 - DEBUG - Already followed user: MuratKomurcu1. Skipping.
2026-09-14 02:17:18,369 - DEBUG - Already followed user: DARKANGEL689. Skipping.
2026-09-14 02:17:18,369 - DEBUG - Already followed user: buildcompanytogether. Skipping.
2026-09-14 02:17:18,369 - DEBUG - Already followed user: techspire0924. Skipping.
2026-09-14 02:17:18,369 - DEBUG - Already followed user: TechLeon001. Skipping.
2026-09-14 02:17:18,369 - INFO - Attempting to follow user: Obraims
2026-09-14 02:17:18,607 - INFO - Successfully followed user: Obraims
2026-09-14 02:17:18,608 - DEBUG - Appended user Obraims to followers.txt.
2026-09-14 02:17:18,608 - INFO - Follower counter updated: 1015
2026-09-14 02:17:18,608 - INFO - Sleeping for 10.20 seconds before the next follow.
2026-09-14 02:17:28,816 - DEBUG - Already followed user: HeavenlyDesires. Skipping.
2026-09-14 02:17:28,816 - DEBUG - Already followed user: sonle-dev. Skipping.
2026-09-14 02:17:28,816 - DEBUG - Already followed user: yonana-sahile. Skipping.
2026-09-14 02:17:28,816 - DEBUG - Already followed user: howls-moving-castle. Skipping.
2026-09-14 02:17:28,816 - DEBUG - Already followed user: lovehiccup. Skipping.
2026-09-14 02:17:28,816 - DEBUG - Already followed user: techEdge3030. Skipping.
2026-09-14 02:17:28,816 - DEBUG - Already followed user: webxos. Skipping.
2026-09-14 02:17:28,816 - DEBUG - Already followed user: developernayeemx. Skipping.
2026-09-14 02:17:28,816 - DEBUG - Already followed user: drydenmitchell. Skipping.
2026-09-14 02:17:28,816 - DEBUG - Already followed user: eatsky1006. Skipping.
2026-09-14 02:17:28,816 - DEBUG - Already followed user: frangelbarrera. Skipping.
2026-09-14 02:17:28,816 - DEBUG - Already followed user: 156afl. Skipping.
2026-09-14 02:17:28,816 - DEBUG - Already followed user: guten-tag-100. Skipping.
2026-09-14 02:17:28,816 - DEBUG - Already followed user: retrobullseye. Skipping.
2026-09-14 02:17:28,816 - DEBUG - Already followed user: nelbeu. Skipping.
2026-09-14 02:17:28,816 - DEBUG - Already followed user: ZPIIDR. Skipping.
2026-09-14 02:17:28,816 - DEBUG - Already followed user: floriant3. Skipping.
2026-09-14 02:17:28,816 - DEBUG - Already followed user: amazing-soft-dev. Skipping.
2026-09-14 02:17:28,816 - DEBUG - Already followed user: Quoriss. Skipping.
2026-09-14 02:17:28,817 - DEBUG - Already followed user: xcontcom. Skipping.
2026-09-14 02:17:28,817 - DEBUG - Already followed user: SparkNews00000. Skipping.
2026-09-14 02:17:28,817 - DEBUG - Already followed user: Lyne6666. Skipping.
2026-09-14 02:17:28,817 - DEBUG - Already followed user: nafiul-afk. Skipping.
2026-09-14 02:17:28,817 - DEBUG - Already followed user: ShiningRocket. Skipping.
2026-09-14 02:17:28,817 - DEBUG - Already followed user: Noori-Senior. Skipping.
2026-09-14 02:17:28,817 - DEBUG - Already followed user: AnjaliPatel301. Skipping.
2026-09-14 02:17:28,817 - DEBUG - Already followed user: Dev-Mania1988. Skipping.
2026-09-14 02:17:28,817 - DEBUG - Already followed user: BOYABOY999. Skipping.
2026-09-14 02:17:28,817 - DEBUG - Already followed user: NOUHABL. Skipping.
2026-09-14 02:17:28,817 - DEBUG - Already followed user: RamaAditya49. Skipping.
2026-09-14 02:17:28,817 - DEBUG - Already followed user: Seo-yeonLee. Skipping.
2026-09-14 02:17:28,817 - DEBUG - Already followed user: ChungusLord123. Skipping.
2026-09-14 02:17:28,817 - DEBUG - Already followed user: mohamadeydipour. Skipping.
2026-09-14 02:17:28,817 - DEBUG - Already followed user: constellation-infinity. Skipping.
2026-09-14 02:17:28,817 - DEBUG - Already followed user: rosem-coder. Skipping.
2026-09-14 02:17:28,817 - DEBUG - Already followed user: XO-Roham. Skipping.
2026-09-14 02:17:28,817 - DEBUG - Already followed user: kerryjanes. Skipping.
2026-09-14 02:17:28,817 - DEBUG - Already followed user: acid4you. Skipping.
2026-09-14 02:17:28,817 - DEBUG - Already followed user: hyuntayo. Skipping.
2026-09-14 02:17:28,817 - DEBUG - Already followed user: wetmet. Skipping.
2026-09-14 02:17:28,817 - DEBUG - Already followed user: sezindartar. Skipping.
2026-09-14 02:17:28,817 - DEBUG - Already followed user: arielshakaramiro. Skipping.
2026-09-14 02:17:28,817 - DEBUG - Already followed user: NovaNoodle7. Skipping.
2026-09-14 02:17:28,817 - DEBUG - Already followed user: annaveth. Skipping.
2026-09-14 02:17:28,817 - DEBUG - Already followed user: rexxdeev. Skipping.
2026-09-14 02:17:28,817 - DEBUG - Already followed user: cosmospice. Skipping.
2026-09-14 02:17:28,817 - DEBUG - Already followed user: lrepo52. Skipping.
2026-09-14 02:17:28,817 - DEBUG - Already followed user: uhsr. Skipping.
2026-09-14 02:17:28,817 - DEBUG - Already followed user: REIJISAKAMAKI. Skipping.
2026-09-14 02:17:28,817 - DEBUG - Already followed user: devnavodhimsara. Skipping.
2026-09-14 02:17:28,817 - DEBUG - Already followed user: muichirox. Skipping.
2026-09-14 02:17:28,817 - DEBUG - Already followed user: thehappydictator. Skipping.
2026-09-14 02:17:28,817 - DEBUG - Already followed user: JohnAxel04. Skipping.
2026-09-14 02:17:28,817 - DEBUG - Already followed user: laigit-dot. Skipping.
2026-09-14 02:17:28,817 - DEBUG - Already followed user: 1minds3t. Skipping.
2026-09-14 02:17:28,817 - DEBUG - Already followed user: 2nixx. Skipping.
2026-09-14 02:17:28,817 - DEBUG - Already followed user: Jones-6199. Skipping.
2026-09-14 02:17:28,818 - DEBUG - Already followed user: matchingduo. Skipping.
2026-09-14 02:17:28,818 - DEBUG - Already followed user: Mistrust12. Skipping.
2026-09-14 02:17:28,818 - DEBUG - Already followed user: runner28-code. Skipping.
2026-09-14 02:17:28,818 - DEBUG - Already followed user: kakaka-byte. Skipping.
2026-09-14 02:17:28,818 - DEBUG - Already followed user: alvrenkai. Skipping.
2026-09-14 02:17:28,818 - DEBUG - Already followed user: KabeloM13. Skipping.
2026-09-14 02:17:28,818 - DEBUG - Already followed user: HamiParsa. Skipping.
2026-09-14 02:17:28,818 - DEBUG - Already followed user: abdulrdeveloper. Skipping.
2026-09-14 02:17:28,818 - DEBUG - Already followed user: Lyche6666. Skipping.
2026-09-14 02:17:28,818 - DEBUG - Already followed user: sphinxzerd. Skipping.
2026-09-14 02:17:28,818 - DEBUG - Already followed user: siddhant3895. Skipping.
2026-09-14 02:17:28,818 - DEBUG - Already followed user: conexto. Skipping.
2026-09-14 02:17:28,818 - DEBUG - Already followed user: nikecodedev. Skipping.
2026-09-14 02:17:28,818 - DEBUG - Already followed user: anshull-rajput. Skipping.
2026-09-14 02:17:28,818 - DEBUG - Already followed user: ExCoder999. Skipping.
2026-09-14 02:17:28,818 - DEBUG - Already followed user: nykoco. Skipping.
2026-09-14 02:17:28,818 - DEBUG - Already followed user: zombietfk. Skipping.
2026-09-14 02:17:28,818 - DEBUG - Already followed user: Ashkan-P88. Skipping.
2026-09-14 02:17:28,818 - DEBUG - Already followed user: nexthireconnect. Skipping.
2026-09-14 02:17:28,818 - DEBUG - Already followed user: cyanile. Skipping.
2026-09-14 02:17:28,818 - DEBUG - Already followed user: REVOLV1NG. Skipping.
2026-09-14 02:17:28,818 - DEBUG - Already followed user: kakashl-hatake. Skipping.
2026-09-14 02:17:28,818 - DEBUG - Already followed user: martycorn. Skipping.
2026-09-14 02:17:28,818 - DEBUG - Already followed user: HysteriaWEB3. Skipping.
2026-09-14 02:17:28,818 - DEBUG - Already followed user: joebtceth. Skipping.
2026-09-14 02:17:28,950 - INFO - Rate Limit - Remaining: 5000, Reset at: 2026-09-14 03:17:28
2026-09-14 02:17:28,950 - INFO - Fetching followers from: https://api.github.com/users/aelmizeb/followers?per_page=100&page=5
2026-09-14 02:17:29,108 - DEBUG - Number of followers fetched: 43
2026-09-14 02:17:29,108 - INFO - Fetched 43 followers on page 5.
2026-09-14 02:17:29,108 - INFO - Sleeping for 5 seconds before following users.
2026-09-14 02:17:34,113 - DEBUG - Already followed user: jojoamanie. Skipping.
2026-09-14 02:17:34,113 - DEBUG - Already followed user: HussainAli-Ds. Skipping.
2026-09-14 02:17:34,113 - DEBUG - Already followed user: MohibAhmadButt. Skipping.
2026-09-14 02:17:34,113 - DEBUG - Already followed user: 9Michael-Cooley. Skipping.
2026-09-14 02:17:34,113 - DEBUG - Already followed user: nargestohidloo. Skipping.
2026-09-14 02:17:34,113 - DEBUG - Already followed user: tawdesangeeta1973-coder. Skipping.
2026-09-14 02:17:34,113 - DEBUG - Already followed user: hwg-p. Skipping.
2026-09-14 02:17:34,113 - DEBUG - Already followed user: BERDLYY. Skipping.
2026-09-14 02:17:34,113 - DEBUG - Already followed user: chenE5M2. Skipping.
2026-09-14 02:17:34,113 - DEBUG - Already followed user: IvanDevMars. Skipping.
2026-09-14 02:17:34,113 - DEBUG - Already followed user: El-Tousy. Skipping.
2026-09-14 02:17:34,113 - DEBUG - Already followed user: art-in-alizade. Skipping.
2026-09-14 02:17:34,113 - DEBUG - Already followed user: josejairobaltazargallegos-afk. Skipping.
2026-09-14 02:17:34,113 - DEBUG - Already followed user: illusive7ai. Skipping.
2026-09-14 02:17:34,113 - DEBUG - Already followed user: UnicornMorty. Skipping.
2026-09-14 02:17:34,114 - DEBUG - Already followed user: vibecodinguy. Skipping.
2026-09-14 02:17:34,114 - DEBUG - Already followed user: WElRD0. Skipping.
2026-09-14 02:17:34,114 - DEBUG - Already followed user: saravananbass12-tech. Skipping.
2026-09-14 02:17:34,114 - DEBUG - Already followed user: sugarburn. Skipping.
2026-09-14 02:17:34,114 - DEBUG - Already followed user: Espotmx. Skipping.
2026-09-14 02:17:34,114 - DEBUG - Already followed user: MJ-ulia. Skipping.
2026-09-14 02:17:34,114 - DEBUG - Already followed user: DERB1F. Skipping.
2026-09-14 02:17:34,114 - DEBUG - Already followed user: donaldmorry. Skipping.
2026-09-14 02:17:34,114 - DEBUG - Already followed user: EimanTahir027. Skipping.
2026-09-14 02:17:34,114 - INFO - Attempting to follow user: oga35767-eng
2026-09-14 02:17:34,271 - INFO - Successfully followed user: oga35767-eng
2026-09-14 02:17:34,272 - DEBUG - Appended user oga35767-eng to followers.txt.
2026-09-14 02:17:34,273 - INFO - Follower counter updated: 1016
2026-09-14 02:17:34,273 - INFO - Sleeping for 12.49 seconds before the next follow.
2026-09-14 02:17:46,774 - DEBUG - Already followed user: kyal102. Skipping.
2026-09-14 02:17:46,774 - DEBUG - Already followed user: Belucking. Skipping.
2026-09-14 02:17:46,774 - DEBUG - Already followed user: holilayet. Skipping.
2026-09-14 02:17:46,774 - DEBUG - Already followed user: ByteBunny777. Skipping.
2026-09-14 02:17:46,774 - DEBUG - Already followed user: AngelofDarknessm. Skipping.
2026-09-14 02:17:46,774 - DEBUG - Already followed user: Ella-horizon. Skipping.
2026-09-14 02:17:46,774 - DEBUG - Already followed user: hassenbrahim. Skipping.
2026-09-14 02:17:46,774 - DEBUG - Already followed user: alberto4442. Skipping.
2026-09-14 02:17:46,774 - DEBUG - Already followed user: ancaferro. Skipping.
2026-09-14 02:17:46,774 - DEBUG - Already followed user: ElmanCod110. Skipping.
2026-09-14 02:17:46,774 - DEBUG - Already followed user: raviwijerathna1. Skipping.
2026-09-14 02:17:46,774 - DEBUG - Already followed user: ClaerDev. Skipping.
2026-09-14 02:17:46,775 - DEBUG - Already followed user: TOPDEV99999. Skipping.
2026-09-14 02:17:46,775 - DEBUG - Already followed user: takahashikushina0223. Skipping.
2026-09-14 02:17:46,775 - DEBUG - Already followed user: cchongming. Skipping.
2026-09-14 02:17:46,775 - DEBUG - Already followed user: evvenoly. Skipping.
2026-09-14 02:17:46,775 - DEBUG - Already followed user: arvelquigley99. Skipping.
2026-09-14 02:17:46,775 - INFO - Attempting to follow user: LenaBrooks
2026-09-14 02:17:46,902 - INFO - Successfully followed user: LenaBrooks
2026-09-14 02:17:46,903 - DEBUG - Appended user LenaBrooks to followers.txt.
2026-09-14 02:17:46,903 - INFO - Follower counter updated: 1017
2026-09-14 02:17:46,903 - INFO - Sleeping for 11.82 seconds before the next follow.
2026-09-14 02:17:58,908 - INFO - Rate Limit - Remaining: 5000, Reset at: 2026-09-14 03:17:58
2026-09-14 02:17:58,909 - INFO - Fetching followers from: https://api.github.com/users/aelmizeb/followers?per_page=100&page=6
2026-09-14 02:17:59,048 - DEBUG - Number of followers fetched: 0
2026-09-14 02:17:59,048 - INFO - No more followers to process. Exiting.
2026-09-14 02:17:59,049 - INFO - Follower counter updated: 1017
2026-09-14 02:17:59,049 - INFO - 
Following users from your follower list is done! Total followers fetched: 443, Total followers followed: 1017
2026-09-15 02:22:34,573 - INFO - Hi! I am GitHub Follower Bot.
2026-09-15 02:22:34,573 - INFO - Letting you follow all your followers!
2026-09-15 02:22:34,574 - INFO - Starting to fetch your follower lists...

2026-09-15 02:22:34,574 - INFO - Loaded 1017 already followed users.
2026-09-15 02:22:34,574 - INFO - Processing all followers without resume.
2026-09-15 02:22:34,574 - INFO - Starting from page: 1
2026-09-15 02:22:34,574 - INFO - Current follower counter: 1017
2026-09-15 02:22:34,802 - INFO - Rate Limit - Remaining: 5000, Reset at: 2026-09-15 03:22:34
2026-09-15 02:22:34,803 - INFO - Fetching followers from: https://api.github.com/users/aelmizeb/followers?per_page=100&page=1
2026-09-15 02:22:35,027 - DEBUG - Number of followers fetched: 100
2026-09-15 02:22:35,027 - INFO - Fetched 100 followers on page 1.
2026-09-15 02:22:35,027 - INFO - Sleeping for 5 seconds before following users.
2026-09-15 02:22:40,032 - DEBUG - Already followed user: levonk. Skipping.
2026-09-15 02:22:40,033 - DEBUG - Already followed user: peterruler. Skipping.
2026-09-15 02:22:40,033 - DEBUG - Already followed user: slavaGanzin. Skipping.
2026-09-15 02:22:40,033 - DEBUG - Already followed user: kenjinote. Skipping.
2026-09-15 02:22:40,033 - DEBUG - Already followed user: tech4xstar. Skipping.
2026-09-15 02:22:40,033 - DEBUG - Already followed user: sarkarshuvojit. Skipping.
2026-09-15 02:22:40,033 - DEBUG - Already followed user: unhappychoice. Skipping.
2026-09-15 02:22:40,033 - DEBUG - Already followed user: luckchain777. Skipping.
2026-09-15 02:22:40,033 - DEBUG - Already followed user: jorithanx. Skipping.
2026-09-15 02:22:40,033 - DEBUG - Already followed user: whiteplaine. Skipping.
2026-09-15 02:22:40,033 - DEBUG - Already followed user: gamemann. Skipping.
2026-09-15 02:22:40,033 - DEBUG - Already followed user: riseansmal. Skipping.
2026-09-15 02:22:40,033 - DEBUG - Already followed user: manman4. Skipping.
2026-09-15 02:22:40,033 - DEBUG - Already followed user: KylerCondran. Skipping.
2026-09-15 02:22:40,033 - DEBUG - Already followed user: ZhuChenn. Skipping.
2026-09-15 02:22:40,033 - DEBUG - Already followed user: Elbagoury. Skipping.
2026-09-15 02:22:40,033 - DEBUG - Already followed user: murapadev. Skipping.
2026-09-15 02:22:40,033 - DEBUG - Already followed user: tetref. Skipping.
2026-09-15 02:22:40,033 - DEBUG - Already followed user: Hantan1080. Skipping.
2026-09-15 02:22:40,033 - DEBUG - Already followed user: OliviaBennQ. Skipping.
2026-09-15 02:22:40,033 - DEBUG - Already followed user: budaivisita. Skipping.
2026-09-15 02:22:40,033 - DEBUG - Already followed user: ledgerhubteam. Skipping.
2026-09-15 02:22:40,033 - DEBUG - Already followed user: CelaDaniel. Skipping.
2026-09-15 02:22:40,033 - DEBUG - Already followed user: ThomasHWeb. Skipping.
2026-09-15 02:22:40,033 - DEBUG - Already followed user: paaak. Skipping.
2026-09-15 02:22:40,033 - DEBUG - Already followed user: hitman0290. Skipping.
2026-09-15 02:22:40,033 - DEBUG - Already followed user: jokeyhter. Skipping.
2026-09-15 02:22:40,033 - DEBUG - Already followed user: dbunt1tled. Skipping.
2026-09-15 02:22:40,033 - DEBUG - Already followed user: medmek. Skipping.
2026-09-15 02:22:40,034 - DEBUG - Already followed user: Hajjouz. Skipping.
2026-09-15 02:22:40,034 - DEBUG - Already followed user: IDouble. Skipping.
2026-09-15 02:22:40,034 - DEBUG - Already followed user: Jeesson. Skipping.
2026-09-15 02:22:40,034 - DEBUG - Already followed user: CatFortman. Skipping.
2026-09-15 02:22:40,034 - DEBUG - Already followed user: ZainJavaid. Skipping.
2026-09-15 02:22:40,034 - DEBUG - Already followed user: dioptx. Skipping.
2026-09-15 02:22:40,034 - DEBUG - Already followed user: DanHouseman. Skipping.
2026-09-15 02:22:40,034 - DEBUG - Already followed user: forgerondev. Skipping.
2026-09-15 02:22:40,034 - DEBUG - Already followed user: djvelimir. Skipping.
2026-09-15 02:22:40,034 - DEBUG - Already followed user: guevaraStian. Skipping.
2026-09-15 02:22:40,034 - DEBUG - Already followed user: cambot86. Skipping.
2026-09-15 02:22:40,034 - DEBUG - Already followed user: mollyroger. Skipping.
2026-09-15 02:22:40,034 - DEBUG - Already followed user: visualGravitySense. Skipping.
2026-09-15 02:22:40,034 - DEBUG - Already followed user: jelspace. Skipping.
2026-09-15 02:22:40,034 - DEBUG - Already followed user: Sanghyun-0h. Skipping.
2026-09-15 02:22:40,034 - DEBUG - Already followed user: dweatherston11. Skipping.
2026-09-15 02:22:40,034 - DEBUG - Already followed user: weiquan98. Skipping.
2026-09-15 02:22:40,034 - DEBUG - Already followed user: furendyna. Skipping.
2026-09-15 02:22:40,034 - DEBUG - Already followed user: KostasSliazas. Skipping.
2026-09-15 02:22:40,034 - DEBUG - Already followed user: hxreborn. Skipping.
2026-09-15 02:22:40,034 - DEBUG - Already followed user: hazexone. Skipping.
2026-09-15 02:22:40,034 - DEBUG - Already followed user: ardaltunel. Skipping.
2026-09-15 02:22:40,034 - DEBUG - Already followed user: domcomit. Skipping.
2026-09-15 02:22:40,034 - DEBUG - Already followed user: boomray. Skipping.
2026-09-15 02:22:40,034 - DEBUG - Already followed user: rob0pup. Skipping.
2026-09-15 02:22:40,034 - DEBUG - Already followed user: IshmamAbir. Skipping.
2026-09-15 02:22:40,034 - DEBUG - Already followed user: designAsign. Skipping.
2026-09-15 02:22:40,034 - DEBUG - Already followed user: ai-28. Skipping.
2026-09-15 02:22:40,034 - DEBUG - Already followed user: Connor9994. Skipping.
2026-09-15 02:22:40,034 - DEBUG - Already followed user: domx4q. Skipping.
2026-09-15 02:22:40,034 - DEBUG - Already followed user: Devify-Co. Skipping.
2026-09-15 02:22:40,034 - DEBUG - Already followed user: reckedcoder. Skipping.
2026-09-15 02:22:40,034 - DEBUG - Already followed user: jackciw. Skipping.
2026-09-15 02:22:40,034 - DEBUG - Already followed user: 4F71. Skipping.
2026-09-15 02:22:40,034 - DEBUG - Already followed user: standardgalactic. Skipping.
2026-09-15 02:22:40,034 - DEBUG - Already followed user: sandibrrm. Skipping.
2026-09-15 02:22:40,034 - DEBUG - Already followed user: MiladJoodi. Skipping.
2026-09-15 02:22:40,034 - DEBUG - Already followed user: AchrafReyani. Skipping.
2026-09-15 02:22:40,035 - DEBUG - Already followed user: jaderytm. Skipping.
2026-09-15 02:22:40,035 - DEBUG - Already followed user: nstrmx. Skipping.
2026-09-15 02:22:40,035 - DEBUG - Already followed user: RaccoonFacts. Skipping.
2026-09-15 02:22:40,035 - DEBUG - Already followed user: Kos-M. Skipping.
2026-09-15 02:22:40,035 - DEBUG - Already followed user: jfullstackdev. Skipping.
2026-09-15 02:22:40,035 - DEBUG - Already followed user: iVGeek. Skipping.
2026-09-15 02:22:40,035 - DEBUG - Already followed user: th3noryx. Skipping.
2026-09-15 02:22:40,035 - DEBUG - Already followed user: Unizuka22. Skipping.
2026-09-15 02:22:40,035 - DEBUG - Already followed user: vasilirigels. Skipping.
2026-09-15 02:22:40,035 - DEBUG - Already followed user: cristinagberta. Skipping.
2026-09-15 02:22:40,035 - DEBUG - Already followed user: alexanderbergerhd. Skipping.
2026-09-15 02:22:40,035 - DEBUG - Already followed user: mohammadnabia. Skipping.
2026-09-15 02:22:40,035 - DEBUG - Already followed user: itsbagsy. Skipping.
2026-09-15 02:22:40,035 - DEBUG - Already followed user: dmitryravilov. Skipping.
2026-09-15 02:22:40,035 - DEBUG - Already followed user: szenled. Skipping.
2026-09-15 02:22:40,035 - DEBUG - Already followed user: Mindlyss. Skipping.
2026-09-15 02:22:40,035 - DEBUG - Already followed user: cerenyilmazjinx. Skipping.
2026-09-15 02:22:40,035 - DEBUG - Already followed user: BEPb. Skipping.
2026-09-15 02:22:40,035 - DEBUG - Already followed user: galaxyb-dark. Skipping.
2026-09-15 02:22:40,035 - DEBUG - Already followed user: HafidIdrissi. Skipping.
2026-09-15 02:22:40,035 - DEBUG - Already followed user: oluiscabral. Skipping.
2026-09-15 02:22:40,035 - DEBUG - Already followed user: cryptoAur4x. Skipping.
2026-09-15 02:22:40,035 - DEBUG - Already followed user: emilycodestar. Skipping.
2026-09-15 02:22:40,035 - DEBUG - Already followed user: giewan. Skipping.
2026-09-15 02:22:40,035 - DEBUG - Already followed user: ivasik-k7. Skipping.
2026-09-15 02:22:40,035 - DEBUG - Already followed user: sakuyaloli. Skipping.
2026-09-15 02:22:40,035 - DEBUG - Already followed user: aantoooon. Skipping.
2026-09-15 02:22:40,035 - DEBUG - Already followed user: NeoZorK. Skipping.
2026-09-15 02:22:40,035 - DEBUG - Already followed user: albonidrizi. Skipping.
2026-09-15 02:22:40,035 - DEBUG - Already followed user: Arul1998. Skipping.
2026-09-15 02:22:40,035 - DEBUG - Already followed user: hajigur69. Skipping.
2026-09-15 02:22:40,035 - DEBUG - Already followed user: trajanOx. Skipping.
2026-09-15 02:22:40,035 - DEBUG - Already followed user: VictoriaCabirta. Skipping.
2026-09-15 02:22:40,243 - INFO - Rate Limit - Remaining: 5000, Reset at: 2026-09-15 03:22:40
2026-09-15 02:22:40,244 - INFO - Fetching followers from: https://api.github.com/users/aelmizeb/followers?per_page=100&page=2
2026-09-15 02:22:40,468 - DEBUG - Number of followers fetched: 100
2026-09-15 02:22:40,468 - INFO - Fetched 100 followers on page 2.
2026-09-15 02:22:40,468 - INFO - Sleeping for 5 seconds before following users.
2026-09-15 02:22:45,473 - DEBUG - Already followed user: CHUNG-HAO. Skipping.
2026-09-15 02:22:45,473 - DEBUG - Already followed user: loreius. Skipping.
2026-09-15 02:22:45,473 - DEBUG - Already followed user: Supremenottee. Skipping.
2026-09-15 02:22:45,473 - DEBUG - Already followed user: mainstar123. Skipping.
2026-09-15 02:22:45,473 - DEBUG - Already followed user: JohnMwendwa. Skipping.
2026-09-15 02:22:45,473 - DEBUG - Already followed user: Geek-Cheth. Skipping.
2026-09-15 02:22:45,473 - DEBUG - Already followed user: AhmadJeddi. Skipping.
2026-09-15 02:22:45,473 - DEBUG - Already followed user: OftenUser. Skipping.
2026-09-15 02:22:45,473 - DEBUG - Already followed user: mohammadhasanii. Skipping.
2026-09-15 02:22:45,473 - DEBUG - Already followed user: haochezh. Skipping.
2026-09-15 02:22:45,473 - DEBUG - Already followed user: mbitujames. Skipping.
2026-09-15 02:22:45,473 - DEBUG - Already followed user: Nisyalz01. Skipping.
2026-09-15 02:22:45,473 - DEBUG - Already followed user: MaitreyeeDhar. Skipping.
2026-09-15 02:22:45,473 - DEBUG - Already followed user: nelokusa. Skipping.
2026-09-15 02:22:45,473 - DEBUG - Already followed user: r97221004. Skipping.
2026-09-15 02:22:45,474 - DEBUG - Already followed user: Carrington-dev. Skipping.
2026-09-15 02:22:45,474 - DEBUG - Already followed user: pinhe91. Skipping.
2026-09-15 02:22:45,474 - DEBUG - Already followed user: minseochoj. Skipping.
2026-09-15 02:22:45,474 - DEBUG - Already followed user: thisalireza. Skipping.
2026-09-15 02:22:45,474 - DEBUG - Already followed user: BhuvanAde. Skipping.
2026-09-15 02:22:45,474 - DEBUG - Already followed user: KerollosMagdy. Skipping.
2026-09-15 02:22:45,474 - DEBUG - Already followed user: Jamkris. Skipping.
2026-09-15 02:22:45,474 - DEBUG - Already followed user: steph3nm. Skipping.
2026-09-15 02:22:45,474 - DEBUG - Already followed user: arch-yunus. Skipping.
2026-09-15 02:22:45,474 - DEBUG - Already followed user: Jailtonfonseca. Skipping.
2026-09-15 02:22:45,474 - DEBUG - Already followed user: lxRbckl. Skipping.
2026-09-15 02:22:45,474 - DEBUG - Already followed user: jamesgeodi. Skipping.
2026-09-15 02:22:45,474 - DEBUG - Already followed user: olienath. Skipping.
2026-09-15 02:22:45,474 - DEBUG - Already followed user: xrpcommunity. Skipping.
2026-09-15 02:22:45,474 - DEBUG - Already followed user: jolliesol. Skipping.
2026-09-15 02:22:45,474 - DEBUG - Already followed user: xnovaxdev. Skipping.
2026-09-15 02:22:45,474 - DEBUG - Already followed user: filzehoka. Skipping.
2026-09-15 02:22:45,474 - DEBUG - Already followed user: Wenyveo. Skipping.
2026-09-15 02:22:45,474 - DEBUG - Already followed user: nico-laqua. Skipping.
2026-09-15 02:22:45,474 - DEBUG - Already followed user: Hstkj23. Skipping.
2026-09-15 02:22:45,474 - DEBUG - Already followed user: emilybarru. Skipping.
2026-09-15 02:22:45,474 - DEBUG - Already followed user: NazmusSayad. Skipping.
2026-09-15 02:22:45,474 - DEBUG - Already followed user: Liuboshenko. Skipping.
2026-09-15 02:22:45,474 - DEBUG - Already followed user: lgomesappj. Skipping.
2026-09-15 02:22:45,474 - DEBUG - Already followed user: irenascent. Skipping.
2026-09-15 02:22:45,474 - DEBUG - Already followed user: Berserk-hub150. Skipping.
2026-09-15 02:22:45,474 - DEBUG - Already followed user: mariwatts. Skipping.
2026-09-15 02:22:45,474 - DEBUG - Already followed user: Davidevlops. Skipping.
2026-09-15 02:22:45,474 - DEBUG - Already followed user: ezozu. Skipping.
2026-09-15 02:22:45,474 - DEBUG - Already followed user: OHANA-WEB. Skipping.
2026-09-15 02:22:45,474 - DEBUG - Already followed user: BamdadTabari. Skipping.
2026-09-15 02:22:45,474 - DEBUG - Already followed user: vinamega. Skipping.
2026-09-15 02:22:45,474 - DEBUG - Already followed user: cgrundman. Skipping.
2026-09-15 02:22:45,474 - DEBUG - Already followed user: zkcryptweb. Skipping.
2026-09-15 02:22:45,474 - DEBUG - Already followed user: eldarlrd. Skipping.
2026-09-15 02:22:45,474 - DEBUG - Already followed user: bashichda. Skipping.
2026-09-15 02:22:45,475 - DEBUG - Already followed user: ludo53. Skipping.
2026-09-15 02:22:45,475 - DEBUG - Already followed user: heinodendal. Skipping.
2026-09-15 02:22:45,475 - DEBUG - Already followed user: linuxtusX5. Skipping.
2026-09-15 02:22:45,475 - DEBUG - Already followed user: CarAuto34. Skipping.
2026-09-15 02:22:45,475 - DEBUG - Already followed user: elifirinci. Skipping.
2026-09-15 02:22:45,475 - DEBUG - Already followed user: sabbir-noyon. Skipping.
2026-09-15 02:22:45,475 - DEBUG - Already followed user: Nima-Mollaei. Skipping.
2026-09-15 02:22:45,475 - DEBUG - Already followed user: apurva313. Skipping.
2026-09-15 02:22:45,475 - DEBUG - Already followed user: kyiroywops. Skipping.
2026-09-15 02:22:45,475 - DEBUG - Already followed user: m-bwela. Skipping.
2026-09-15 02:22:45,475 - DEBUG - Already followed user: NachoOFC. Skipping.
2026-09-15 02:22:45,475 - DEBUG - Already followed user: CrisLottz. Skipping.
2026-09-15 02:22:45,475 - DEBUG - Already followed user: MrMDrX. Skipping.
2026-09-15 02:22:45,475 - DEBUG - Already followed user: nimakian. Skipping.
2026-09-15 02:22:45,475 - DEBUG - Already followed user: iamapuneet. Skipping.
2026-09-15 02:22:45,475 - DEBUG - Already followed user: iktiarnazib. Skipping.
2026-09-15 02:22:45,475 - DEBUG - Already followed user: Daxxtropezz. Skipping.
2026-09-15 02:22:45,475 - DEBUG - Already followed user: joaocarpim. Skipping.
2026-09-15 02:22:45,475 - DEBUG - Already followed user: 0xmurtimus. Skipping.
2026-09-15 02:22:45,475 - DEBUG - Already followed user: U1000000000000. Skipping.
2026-09-15 02:22:45,475 - DEBUG - Already followed user: shahriar0999. Skipping.
2026-09-15 02:22:45,475 - DEBUG - Already followed user: souvikrana17. Skipping.
2026-09-15 02:22:45,475 - DEBUG - Already followed user: AhmedDabish. Skipping.
2026-09-15 02:22:45,475 - DEBUG - Already followed user: DIMFLIX. Skipping.
2026-09-15 02:22:45,475 - DEBUG - Already followed user: 1526422010. Skipping.
2026-09-15 02:22:45,475 - DEBUG - Already followed user: EminHaziyev. Skipping.
2026-09-15 02:22:45,475 - DEBUG - Already followed user: VarshuAi. Skipping.
2026-09-15 02:22:45,475 - DEBUG - Already followed user: CelaFlori. Skipping.
2026-09-15 02:22:45,475 - DEBUG - Already followed user: 0xspryo. Skipping.
2026-09-15 02:22:45,475 - DEBUG - Already followed user: laurindoisaac. Skipping.
2026-09-15 02:22:45,475 - DEBUG - Already followed user: Motaman-M. Skipping.
2026-09-15 02:22:45,475 - DEBUG - Already followed user: Seif-01. Skipping.
2026-09-15 02:22:45,475 - DEBUG - Already followed user: motanelson. Skipping.
2026-09-15 02:22:45,475 - DEBUG - Already followed user: cepseu1. Skipping.
2026-09-15 02:22:45,475 - DEBUG - Already followed user: bolola777. Skipping.
2026-09-15 02:22:45,475 - DEBUG - Already followed user: vardan444. Skipping.
2026-09-15 02:22:45,475 - DEBUG - Already followed user: rahuloraj. Skipping.
2026-09-15 02:22:45,475 - DEBUG - Already followed user: knmlabs. Skipping.
2026-09-15 02:22:45,475 - DEBUG - Already followed user: Mubashir12392. Skipping.
2026-09-15 02:22:45,476 - DEBUG - Already followed user: jeallz. Skipping.
2026-09-15 02:22:45,476 - DEBUG - Already followed user: ArmandSegall. Skipping.
2026-09-15 02:22:45,476 - DEBUG - Already followed user: reignsi. Skipping.
2026-09-15 02:22:45,476 - DEBUG - Already followed user: christosantono. Skipping.
2026-09-15 02:22:45,476 - DEBUG - Already followed user: Nai64. Skipping.
2026-09-15 02:22:45,476 - DEBUG - Already followed user: K1rsN7. Skipping.
2026-09-15 02:22:45,476 - DEBUG - Already followed user: MatthewMacri. Skipping.
2026-09-15 02:22:45,476 - DEBUG - Already followed user: whitakeroliver. Skipping.
2026-09-15 02:22:45,476 - DEBUG - Already followed user: S4IL21. Skipping.
2026-09-15 02:22:45,476 - DEBUG - Already followed user: filipzekovich. Skipping.
2026-09-15 02:22:45,667 - INFO - Rate Limit - Remaining: 5000, Reset at: 2026-09-15 03:22:45
2026-09-15 02:22:45,668 - INFO - Fetching followers from: https://api.github.com/users/aelmizeb/followers?per_page=100&page=3
2026-09-15 02:22:45,891 - DEBUG - Number of followers fetched: 100
2026-09-15 02:22:45,892 - INFO - Fetched 100 followers on page 3.
2026-09-15 02:22:45,892 - INFO - Sleeping for 5 seconds before following users.
2026-09-15 02:22:50,897 - DEBUG - Already followed user: RafalW3bCraft. Skipping.
2026-09-15 02:22:50,897 - DEBUG - Already followed user: 7007259Ankur. Skipping.
2026-09-15 02:22:50,897 - DEBUG - Already followed user: amurrayeqc. Skipping.
2026-09-15 02:22:50,897 - DEBUG - Already followed user: Willysc10. Skipping.
2026-09-15 02:22:50,897 - DEBUG - Already followed user: rasidi3112. Skipping.
2026-09-15 02:22:50,897 - DEBUG - Already followed user: otaviossousa. Skipping.
2026-09-15 02:22:50,897 - DEBUG - Already followed user: taahabz. Skipping.
2026-09-15 02:22:50,897 - DEBUG - Already followed user: topdigitalplus. Skipping.
2026-09-15 02:22:50,897 - DEBUG - Already followed user: lilbodo123. Skipping.
2026-09-15 02:22:50,897 - DEBUG - Already followed user: super-phantom91. Skipping.
2026-09-15 02:22:50,897 - DEBUG - Already followed user: hyper-ayoub. Skipping.
2026-09-15 02:22:50,897 - DEBUG - Already followed user: DrParthaMajumder. Skipping.
2026-09-15 02:22:50,897 - DEBUG - Already followed user: sunjoe508. Skipping.
2026-09-15 02:22:50,897 - DEBUG - Already followed user: HalfFriedPotato. Skipping.
2026-09-15 02:22:50,897 - DEBUG - Already followed user: IamDevDan. Skipping.
2026-09-15 02:22:50,897 - DEBUG - Already followed user: engrshuvodas. Skipping.
2026-09-15 02:22:50,898 - DEBUG - Already followed user: Fellipemarcal. Skipping.
2026-09-15 02:22:50,898 - DEBUG - Already followed user: potentialdev-web. Skipping.
2026-09-15 02:22:50,898 - DEBUG - Already followed user: Laqrabti. Skipping.
2026-09-15 02:22:50,898 - DEBUG - Already followed user: masonliiu. Skipping.
2026-09-15 02:22:50,898 - DEBUG - Already followed user: deadlyandro. Skipping.
2026-09-15 02:22:50,898 - DEBUG - Already followed user: AhmadTigress. Skipping.
2026-09-15 02:22:50,898 - DEBUG - Already followed user: Maher-Elmair. Skipping.
2026-09-15 02:22:50,898 - DEBUG - Already followed user: harutosati. Skipping.
2026-09-15 02:22:50,898 - DEBUG - Already followed user: B2Kumar03. Skipping.
2026-09-15 02:22:50,898 - DEBUG - Already followed user: AbdulRehman393. Skipping.
2026-09-15 02:22:50,898 - DEBUG - Already followed user: vijayshikhare. Skipping.
2026-09-15 02:22:50,898 - DEBUG - Already followed user: nuraisi. Skipping.
2026-09-15 02:22:50,898 - DEBUG - Already followed user: aertsimon90. Skipping.
2026-09-15 02:22:50,898 - DEBUG - Already followed user: Bifenzine. Skipping.
2026-09-15 02:22:50,898 - DEBUG - Already followed user: Chainsmoker23. Skipping.
2026-09-15 02:22:50,898 - DEBUG - Already followed user: 3nesdeniz. Skipping.
2026-09-15 02:22:50,898 - DEBUG - Already followed user: vegata099. Skipping.
2026-09-15 02:22:50,898 - DEBUG - Already followed user: marichu-kt. Skipping.
2026-09-15 02:22:50,898 - DEBUG - Already followed user: yutomiwana. Skipping.
2026-09-15 02:22:50,898 - DEBUG - Already followed user: gaqx. Skipping.
2026-09-15 02:22:50,898 - DEBUG - Already followed user: AnonimusShamshiAlex. Skipping.
2026-09-15 02:22:50,898 - DEBUG - Already followed user: goShell3. Skipping.
2026-09-15 02:22:50,898 - DEBUG - Already followed user: bencheayoub. Skipping.
2026-09-15 02:22:50,898 - DEBUG - Already followed user: juicetreacly. Skipping.
2026-09-15 02:22:50,898 - DEBUG - Already followed user: Babarali2k21. Skipping.
2026-09-15 02:22:50,898 - DEBUG - Already followed user: a-partovii. Skipping.
2026-09-15 02:22:50,898 - DEBUG - Already followed user: SalehAkramSifat. Skipping.
2026-09-15 02:22:50,898 - DEBUG - Already followed user: martian56. Skipping.
2026-09-15 02:22:50,898 - DEBUG - Already followed user: mengnankkkk. Skipping.
2026-09-15 02:22:50,898 - DEBUG - Already followed user: lec320fd90d. Skipping.
2026-09-15 02:22:50,898 - DEBUG - Already followed user: nahladzulula. Skipping.
2026-09-15 02:22:50,898 - DEBUG - Already followed user: AImaniadev. Skipping.
2026-09-15 02:22:50,899 - DEBUG - Already followed user: LakhiniVoshadee. Skipping.
2026-09-15 02:22:50,899 - DEBUG - Already followed user: cfrBernard. Skipping.
2026-09-15 02:22:50,899 - DEBUG - Already followed user: rexblade58. Skipping.
2026-09-15 02:22:50,899 - DEBUG - Already followed user: amad3i. Skipping.
2026-09-15 02:22:50,899 - DEBUG - Already followed user: Arison99. Skipping.
2026-09-15 02:22:50,899 - DEBUG - Already followed user: abdulrhmansalama. Skipping.
2026-09-15 02:22:50,899 - DEBUG - Already followed user: AbSomeone. Skipping.
2026-09-15 02:22:50,899 - DEBUG - Already followed user: nam-htran. Skipping.
2026-09-15 02:22:50,899 - DEBUG - Already followed user: GitHub7667. Skipping.
2026-09-15 02:22:50,899 - DEBUG - Already followed user: Gabrieliam42. Skipping.
2026-09-15 02:22:50,899 - DEBUG - Already followed user: DevNinja08. Skipping.
2026-09-15 02:22:50,899 - DEBUG - Already followed user: dovvnloading. Skipping.
2026-09-15 02:22:50,899 - DEBUG - Already followed user: Ali-hey-0. Skipping.
2026-09-15 02:22:50,899 - DEBUG - Already followed user: talrejasahil4994. Skipping.
2026-09-15 02:22:50,899 - DEBUG - Already followed user: hellen-ansah. Skipping.
2026-09-15 02:22:50,899 - DEBUG - Already followed user: kiranShamsHere. Skipping.
2026-09-15 02:22:50,899 - DEBUG - Already followed user: Iankulani. Skipping.
2026-09-15 02:22:50,899 - DEBUG - Already followed user: VIDAKHOSHPEY22. Skipping.
2026-09-15 02:22:50,899 - DEBUG - Already followed user: BhagwaniVishi. Skipping.
2026-09-15 02:22:50,899 - DEBUG - Already followed user: aridepai17. Skipping.
2026-09-15 02:22:50,899 - DEBUG - Already followed user: 0Darkn. Skipping.
2026-09-15 02:22:50,899 - DEBUG - Already followed user: ShRP69. Skipping.
2026-09-15 02:22:50,899 - DEBUG - Already followed user: KayanShah. Skipping.
2026-09-15 02:22:50,899 - DEBUG - Already followed user: iousuz. Skipping.
2026-09-15 02:22:50,899 - DEBUG - Already followed user: Alikaka079. Skipping.
2026-09-15 02:22:50,899 - DEBUG - Already followed user: Md-Mubin. Skipping.
2026-09-15 02:22:50,899 - DEBUG - Already followed user: lxl0825. Skipping.
2026-09-15 02:22:50,899 - DEBUG - Already followed user: abressiddique. Skipping.
2026-09-15 02:22:50,899 - DEBUG - Already followed user: 0xAdafang. Skipping.
2026-09-15 02:22:50,899 - DEBUG - Already followed user: jkdevcode. Skipping.
2026-09-15 02:22:50,899 - DEBUG - Already followed user: JawherKl. Skipping.
2026-09-15 02:22:50,899 - DEBUG - Already followed user: pwnedroot. Skipping.
2026-09-15 02:22:50,899 - DEBUG - Already followed user: DaviBaum. Skipping.
2026-09-15 02:22:50,899 - DEBUG - Already followed user: Nour-yahyaoui. Skipping.
2026-09-15 02:22:50,899 - DEBUG - Already followed user: thornebaker. Skipping.
2026-09-15 02:22:50,899 - DEBUG - Already followed user: rioryugen. Skipping.
2026-09-15 02:22:50,899 - DEBUG - Already followed user: nikhilpatidar01. Skipping.
2026-09-15 02:22:50,899 - DEBUG - Already followed user: codeXdanyal. Skipping.
2026-09-15 02:22:50,899 - DEBUG - Already followed user: gambling-addict. Skipping.
2026-09-15 02:22:50,899 - DEBUG - Already followed user: novagad. Skipping.
2026-09-15 02:22:50,900 - DEBUG - Already followed user: chojuninengu. Skipping.
2026-09-15 02:22:50,900 - DEBUG - Already followed user: JOELNATHAN544. Skipping.
2026-09-15 02:22:50,900 - DEBUG - Already followed user: Senthil455. Skipping.
2026-09-15 02:22:50,900 - DEBUG - Already followed user: pouryaPKGit. Skipping.
2026-09-15 02:22:50,900 - DEBUG - Already followed user: mwakidenis. Skipping.
2026-09-15 02:22:50,900 - DEBUG - Already followed user: daniel149afonso. Skipping.
2026-09-15 02:22:50,900 - DEBUG - Already followed user: MatheusRuivo365. Skipping.
2026-09-15 02:22:50,900 - DEBUG - Already followed user: grimwaIker. Skipping.
2026-09-15 02:22:50,900 - DEBUG - Already followed user: vsrupeshkumar. Skipping.
2026-09-15 02:22:50,900 - DEBUG - Already followed user: landry-some. Skipping.
2026-09-15 02:22:50,900 - DEBUG - Already followed user: madhavgadge01. Skipping.
2026-09-15 02:22:50,900 - DEBUG - Already followed user: panyster. Skipping.
2026-09-15 02:22:51,114 - INFO - Rate Limit - Remaining: 5000, Reset at: 2026-09-15 03:22:51
2026-09-15 02:22:51,115 - INFO - Fetching followers from: https://api.github.com/users/aelmizeb/followers?per_page=100&page=4
2026-09-15 02:22:51,350 - DEBUG - Number of followers fetched: 100
2026-09-15 02:22:51,350 - INFO - Fetched 100 followers on page 4.
2026-09-15 02:22:51,350 - INFO - Sleeping for 5 seconds before following users.
2026-09-15 02:22:56,355 - DEBUG - Already followed user: MdShawonForazi. Skipping.
2026-09-15 02:22:56,355 - DEBUG - Already followed user: Muhammad-qureshi1. Skipping.
2026-09-15 02:22:56,355 - DEBUG - Already followed user: destroy-boys. Skipping.
2026-09-15 02:22:56,355 - DEBUG - Already followed user: byxbe. Skipping.
2026-09-15 02:22:56,356 - DEBUG - Already followed user: vimal0156. Skipping.
2026-09-15 02:22:56,356 - DEBUG - Already followed user: syedbilalalam1. Skipping.
2026-09-15 02:22:56,356 - DEBUG - Already followed user: COUNTRY-HUMANS. Skipping.
2026-09-15 02:22:56,356 - DEBUG - Already followed user: Ayokanmi-Adejola. Skipping.
2026-09-15 02:22:56,356 - DEBUG - Already followed user: irenerodriguezrod. Skipping.
2026-09-15 02:22:56,356 - DEBUG - Already followed user: ngsnethawarya. Skipping.
2026-09-15 02:22:56,356 - DEBUG - Already followed user: mahimarawat0707. Skipping.
2026-09-15 02:22:56,356 - DEBUG - Already followed user: MuratKomurcu1. Skipping.
2026-09-15 02:22:56,356 - DEBUG - Already followed user: DARKANGEL689. Skipping.
2026-09-15 02:22:56,356 - DEBUG - Already followed user: buildcompanytogether. Skipping.
2026-09-15 02:22:56,356 - DEBUG - Already followed user: techspire0924. Skipping.
2026-09-15 02:22:56,356 - DEBUG - Already followed user: TechLeon001. Skipping.
2026-09-15 02:22:56,356 - DEBUG - Already followed user: Obraims. Skipping.
2026-09-15 02:22:56,356 - DEBUG - Already followed user: HeavenlyDesires. Skipping.
2026-09-15 02:22:56,356 - DEBUG - Already followed user: sonle-dev. Skipping.
2026-09-15 02:22:56,356 - DEBUG - Already followed user: yonana-sahile. Skipping.
2026-09-15 02:22:56,356 - DEBUG - Already followed user: howls-moving-castle. Skipping.
2026-09-15 02:22:56,356 - DEBUG - Already followed user: lovehiccup. Skipping.
2026-09-15 02:22:56,356 - DEBUG - Already followed user: techEdge3030. Skipping.
2026-09-15 02:22:56,356 - DEBUG - Already followed user: webxos. Skipping.
2026-09-15 02:22:56,356 - DEBUG - Already followed user: developernayeemx. Skipping.
2026-09-15 02:22:56,356 - DEBUG - Already followed user: drydenmitchell. Skipping.
2026-09-15 02:22:56,356 - DEBUG - Already followed user: eatsky1006. Skipping.
2026-09-15 02:22:56,356 - DEBUG - Already followed user: frangelbarrera. Skipping.
2026-09-15 02:22:56,356 - DEBUG - Already followed user: 156afl. Skipping.
2026-09-15 02:22:56,356 - DEBUG - Already followed user: guten-tag-100. Skipping.
2026-09-15 02:22:56,356 - DEBUG - Already followed user: retrobullseye. Skipping.
2026-09-15 02:22:56,356 - DEBUG - Already followed user: nelbeu. Skipping.
2026-09-15 02:22:56,356 - DEBUG - Already followed user: ZPIIDR. Skipping.
2026-09-15 02:22:56,356 - DEBUG - Already followed user: floriant3. Skipping.
2026-09-15 02:22:56,356 - DEBUG - Already followed user: amazing-soft-dev. Skipping.
2026-09-15 02:22:56,356 - DEBUG - Already followed user: Quoriss. Skipping.
2026-09-15 02:22:56,356 - DEBUG - Already followed user: xcontcom. Skipping.
2026-09-15 02:22:56,356 - DEBUG - Already followed user: SparkNews00000. Skipping.
2026-09-15 02:22:56,357 - DEBUG - Already followed user: Lyne6666. Skipping.
2026-09-15 02:22:56,357 - DEBUG - Already followed user: nafiul-afk. Skipping.
2026-09-15 02:22:56,357 - DEBUG - Already followed user: ShiningRocket. Skipping.
2026-09-15 02:22:56,357 - DEBUG - Already followed user: Noori-Senior. Skipping.
2026-09-15 02:22:56,357 - DEBUG - Already followed user: AnjaliPatel301. Skipping.
2026-09-15 02:22:56,357 - DEBUG - Already followed user: Dev-Mania1988. Skipping.
2026-09-15 02:22:56,357 - DEBUG - Already followed user: BOYABOY999. Skipping.
2026-09-15 02:22:56,357 - DEBUG - Already followed user: NOUHABL. Skipping.
2026-09-15 02:22:56,357 - DEBUG - Already followed user: RamaAditya49. Skipping.
2026-09-15 02:22:56,357 - DEBUG - Already followed user: Seo-yeonLee. Skipping.
2026-09-15 02:22:56,357 - DEBUG - Already followed user: ChungusLord123. Skipping.
2026-09-15 02:22:56,357 - DEBUG - Already followed user: mohamadeydipour. Skipping.
2026-09-15 02:22:56,357 - DEBUG - Already followed user: constellation-infinity. Skipping.
2026-09-15 02:22:56,357 - DEBUG - Already followed user: rosem-coder. Skipping.
2026-09-15 02:22:56,357 - DEBUG - Already followed user: XO-Roham. Skipping.
2026-09-15 02:22:56,357 - DEBUG - Already followed user: kerryjanes. Skipping.
2026-09-15 02:22:56,357 - DEBUG - Already followed user: acid4you. Skipping.
2026-09-15 02:22:56,357 - DEBUG - Already followed user: hyuntayo. Skipping.
2026-09-15 02:22:56,357 - DEBUG - Already followed user: wetmet. Skipping.
2026-09-15 02:22:56,357 - DEBUG - Already followed user: sezindartar. Skipping.
2026-09-15 02:22:56,357 - DEBUG - Already followed user: arielshakaramiro. Skipping.
2026-09-15 02:22:56,357 - DEBUG - Already followed user: NovaNoodle7. Skipping.
2026-09-15 02:22:56,357 - DEBUG - Already followed user: annaveth. Skipping.
2026-09-15 02:22:56,357 - DEBUG - Already followed user: rexxdeev. Skipping.
2026-09-15 02:22:56,357 - DEBUG - Already followed user: cosmospice. Skipping.
2026-09-15 02:22:56,357 - DEBUG - Already followed user: lrepo52. Skipping.
2026-09-15 02:22:56,357 - DEBUG - Already followed user: uhsr. Skipping.
2026-09-15 02:22:56,357 - DEBUG - Already followed user: REIJISAKAMAKI. Skipping.
2026-09-15 02:22:56,357 - DEBUG - Already followed user: devnavodhimsara. Skipping.
2026-09-15 02:22:56,357 - DEBUG - Already followed user: muichirox. Skipping.
2026-09-15 02:22:56,357 - DEBUG - Already followed user: thehappydictator. Skipping.
2026-09-15 02:22:56,357 - DEBUG - Already followed user: JohnAxel04. Skipping.
2026-09-15 02:22:56,357 - DEBUG - Already followed user: laigit-dot. Skipping.
2026-09-15 02:22:56,357 - DEBUG - Already followed user: 1minds3t. Skipping.
2026-09-15 02:22:56,357 - DEBUG - Already followed user: 2nixx. Skipping.
2026-09-15 02:22:56,357 - DEBUG - Already followed user: Jones-6199. Skipping.
2026-09-15 02:22:56,357 - DEBUG - Already followed user: matchingduo. Skipping.
2026-09-15 02:22:56,357 - DEBUG - Already followed user: Mistrust12. Skipping.
2026-09-15 02:22:56,357 - DEBUG - Already followed user: runner28-code. Skipping.
2026-09-15 02:22:56,358 - DEBUG - Already followed user: kakaka-byte. Skipping.
2026-09-15 02:22:56,358 - DEBUG - Already followed user: alvrenkai. Skipping.
2026-09-15 02:22:56,358 - DEBUG - Already followed user: KabeloM13. Skipping.
2026-09-15 02:22:56,358 - DEBUG - Already followed user: HamiParsa. Skipping.
2026-09-15 02:22:56,358 - DEBUG - Already followed user: abdulrdeveloper. Skipping.
2026-09-15 02:22:56,358 - DEBUG - Already followed user: Lyche6666. Skipping.
2026-09-15 02:22:56,358 - DEBUG - Already followed user: sphinxzerd. Skipping.
2026-09-15 02:22:56,358 - DEBUG - Already followed user: siddhant3895. Skipping.
2026-09-15 02:22:56,358 - DEBUG - Already followed user: conexto. Skipping.
2026-09-15 02:22:56,358 - DEBUG - Already followed user: nikecodedev. Skipping.
2026-09-15 02:22:56,358 - DEBUG - Already followed user: anshull-rajput. Skipping.
2026-09-15 02:22:56,358 - DEBUG - Already followed user: ExCoder999. Skipping.
2026-09-15 02:22:56,358 - DEBUG - Already followed user: nykoco. Skipping.
2026-09-15 02:22:56,358 - DEBUG - Already followed user: zombietfk. Skipping.
2026-09-15 02:22:56,358 - DEBUG - Already followed user: Ashkan-P88. Skipping.
2026-09-15 02:22:56,358 - DEBUG - Already followed user: nexthireconnect. Skipping.
2026-09-15 02:22:56,358 - DEBUG - Already followed user: cyanile. Skipping.
2026-09-15 02:22:56,358 - DEBUG - Already followed user: REVOLV1NG. Skipping.
2026-09-15 02:22:56,358 - DEBUG - Already followed user: kakashl-hatake. Skipping.
2026-09-15 02:22:56,358 - DEBUG - Already followed user: martycorn. Skipping.
2026-09-15 02:22:56,358 - DEBUG - Already followed user: HysteriaWEB3. Skipping.
2026-09-15 02:22:56,358 - DEBUG - Already followed user: joebtceth. Skipping.
2026-09-15 02:22:56,358 - DEBUG - Already followed user: jojoamanie. Skipping.
2026-09-15 02:22:56,570 - INFO - Rate Limit - Remaining: 5000, Reset at: 2026-09-15 03:22:56
2026-09-15 02:22:56,571 - INFO - Fetching followers from: https://api.github.com/users/aelmizeb/followers?per_page=100&page=5
2026-09-15 02:22:56,915 - DEBUG - Number of followers fetched: 43
2026-09-15 02:22:56,915 - INFO - Fetched 43 followers on page 5.
2026-09-15 02:22:56,915 - INFO - Sleeping for 5 seconds before following users.
2026-09-15 02:23:01,920 - DEBUG - Already followed user: HussainAli-Ds. Skipping.
2026-09-15 02:23:01,920 - DEBUG - Already followed user: MohibAhmadButt. Skipping.
2026-09-15 02:23:01,921 - DEBUG - Already followed user: 9Michael-Cooley. Skipping.
2026-09-15 02:23:01,921 - DEBUG - Already followed user: nargestohidloo. Skipping.
2026-09-15 02:23:01,921 - DEBUG - Already followed user: tawdesangeeta1973-coder. Skipping.
2026-09-15 02:23:01,921 - DEBUG - Already followed user: hwg-p. Skipping.
2026-09-15 02:23:01,921 - DEBUG - Already followed user: BERDLYY. Skipping.
2026-09-15 02:23:01,921 - DEBUG - Already followed user: chenE5M2. Skipping.
2026-09-15 02:23:01,921 - DEBUG - Already followed user: IvanDevMars. Skipping.
2026-09-15 02:23:01,921 - DEBUG - Already followed user: El-Tousy. Skipping.
2026-09-15 02:23:01,921 - DEBUG - Already followed user: art-in-alizade. Skipping.
2026-09-15 02:23:01,921 - DEBUG - Already followed user: josejairobaltazargallegos-afk. Skipping.
2026-09-15 02:23:01,921 - DEBUG - Already followed user: illusive7ai. Skipping.
2026-09-15 02:23:01,921 - DEBUG - Already followed user: UnicornMorty. Skipping.
2026-09-15 02:23:01,921 - DEBUG - Already followed user: vibecodinguy. Skipping.
2026-09-15 02:23:01,921 - DEBUG - Already followed user: WElRD0. Skipping.
2026-09-15 02:23:01,921 - DEBUG - Already followed user: saravananbass12-tech. Skipping.
2026-09-15 02:23:01,921 - DEBUG - Already followed user: sugarburn. Skipping.
2026-09-15 02:23:01,921 - DEBUG - Already followed user: Espotmx. Skipping.
2026-09-15 02:23:01,921 - DEBUG - Already followed user: MJ-ulia. Skipping.
2026-09-15 02:23:01,921 - DEBUG - Already followed user: DERB1F. Skipping.
2026-09-15 02:23:01,921 - DEBUG - Already followed user: donaldmorry. Skipping.
2026-09-15 02:23:01,921 - DEBUG - Already followed user: EimanTahir027. Skipping.
2026-09-15 02:23:01,921 - DEBUG - Already followed user: oga35767-eng. Skipping.
2026-09-15 02:23:01,921 - DEBUG - Already followed user: kyal102. Skipping.
2026-09-15 02:23:01,921 - DEBUG - Already followed user: Belucking. Skipping.
2026-09-15 02:23:01,921 - DEBUG - Already followed user: holilayet. Skipping.
2026-09-15 02:23:01,921 - DEBUG - Already followed user: ByteBunny777. Skipping.
2026-09-15 02:23:01,921 - DEBUG - Already followed user: AngelofDarknessm. Skipping.
2026-09-15 02:23:01,922 - DEBUG - Already followed user: Ella-horizon. Skipping.
2026-09-15 02:23:01,922 - DEBUG - Already followed user: hassenbrahim. Skipping.
2026-09-15 02:23:01,922 - DEBUG - Already followed user: alberto4442. Skipping.
2026-09-15 02:23:01,922 - DEBUG - Already followed user: ancaferro. Skipping.
2026-09-15 02:23:01,922 - DEBUG - Already followed user: ElmanCod110. Skipping.
2026-09-15 02:23:01,922 - DEBUG - Already followed user: raviwijerathna1. Skipping.
2026-09-15 02:23:01,922 - DEBUG - Already followed user: ClaerDev. Skipping.
2026-09-15 02:23:01,922 - DEBUG - Already followed user: TOPDEV99999. Skipping.
2026-09-15 02:23:01,922 - DEBUG - Already followed user: takahashikushina0223. Skipping.
2026-09-15 02:23:01,922 - DEBUG - Already followed user: cchongming. Skipping.
2026-09-15 02:23:01,922 - INFO - Attempting to follow user: MahdiKordian
2026-09-15 02:23:02,314 - INFO - Successfully followed user: MahdiKordian
2026-09-15 02:23:02,315 - DEBUG - Appended user MahdiKordian to followers.txt.
2026-09-15 02:23:02,315 - INFO - Follower counter updated: 1018
2026-09-15 02:23:02,315 - INFO - Sleeping for 10.71 seconds before the next follow.
2026-09-15 02:23:13,034 - DEBUG - Already followed user: evvenoly. Skipping.
2026-09-15 02:23:13,034 - DEBUG - Already followed user: arvelquigley99. Skipping.
2026-09-15 02:23:13,034 - DEBUG - Already followed user: LenaBrooks. Skipping.
2026-09-15 02:23:13,252 - INFO - Rate Limit - Remaining: 5000, Reset at: 2026-09-15 03:23:13
2026-09-15 02:23:13,253 - INFO - Fetching followers from: https://api.github.com/users/aelmizeb/followers?per_page=100&page=6
2026-09-15 02:23:13,488 - DEBUG - Number of followers fetched: 0
2026-09-15 02:23:13,488 - INFO - No more followers to process. Exiting.
2026-09-15 02:23:13,488 - INFO - Follower counter updated: 1018
2026-09-15 02:23:13,488 - INFO - 
Following users from your follower list is done! Total followers fetched: 443, Total followers followed: 1018
2026-09-16 02:16:03,418 - INFO - Hi! I am GitHub Follower Bot.
2026-09-16 02:16:03,418 - INFO - Letting you follow all your followers!
2026-09-16 02:16:03,418 - INFO - Starting to fetch your follower lists...

2026-09-16 02:16:03,418 - INFO - Loaded 1018 already followed users.
2026-09-16 02:16:03,418 - INFO - Processing all followers without resume.
2026-09-16 02:16:03,418 - INFO - Starting from page: 1
2026-09-16 02:16:03,419 - INFO - Current follower counter: 1018
2026-09-16 02:16:03,561 - INFO - Rate Limit - Remaining: 5000, Reset at: 2026-09-16 03:16:03
2026-09-16 02:16:03,562 - INFO - Fetching followers from: https://api.github.com/users/aelmizeb/followers?per_page=100&page=1
2026-09-16 02:16:03,770 - DEBUG - Number of followers fetched: 100
2026-09-16 02:16:03,770 - INFO - Fetched 100 followers on page 1.
2026-09-16 02:16:03,770 - INFO - Sleeping for 5 seconds before following users.
2026-09-16 02:16:08,775 - DEBUG - Already followed user: levonk. Skipping.
2026-09-16 02:16:08,775 - DEBUG - Already followed user: peterruler. Skipping.
2026-09-16 02:16:08,775 - DEBUG - Already followed user: slavaGanzin. Skipping.
2026-09-16 02:16:08,775 - DEBUG - Already followed user: kenjinote. Skipping.
2026-09-16 02:16:08,775 - INFO - Attempting to follow user: Spiritec7
2026-09-16 02:16:08,878 - INFO - Successfully followed user: Spiritec7
2026-09-16 02:16:08,879 - DEBUG - Appended user Spiritec7 to followers.txt.
2026-09-16 02:16:08,879 - INFO - Follower counter updated: 1019
2026-09-16 02:16:08,879 - INFO - Sleeping for 12.29 seconds before the next follow.
2026-09-16 02:16:21,175 - DEBUG - Already followed user: sarkarshuvojit. Skipping.
2026-09-16 02:16:21,175 - DEBUG - Already followed user: unhappychoice. Skipping.
2026-09-16 02:16:21,175 - DEBUG - Already followed user: luckchain777. Skipping.
2026-09-16 02:16:21,175 - DEBUG - Already followed user: jorithanx. Skipping.
2026-09-16 02:16:21,175 - DEBUG - Already followed user: whiteplaine. Skipping.
2026-09-16 02:16:21,175 - DEBUG - Already followed user: gamemann. Skipping.
2026-09-16 02:16:21,175 - DEBUG - Already followed user: riseansmal. Skipping.
2026-09-16 02:16:21,175 - DEBUG - Already followed user: manman4. Skipping.
2026-09-16 02:16:21,175 - DEBUG - Already followed user: KylerCondran. Skipping.
2026-09-16 02:16:21,175 - DEBUG - Already followed user: ZhuChenn. Skipping.
2026-09-16 02:16:21,175 - DEBUG - Already followed user: Elbagoury. Skipping.
2026-09-16 02:16:21,175 - DEBUG - Already followed user: murapadev. Skipping.
2026-09-16 02:16:21,175 - DEBUG - Already followed user: tetref. Skipping.
2026-09-16 02:16:21,175 - DEBUG - Already followed user: Hantan1080. Skipping.
2026-09-16 02:16:21,176 - DEBUG - Already followed user: OliviaBennQ. Skipping.
2026-09-16 02:16:21,176 - DEBUG - Already followed user: budaivisita. Skipping.
2026-09-16 02:16:21,176 - DEBUG - Already followed user: ledgerhubteam. Skipping.
2026-09-16 02:16:21,176 - DEBUG - Already followed user: CelaDaniel. Skipping.
2026-09-16 02:16:21,176 - DEBUG - Already followed user: ThomasHWeb. Skipping.
2026-09-16 02:16:21,176 - DEBUG - Already followed user: paaak. Skipping.
2026-09-16 02:16:21,176 - DEBUG - Already followed user: hitman0290. Skipping.
2026-09-16 02:16:21,176 - DEBUG - Already followed user: jokeyhter. Skipping.
2026-09-16 02:16:21,176 - DEBUG - Already followed user: dbunt1tled. Skipping.
2026-09-16 02:16:21,176 - DEBUG - Already followed user: medmek. Skipping.
2026-09-16 02:16:21,176 - DEBUG - Already followed user: Hajjouz. Skipping.
2026-09-16 02:16:21,176 - DEBUG - Already followed user: IDouble. Skipping.
2026-09-16 02:16:21,176 - DEBUG - Already followed user: Jeesson. Skipping.
2026-09-16 02:16:21,176 - DEBUG - Already followed user: CatFortman. Skipping.
2026-09-16 02:16:21,176 - DEBUG - Already followed user: ZainJavaid. Skipping.
2026-09-16 02:16:21,176 - DEBUG - Already followed user: dioptx. Skipping.
2026-09-16 02:16:21,176 - DEBUG - Already followed user: DanHouseman. Skipping.
2026-09-16 02:16:21,176 - DEBUG - Already followed user: forgerondev. Skipping.
2026-09-16 02:16:21,176 - DEBUG - Already followed user: djvelimir. Skipping.
2026-09-16 02:16:21,176 - DEBUG - Already followed user: guevaraStian. Skipping.
2026-09-16 02:16:21,176 - DEBUG - Already followed user: cambot86. Skipping.
2026-09-16 02:16:21,176 - DEBUG - Already followed user: mollyroger. Skipping.
2026-09-16 02:16:21,176 - DEBUG - Already followed user: visualGravitySense. Skipping.
2026-09-16 02:16:21,176 - DEBUG - Already followed user: jelspace. Skipping.
2026-09-16 02:16:21,176 - DEBUG - Already followed user: Sanghyun-0h. Skipping.
2026-09-16 02:16:21,176 - DEBUG - Already followed user: dweatherston11. Skipping.
2026-09-16 02:16:21,176 - DEBUG - Already followed user: weiquan98. Skipping.
2026-09-16 02:16:21,176 - DEBUG - Already followed user: furendyna. Skipping.
2026-09-16 02:16:21,176 - DEBUG - Already followed user: KostasSliazas. Skipping.
2026-09-16 02:16:21,176 - DEBUG - Already followed user: hxreborn. Skipping.
2026-09-16 02:16:21,176 - DEBUG - Already followed user: hazexone. Skipping.
2026-09-16 02:16:21,176 - DEBUG - Already followed user: ardaltunel. Skipping.
2026-09-16 02:16:21,176 - DEBUG - Already followed user: domcomit. Skipping.
2026-09-16 02:16:21,176 - DEBUG - Already followed user: boomray. Skipping.
2026-09-16 02:16:21,176 - DEBUG - Already followed user: rob0pup. Skipping.
2026-09-16 02:16:21,176 - DEBUG - Already followed user: IshmamAbir. Skipping.
2026-09-16 02:16:21,176 - DEBUG - Already followed user: designAsign. Skipping.
2026-09-16 02:16:21,176 - DEBUG - Already followed user: ai-28. Skipping.
2026-09-16 02:16:21,177 - DEBUG - Already followed user: Connor9994. Skipping.
2026-09-16 02:16:21,177 - DEBUG - Already followed user: domx4q. Skipping.
2026-09-16 02:16:21,177 - DEBUG - Already followed user: Devify-Co. Skipping.
2026-09-16 02:16:21,177 - DEBUG - Already followed user: reckedcoder. Skipping.
2026-09-16 02:16:21,177 - DEBUG - Already followed user: jackciw. Skipping.
2026-09-16 02:16:21,177 - DEBUG - Already followed user: 4F71. Skipping.
2026-09-16 02:16:21,177 - DEBUG - Already followed user: standardgalactic. Skipping.
2026-09-16 02:16:21,177 - DEBUG - Already followed user: sandibrrm. Skipping.
2026-09-16 02:16:21,177 - DEBUG - Already followed user: MiladJoodi. Skipping.
2026-09-16 02:16:21,177 - DEBUG - Already followed user: AchrafReyani. Skipping.
2026-09-16 02:16:21,177 - DEBUG - Already followed user: jaderytm. Skipping.
2026-09-16 02:16:21,177 - DEBUG - Already followed user: nstrmx. Skipping.
2026-09-16 02:16:21,177 - DEBUG - Already followed user: RaccoonFacts. Skipping.
2026-09-16 02:16:21,177 - DEBUG - Already followed user: Kos-M. Skipping.
2026-09-16 02:16:21,177 - DEBUG - Already followed user: jfullstackdev. Skipping.
2026-09-16 02:16:21,177 - DEBUG - Already followed user: iVGeek. Skipping.
2026-09-16 02:16:21,177 - DEBUG - Already followed user: th3noryx. Skipping.
2026-09-16 02:16:21,177 - DEBUG - Already followed user: Unizuka22. Skipping.
2026-09-16 02:16:21,177 - DEBUG - Already followed user: vasilirigels. Skipping.
2026-09-16 02:16:21,177 - DEBUG - Already followed user: cristinagberta. Skipping.
2026-09-16 02:16:21,177 - DEBUG - Already followed user: alexanderbergerhd. Skipping.
2026-09-16 02:16:21,177 - DEBUG - Already followed user: mohammadnabia. Skipping.
2026-09-16 02:16:21,177 - DEBUG - Already followed user: itsbagsy. Skipping.
2026-09-16 02:16:21,177 - DEBUG - Already followed user: dmitryravilov. Skipping.
2026-09-16 02:16:21,177 - DEBUG - Already followed user: szenled. Skipping.
2026-09-16 02:16:21,177 - DEBUG - Already followed user: Mindlyss. Skipping.
2026-09-16 02:16:21,177 - DEBUG - Already followed user: cerenyilmazjinx. Skipping.
2026-09-16 02:16:21,177 - DEBUG - Already followed user: BEPb. Skipping.
2026-09-16 02:16:21,177 - DEBUG - Already followed user: galaxyb-dark. Skipping.
2026-09-16 02:16:21,177 - DEBUG - Already followed user: HafidIdrissi. Skipping.
2026-09-16 02:16:21,177 - DEBUG - Already followed user: oluiscabral. Skipping.
2026-09-16 02:16:21,177 - DEBUG - Already followed user: cryptoAur4x. Skipping.
2026-09-16 02:16:21,177 - DEBUG - Already followed user: emilycodestar. Skipping.
2026-09-16 02:16:21,177 - DEBUG - Already followed user: giewan. Skipping.
2026-09-16 02:16:21,177 - DEBUG - Already followed user: ivasik-k7. Skipping.
2026-09-16 02:16:21,177 - DEBUG - Already followed user: sakuyaloli. Skipping.
2026-09-16 02:16:21,177 - DEBUG - Already followed user: aantoooon. Skipping.
2026-09-16 02:16:21,177 - DEBUG - Already followed user: NeoZorK. Skipping.
2026-09-16 02:16:21,178 - DEBUG - Already followed user: albonidrizi. Skipping.
2026-09-16 02:16:21,178 - DEBUG - Already followed user: Arul1998. Skipping.
2026-09-16 02:16:21,178 - DEBUG - Already followed user: hajigur69. Skipping.
2026-09-16 02:16:21,178 - DEBUG - Already followed user: trajanOx. Skipping.
2026-09-16 02:16:21,178 - DEBUG - Already followed user: VictoriaCabirta. Skipping.
2026-09-16 02:16:21,313 - INFO - Rate Limit - Remaining: 5000, Reset at: 2026-09-16 03:16:21
2026-09-16 02:16:21,314 - INFO - Fetching followers from: https://api.github.com/users/aelmizeb/followers?per_page=100&page=2
2026-09-16 02:16:21,477 - DEBUG - Number of followers fetched: 100
2026-09-16 02:16:21,478 - INFO - Fetched 100 followers on page 2.
2026-09-16 02:16:21,478 - INFO - Sleeping for 5 seconds before following users.
2026-09-16 02:16:26,483 - DEBUG - Already followed user: CHUNG-HAO. Skipping.
2026-09-16 02:16:26,483 - DEBUG - Already followed user: loreius. Skipping.
2026-09-16 02:16:26,483 - DEBUG - Already followed user: Supremenottee. Skipping.
2026-09-16 02:16:26,483 - DEBUG - Already followed user: mainstar123. Skipping.
2026-09-16 02:16:26,483 - DEBUG - Already followed user: JohnMwendwa. Skipping.
2026-09-16 02:16:26,483 - DEBUG - Already followed user: Geek-Cheth. Skipping.
2026-09-16 02:16:26,483 - DEBUG - Already followed user: AhmadJeddi. Skipping.
2026-09-16 02:16:26,483 - DEBUG - Already followed user: OftenUser. Skipping.
2026-09-16 02:16:26,483 - DEBUG - Already followed user: mohammadhasanii. Skipping.
2026-09-16 02:16:26,483 - DEBUG - Already followed user: haochezh. Skipping.
2026-09-16 02:16:26,483 - DEBUG - Already followed user: mbitujames. Skipping.
2026-09-16 02:16:26,483 - DEBUG - Already followed user: Nisyalz01. Skipping.
2026-09-16 02:16:26,483 - DEBUG - Already followed user: MaitreyeeDhar. Skipping.
2026-09-16 02:16:26,484 - DEBUG - Already followed user: nelokusa. Skipping.
2026-09-16 02:16:26,484 - DEBUG - Already followed user: r97221004. Skipping.
2026-09-16 02:16:26,484 - DEBUG - Already followed user: Carrington-dev. Skipping.
2026-09-16 02:16:26,484 - DEBUG - Already followed user: pinhe91. Skipping.
2026-09-16 02:16:26,484 - DEBUG - Already followed user: minseochoj. Skipping.
2026-09-16 02:16:26,484 - DEBUG - Already followed user: thisalireza. Skipping.
2026-09-16 02:16:26,484 - DEBUG - Already followed user: BhuvanAde. Skipping.
2026-09-16 02:16:26,484 - DEBUG - Already followed user: KerollosMagdy. Skipping.
2026-09-16 02:16:26,484 - DEBUG - Already followed user: Jamkris. Skipping.
2026-09-16 02:16:26,484 - DEBUG - Already followed user: steph3nm. Skipping.
2026-09-16 02:16:26,484 - DEBUG - Already followed user: arch-yunus. Skipping.
2026-09-16 02:16:26,484 - DEBUG - Already followed user: Jailtonfonseca. Skipping.
2026-09-16 02:16:26,484 - DEBUG - Already followed user: lxRbckl. Skipping.
2026-09-16 02:16:26,484 - DEBUG - Already followed user: jamesgeodi. Skipping.
2026-09-16 02:16:26,484 - DEBUG - Already followed user: olienath. Skipping.
2026-09-16 02:16:26,484 - DEBUG - Already followed user: xrpcommunity. Skipping.
2026-09-16 02:16:26,484 - DEBUG - Already followed user: jolliesol. Skipping.
2026-09-16 02:16:26,484 - DEBUG - Already followed user: xnovaxdev. Skipping.
2026-09-16 02:16:26,484 - DEBUG - Already followed user: filzehoka. Skipping.
2026-09-16 02:16:26,484 - DEBUG - Already followed user: Wenyveo. Skipping.
2026-09-16 02:16:26,484 - DEBUG - Already followed user: nico-laqua. Skipping.
2026-09-16 02:16:26,484 - DEBUG - Already followed user: Hstkj23. Skipping.
2026-09-16 02:16:26,484 - DEBUG - Already followed user: emilybarru. Skipping.
2026-09-16 02:16:26,484 - DEBUG - Already followed user: NazmusSayad. Skipping.
2026-09-16 02:16:26,484 - DEBUG - Already followed user: Liuboshenko. Skipping.
2026-09-16 02:16:26,484 - DEBUG - Already followed user: lgomesappj. Skipping.
2026-09-16 02:16:26,484 - DEBUG - Already followed user: irenascent. Skipping.
2026-09-16 02:16:26,484 - DEBUG - Already followed user: Berserk-hub150. Skipping.
2026-09-16 02:16:26,484 - DEBUG - Already followed user: mariwatts. Skipping.
2026-09-16 02:16:26,484 - DEBUG - Already followed user: Davidevlops. Skipping.
2026-09-16 02:16:26,484 - DEBUG - Already followed user: ezozu. Skipping.
2026-09-16 02:16:26,484 - DEBUG - Already followed user: OHANA-WEB. Skipping.
2026-09-16 02:16:26,484 - DEBUG - Already followed user: BamdadTabari. Skipping.
2026-09-16 02:16:26,484 - DEBUG - Already followed user: vinamega. Skipping.
2026-09-16 02:16:26,485 - DEBUG - Already followed user: cgrundman. Skipping.
2026-09-16 02:16:26,485 - DEBUG - Already followed user: zkcryptweb. Skipping.
2026-09-16 02:16:26,485 - DEBUG - Already followed user: eldarlrd. Skipping.
2026-09-16 02:16:26,485 - DEBUG - Already followed user: bashichda. Skipping.
2026-09-16 02:16:26,485 - DEBUG - Already followed user: ludo53. Skipping.
2026-09-16 02:16:26,485 - DEBUG - Already followed user: heinodendal. Skipping.
2026-09-16 02:16:26,485 - DEBUG - Already followed user: linuxtusX5. Skipping.
2026-09-16 02:16:26,485 - DEBUG - Already followed user: CarAuto34. Skipping.
2026-09-16 02:16:26,485 - DEBUG - Already followed user: elifirinci. Skipping.
2026-09-16 02:16:26,485 - DEBUG - Already followed user: sabbir-noyon. Skipping.
2026-09-16 02:16:26,485 - DEBUG - Already followed user: Nima-Mollaei. Skipping.
2026-09-16 02:16:26,485 - DEBUG - Already followed user: apurva313. Skipping.
2026-09-16 02:16:26,485 - DEBUG - Already followed user: kyiroywops. Skipping.
2026-09-16 02:16:26,485 - DEBUG - Already followed user: m-bwela. Skipping.
2026-09-16 02:16:26,485 - DEBUG - Already followed user: NachoOFC. Skipping.
2026-09-16 02:16:26,485 - DEBUG - Already followed user: CrisLottz. Skipping.
2026-09-16 02:16:26,485 - DEBUG - Already followed user: MrMDrX. Skipping.
2026-09-16 02:16:26,485 - DEBUG - Already followed user: nimakian. Skipping.
2026-09-16 02:16:26,485 - DEBUG - Already followed user: iamapuneet. Skipping.
2026-09-16 02:16:26,485 - DEBUG - Already followed user: iktiarnazib. Skipping.
2026-09-16 02:16:26,485 - DEBUG - Already followed user: Daxxtropezz. Skipping.
2026-09-16 02:16:26,485 - DEBUG - Already followed user: joaocarpim. Skipping.
2026-09-16 02:16:26,485 - DEBUG - Already followed user: 0xmurtimus. Skipping.
2026-09-16 02:16:26,485 - DEBUG - Already followed user: U1000000000000. Skipping.
2026-09-16 02:16:26,485 - DEBUG - Already followed user: shahriar0999. Skipping.
2026-09-16 02:16:26,485 - DEBUG - Already followed user: souvikrana17. Skipping.
2026-09-16 02:16:26,485 - DEBUG - Already followed user: AhmedDabish. Skipping.
2026-09-16 02:16:26,485 - DEBUG - Already followed user: DIMFLIX. Skipping.
2026-09-16 02:16:26,485 - DEBUG - Already followed user: 1526422010. Skipping.
2026-09-16 02:16:26,485 - DEBUG - Already followed user: EminHaziyev. Skipping.
2026-09-16 02:16:26,485 - DEBUG - Already followed user: VarshuAi. Skipping.
2026-09-16 02:16:26,485 - DEBUG - Already followed user: CelaFlori. Skipping.
2026-09-16 02:16:26,485 - DEBUG - Already followed user: 0xspryo. Skipping.
2026-09-16 02:16:26,485 - DEBUG - Already followed user: laurindoisaac. Skipping.
2026-09-16 02:16:26,485 - DEBUG - Already followed user: Motaman-M. Skipping.
2026-09-16 02:16:26,485 - DEBUG - Already followed user: Seif-01. Skipping.
2026-09-16 02:16:26,485 - DEBUG - Already followed user: motanelson. Skipping.
2026-09-16 02:16:26,485 - DEBUG - Already followed user: cepseu1. Skipping.
2026-09-16 02:16:26,485 - DEBUG - Already followed user: bolola777. Skipping.
2026-09-16 02:16:26,486 - DEBUG - Already followed user: vardan444. Skipping.
2026-09-16 02:16:26,486 - DEBUG - Already followed user: rahuloraj. Skipping.
2026-09-16 02:16:26,486 - DEBUG - Already followed user: knmlabs. Skipping.
2026-09-16 02:16:26,486 - DEBUG - Already followed user: Mubashir12392. Skipping.
2026-09-16 02:16:26,486 - DEBUG - Already followed user: jeallz. Skipping.
2026-09-16 02:16:26,486 - DEBUG - Already followed user: ArmandSegall. Skipping.
2026-09-16 02:16:26,486 - DEBUG - Already followed user: reignsi. Skipping.
2026-09-16 02:16:26,486 - DEBUG - Already followed user: christosantono. Skipping.
2026-09-16 02:16:26,486 - DEBUG - Already followed user: Nai64. Skipping.
2026-09-16 02:16:26,486 - DEBUG - Already followed user: K1rsN7. Skipping.
2026-09-16 02:16:26,486 - DEBUG - Already followed user: MatthewMacri. Skipping.
2026-09-16 02:16:26,486 - DEBUG - Already followed user: whitakeroliver. Skipping.
2026-09-16 02:16:26,486 - DEBUG - Already followed user: S4IL21. Skipping.
2026-09-16 02:16:26,486 - DEBUG - Already followed user: filipzekovich. Skipping.
2026-09-16 02:16:26,639 - INFO - Rate Limit - Remaining: 5000, Reset at: 2026-09-16 03:16:26
2026-09-16 02:16:26,640 - INFO - Fetching followers from: https://api.github.com/users/aelmizeb/followers?per_page=100&page=3
2026-09-16 02:16:27,126 - DEBUG - Number of followers fetched: 100
2026-09-16 02:16:27,126 - INFO - Fetched 100 followers on page 3.
2026-09-16 02:16:27,126 - INFO - Sleeping for 5 seconds before following users.
2026-09-16 02:16:32,131 - DEBUG - Already followed user: RafalW3bCraft. Skipping.
2026-09-16 02:16:32,131 - DEBUG - Already followed user: 7007259Ankur. Skipping.
2026-09-16 02:16:32,132 - DEBUG - Already followed user: amurrayeqc. Skipping.
2026-09-16 02:16:32,132 - DEBUG - Already followed user: Willysc10. Skipping.
2026-09-16 02:16:32,132 - DEBUG - Already followed user: rasidi3112. Skipping.
2026-09-16 02:16:32,132 - DEBUG - Already followed user: otaviossousa. Skipping.
2026-09-16 02:16:32,132 - DEBUG - Already followed user: taahabz. Skipping.
2026-09-16 02:16:32,132 - DEBUG - Already followed user: topdigitalplus. Skipping.
2026-09-16 02:16:32,132 - DEBUG - Already followed user: lilbodo123. Skipping.
2026-09-16 02:16:32,132 - DEBUG - Already followed user: super-phantom91. Skipping.
2026-09-16 02:16:32,132 - DEBUG - Already followed user: hyper-ayoub. Skipping.
2026-09-16 02:16:32,132 - DEBUG - Already followed user: DrParthaMajumder. Skipping.
2026-09-16 02:16:32,132 - DEBUG - Already followed user: sunjoe508. Skipping.
2026-09-16 02:16:32,132 - DEBUG - Already followed user: HalfFriedPotato. Skipping.
2026-09-16 02:16:32,132 - DEBUG - Already followed user: IamDevDan. Skipping.
2026-09-16 02:16:32,132 - DEBUG - Already followed user: engrshuvodas. Skipping.
2026-09-16 02:16:32,132 - DEBUG - Already followed user: Fellipemarcal. Skipping.
2026-09-16 02:16:32,132 - DEBUG - Already followed user: potentialdev-web. Skipping.
2026-09-16 02:16:32,132 - DEBUG - Already followed user: Laqrabti. Skipping.
2026-09-16 02:16:32,132 - DEBUG - Already followed user: masonliiu. Skipping.
2026-09-16 02:16:32,132 - DEBUG - Already followed user: deadlyandro. Skipping.
2026-09-16 02:16:32,132 - DEBUG - Already followed user: AhmadTigress. Skipping.
2026-09-16 02:16:32,132 - DEBUG - Already followed user: Maher-Elmair. Skipping.
2026-09-16 02:16:32,132 - DEBUG - Already followed user: harutosati. Skipping.
2026-09-16 02:16:32,132 - DEBUG - Already followed user: B2Kumar03. Skipping.
2026-09-16 02:16:32,132 - DEBUG - Already followed user: AbdulRehman393. Skipping.
2026-09-16 02:16:32,132 - DEBUG - Already followed user: vijayshikhare. Skipping.
2026-09-16 02:16:32,132 - DEBUG - Already followed user: nuraisi. Skipping.
2026-09-16 02:16:32,132 - DEBUG - Already followed user: aertsimon90. Skipping.
2026-09-16 02:16:32,132 - DEBUG - Already followed user: Bifenzine. Skipping.
2026-09-16 02:16:32,132 - DEBUG - Already followed user: Chainsmoker23. Skipping.
2026-09-16 02:16:32,132 - DEBUG - Already followed user: 3nesdeniz. Skipping.
2026-09-16 02:16:32,132 - DEBUG - Already followed user: vegata099. Skipping.
2026-09-16 02:16:32,132 - DEBUG - Already followed user: marichu-kt. Skipping.
2026-09-16 02:16:32,132 - DEBUG - Already followed user: yutomiwana. Skipping.
2026-09-16 02:16:32,132 - DEBUG - Already followed user: gaqx. Skipping.
2026-09-16 02:16:32,133 - DEBUG - Already followed user: AnonimusShamshiAlex. Skipping.
2026-09-16 02:16:32,133 - DEBUG - Already followed user: goShell3. Skipping.
2026-09-16 02:16:32,133 - DEBUG - Already followed user: bencheayoub. Skipping.
2026-09-16 02:16:32,133 - DEBUG - Already followed user: juicetreacly. Skipping.
2026-09-16 02:16:32,133 - DEBUG - Already followed user: Babarali2k21. Skipping.
2026-09-16 02:16:32,133 - DEBUG - Already followed user: a-partovii. Skipping.
2026-09-16 02:16:32,133 - DEBUG - Already followed user: SalehAkramSifat. Skipping.
2026-09-16 02:16:32,133 - DEBUG - Already followed user: martian56. Skipping.
2026-09-16 02:16:32,133 - DEBUG - Already followed user: mengnankkkk. Skipping.
2026-09-16 02:16:32,133 - DEBUG - Already followed user: lec320fd90d. Skipping.
2026-09-16 02:16:32,133 - DEBUG - Already followed user: nahladzulula. Skipping.
2026-09-16 02:16:32,133 - DEBUG - Already followed user: AImaniadev. Skipping.
2026-09-16 02:16:32,133 - DEBUG - Already followed user: LakhiniVoshadee. Skipping.
2026-09-16 02:16:32,133 - DEBUG - Already followed user: cfrBernard. Skipping.
2026-09-16 02:16:32,133 - DEBUG - Already followed user: rexblade58. Skipping.
2026-09-16 02:16:32,133 - DEBUG - Already followed user: amad3i. Skipping.
2026-09-16 02:16:32,133 - DEBUG - Already followed user: Arison99. Skipping.
2026-09-16 02:16:32,133 - DEBUG - Already followed user: abdulrhmansalama. Skipping.
2026-09-16 02:16:32,133 - DEBUG - Already followed user: AbSomeone. Skipping.
2026-09-16 02:16:32,133 - DEBUG - Already followed user: nam-htran. Skipping.
2026-09-16 02:16:32,133 - DEBUG - Already followed user: GitHub7667. Skipping.
2026-09-16 02:16:32,133 - DEBUG - Already followed user: Gabrieliam42. Skipping.
2026-09-16 02:16:32,133 - DEBUG - Already followed user: DevNinja08. Skipping.
2026-09-16 02:16:32,133 - DEBUG - Already followed user: dovvnloading. Skipping.
2026-09-16 02:16:32,133 - DEBUG - Already followed user: Ali-hey-0. Skipping.
2026-09-16 02:16:32,133 - DEBUG - Already followed user: talrejasahil4994. Skipping.
2026-09-16 02:16:32,133 - DEBUG - Already followed user: hellen-ansah. Skipping.
2026-09-16 02:16:32,133 - DEBUG - Already followed user: kiranShamsHere. Skipping.
2026-09-16 02:16:32,133 - DEBUG - Already followed user: Iankulani. Skipping.
2026-09-16 02:16:32,133 - DEBUG - Already followed user: VIDAKHOSHPEY22. Skipping.
2026-09-16 02:16:32,133 - DEBUG - Already followed user: BhagwaniVishi. Skipping.
2026-09-16 02:16:32,133 - DEBUG - Already followed user: aridepai17. Skipping.
2026-09-16 02:16:32,133 - DEBUG - Already followed user: 0Darkn. Skipping.
2026-09-16 02:16:32,133 - DEBUG - Already followed user: ShRP69. Skipping.
2026-09-16 02:16:32,133 - DEBUG - Already followed user: KayanShah. Skipping.
2026-09-16 02:16:32,133 - DEBUG - Already followed user: iousuz. Skipping.
2026-09-16 02:16:32,133 - DEBUG - Already followed user: Alikaka079. Skipping.
2026-09-16 02:16:32,134 - DEBUG - Already followed user: Md-Mubin. Skipping.
2026-09-16 02:16:32,134 - DEBUG - Already followed user: lxl0825. Skipping.
2026-09-16 02:16:32,134 - DEBUG - Already followed user: abressiddique. Skipping.
2026-09-16 02:16:32,134 - DEBUG - Already followed user: 0xAdafang. Skipping.
2026-09-16 02:16:32,134 - DEBUG - Already followed user: jkdevcode. Skipping.
2026-09-16 02:16:32,134 - DEBUG - Already followed user: JawherKl. Skipping.
2026-09-16 02:16:32,134 - DEBUG - Already followed user: pwnedroot. Skipping.
2026-09-16 02:16:32,134 - DEBUG - Already followed user: DaviBaum. Skipping.
2026-09-16 02:16:32,134 - DEBUG - Already followed user: Nour-yahyaoui. Skipping.
2026-09-16 02:16:32,134 - DEBUG - Already followed user: thornebaker. Skipping.
2026-09-16 02:16:32,134 - DEBUG - Already followed user: rioryugen. Skipping.
2026-09-16 02:16:32,134 - DEBUG - Already followed user: nikhilpatidar01. Skipping.
2026-09-16 02:16:32,134 - DEBUG - Already followed user: codeXdanyal. Skipping.
2026-09-16 02:16:32,134 - DEBUG - Already followed user: gambling-addict. Skipping.
2026-09-16 02:16:32,134 - DEBUG - Already followed user: novagad. Skipping.
2026-09-16 02:16:32,134 - DEBUG - Already followed user: chojuninengu. Skipping.
2026-09-16 02:16:32,134 - DEBUG - Already followed user: JOELNATHAN544. Skipping.
2026-09-16 02:16:32,134 - DEBUG - Already followed user: Senthil455. Skipping.
2026-09-16 02:16:32,134 - DEBUG - Already followed user: pouryaPKGit. Skipping.
2026-09-16 02:16:32,134 - DEBUG - Already followed user: mwakidenis. Skipping.
2026-09-16 02:16:32,134 - DEBUG - Already followed user: daniel149afonso. Skipping.
2026-09-16 02:16:32,134 - DEBUG - Already followed user: MatheusRuivo365. Skipping.
2026-09-16 02:16:32,134 - DEBUG - Already followed user: grimwaIker. Skipping.
2026-09-16 02:16:32,134 - DEBUG - Already followed user: vsrupeshkumar. Skipping.
2026-09-16 02:16:32,134 - DEBUG - Already followed user: landry-some. Skipping.
2026-09-16 02:16:32,134 - DEBUG - Already followed user: madhavgadge01. Skipping.
2026-09-16 02:16:32,134 - DEBUG - Already followed user: panyster. Skipping.
2026-09-16 02:16:32,261 - INFO - Rate Limit - Remaining: 5000, Reset at: 2026-09-16 03:16:32
2026-09-16 02:16:32,263 - INFO - Fetching followers from: https://api.github.com/users/aelmizeb/followers?per_page=100&page=4
2026-09-16 02:16:32,416 - DEBUG - Number of followers fetched: 100
2026-09-16 02:16:32,416 - INFO - Fetched 100 followers on page 4.
2026-09-16 02:16:32,416 - INFO - Sleeping for 5 seconds before following users.
2026-09-16 02:16:37,421 - DEBUG - Already followed user: MdShawonForazi. Skipping.
2026-09-16 02:16:37,422 - DEBUG - Already followed user: Muhammad-qureshi1. Skipping.
2026-09-16 02:16:37,422 - DEBUG - Already followed user: destroy-boys. Skipping.
2026-09-16 02:16:37,422 - DEBUG - Already followed user: byxbe. Skipping.
2026-09-16 02:16:37,422 - DEBUG - Already followed user: vimal0156. Skipping.
2026-09-16 02:16:37,422 - DEBUG - Already followed user: syedbilalalam1. Skipping.
2026-09-16 02:16:37,422 - DEBUG - Already followed user: COUNTRY-HUMANS. Skipping.
2026-09-16 02:16:37,422 - DEBUG - Already followed user: Ayokanmi-Adejola. Skipping.
2026-09-16 02:16:37,422 - DEBUG - Already followed user: irenerodriguezrod. Skipping.
2026-09-16 02:16:37,422 - DEBUG - Already followed user: ngsnethawarya. Skipping.
2026-09-16 02:16:37,422 - DEBUG - Already followed user: mahimarawat0707. Skipping.
2026-09-16 02:16:37,422 - DEBUG - Already followed user: MuratKomurcu1. Skipping.
2026-09-16 02:16:37,422 - DEBUG - Already followed user: DARKANGEL689. Skipping.
2026-09-16 02:16:37,422 - DEBUG - Already followed user: buildcompanytogether. Skipping.
2026-09-16 02:16:37,422 - DEBUG - Already followed user: techspire0924. Skipping.
2026-09-16 02:16:37,422 - DEBUG - Already followed user: TechLeon001. Skipping.
2026-09-16 02:16:37,422 - DEBUG - Already followed user: Obraims. Skipping.
2026-09-16 02:16:37,422 - DEBUG - Already followed user: HeavenlyDesires. Skipping.
2026-09-16 02:16:37,422 - DEBUG - Already followed user: sonle-dev. Skipping.
2026-09-16 02:16:37,422 - DEBUG - Already followed user: yonana-sahile. Skipping.
2026-09-16 02:16:37,422 - DEBUG - Already followed user: howls-moving-castle. Skipping.
2026-09-16 02:16:37,422 - DEBUG - Already followed user: lovehiccup. Skipping.
2026-09-16 02:16:37,422 - DEBUG - Already followed user: techEdge3030. Skipping.
2026-09-16 02:16:37,423 - DEBUG - Already followed user: webxos. Skipping.
2026-09-16 02:16:37,423 - DEBUG - Already followed user: developernayeemx. Skipping.
2026-09-16 02:16:37,423 - DEBUG - Already followed user: drydenmitchell. Skipping.
2026-09-16 02:16:37,423 - DEBUG - Already followed user: eatsky1006. Skipping.
2026-09-16 02:16:37,423 - DEBUG - Already followed user: frangelbarrera. Skipping.
2026-09-16 02:16:37,423 - DEBUG - Already followed user: 156afl. Skipping.
2026-09-16 02:16:37,423 - DEBUG - Already followed user: guten-tag-100. Skipping.
2026-09-16 02:16:37,423 - DEBUG - Already followed user: retrobullseye. Skipping.
2026-09-16 02:16:37,423 - DEBUG - Already followed user: nelbeu. Skipping.
2026-09-16 02:16:37,423 - DEBUG - Already followed user: ZPIIDR. Skipping.
2026-09-16 02:16:37,423 - DEBUG - Already followed user: floriant3. Skipping.
2026-09-16 02:16:37,423 - DEBUG - Already followed user: amazing-soft-dev. Skipping.
2026-09-16 02:16:37,423 - DEBUG - Already followed user: Quoriss. Skipping.
2026-09-16 02:16:37,423 - DEBUG - Already followed user: xcontcom. Skipping.
2026-09-16 02:16:37,423 - DEBUG - Already followed user: SparkNews00000. Skipping.
2026-09-16 02:16:37,423 - DEBUG - Already followed user: Lyne6666. Skipping.
2026-09-16 02:16:37,423 - DEBUG - Already followed user: nafiul-afk. Skipping.
2026-09-16 02:16:37,423 - DEBUG - Already followed user: ShiningRocket. Skipping.
2026-09-16 02:16:37,423 - DEBUG - Already followed user: Noori-Senior. Skipping.
2026-09-16 02:16:37,423 - DEBUG - Already followed user: AnjaliPatel301. Skipping.
2026-09-16 02:16:37,423 - DEBUG - Already followed user: Dev-Mania1988. Skipping.
2026-09-16 02:16:37,423 - DEBUG - Already followed user: BOYABOY999. Skipping.
2026-09-16 02:16:37,423 - DEBUG - Already followed user: NOUHABL. Skipping.
2026-09-16 02:16:37,423 - DEBUG - Already followed user: RamaAditya49. Skipping.
2026-09-16 02:16:37,423 - DEBUG - Already followed user: Seo-yeonLee. Skipping.
2026-09-16 02:16:37,423 - DEBUG - Already followed user: ChungusLord123. Skipping.
2026-09-16 02:16:37,423 - DEBUG - Already followed user: mohamadeydipour. Skipping.
2026-09-16 02:16:37,423 - DEBUG - Already followed user: constellation-infinity. Skipping.
2026-09-16 02:16:37,423 - DEBUG - Already followed user: rosem-coder. Skipping.
2026-09-16 02:16:37,423 - DEBUG - Already followed user: XO-Roham. Skipping.
2026-09-16 02:16:37,423 - DEBUG - Already followed user: kerryjanes. Skipping.
2026-09-16 02:16:37,423 - DEBUG - Already followed user: acid4you. Skipping.
2026-09-16 02:16:37,423 - DEBUG - Already followed user: hyuntayo. Skipping.
2026-09-16 02:16:37,423 - DEBUG - Already followed user: wetmet. Skipping.
2026-09-16 02:16:37,423 - DEBUG - Already followed user: sezindartar. Skipping.
2026-09-16 02:16:37,423 - DEBUG - Already followed user: arielshakaramiro. Skipping.
2026-09-16 02:16:37,423 - DEBUG - Already followed user: NovaNoodle7. Skipping.
2026-09-16 02:16:37,424 - DEBUG - Already followed user: annaveth. Skipping.
2026-09-16 02:16:37,424 - DEBUG - Already followed user: rexxdeev. Skipping.
2026-09-16 02:16:37,424 - DEBUG - Already followed user: cosmospice. Skipping.
2026-09-16 02:16:37,424 - DEBUG - Already followed user: lrepo52. Skipping.
2026-09-16 02:16:37,424 - DEBUG - Already followed user: uhsr. Skipping.
2026-09-16 02:16:37,424 - DEBUG - Already followed user: REIJISAKAMAKI. Skipping.
2026-09-16 02:16:37,424 - INFO - Attempting to follow user: shivam01112
2026-09-16 02:16:37,710 - INFO - Successfully followed user: shivam01112
2026-09-16 02:16:37,712 - DEBUG - Appended user shivam01112 to followers.txt.
2026-09-16 02:16:37,712 - INFO - Follower counter updated: 1020
2026-09-16 02:16:37,712 - INFO - Sleeping for 11.79 seconds before the next follow.
2026-09-16 02:16:49,512 - DEBUG - Already followed user: devnavodhimsara. Skipping.
2026-09-16 02:16:49,513 - DEBUG - Already followed user: muichirox. Skipping.
2026-09-16 02:16:49,513 - DEBUG - Already followed user: thehappydictator. Skipping.
2026-09-16 02:16:49,513 - DEBUG - Already followed user: JohnAxel04. Skipping.
2026-09-16 02:16:49,513 - DEBUG - Already followed user: laigit-dot. Skipping.
2026-09-16 02:16:49,513 - DEBUG - Already followed user: 1minds3t. Skipping.
2026-09-16 02:16:49,513 - DEBUG - Already followed user: 2nixx. Skipping.
2026-09-16 02:16:49,513 - DEBUG - Already followed user: Jones-6199. Skipping.
2026-09-16 02:16:49,513 - DEBUG - Already followed user: matchingduo. Skipping.
2026-09-16 02:16:49,513 - DEBUG - Already followed user: Mistrust12. Skipping.
2026-09-16 02:16:49,513 - DEBUG - Already followed user: runner28-code. Skipping.
2026-09-16 02:16:49,513 - DEBUG - Already followed user: kakaka-byte. Skipping.
2026-09-16 02:16:49,513 - DEBUG - Already followed user: alvrenkai. Skipping.
2026-09-16 02:16:49,513 - DEBUG - Already followed user: KabeloM13. Skipping.
2026-09-16 02:16:49,513 - DEBUG - Already followed user: HamiParsa. Skipping.
2026-09-16 02:16:49,513 - DEBUG - Already followed user: Lyche6666. Skipping.
2026-09-16 02:16:49,513 - DEBUG - Already followed user: sphinxzerd. Skipping.
2026-09-16 02:16:49,513 - DEBUG - Already followed user: siddhant3895. Skipping.
2026-09-16 02:16:49,513 - DEBUG - Already followed user: conexto. Skipping.
2026-09-16 02:16:49,513 - DEBUG - Already followed user: nikecodedev. Skipping.
2026-09-16 02:16:49,513 - DEBUG - Already followed user: anshull-rajput. Skipping.
2026-09-16 02:16:49,513 - DEBUG - Already followed user: ExCoder999. Skipping.
2026-09-16 02:16:49,513 - DEBUG - Already followed user: nykoco. Skipping.
2026-09-16 02:16:49,513 - DEBUG - Already followed user: zombietfk. Skipping.
2026-09-16 02:16:49,513 - DEBUG - Already followed user: Ashkan-P88. Skipping.
2026-09-16 02:16:49,513 - DEBUG - Already followed user: nexthireconnect. Skipping.
2026-09-16 02:16:49,514 - DEBUG - Already followed user: cyanile. Skipping.
2026-09-16 02:16:49,514 - DEBUG - Already followed user: REVOLV1NG. Skipping.
2026-09-16 02:16:49,514 - DEBUG - Already followed user: kakashl-hatake. Skipping.
2026-09-16 02:16:49,514 - DEBUG - Already followed user: martycorn. Skipping.
2026-09-16 02:16:49,514 - DEBUG - Already followed user: HysteriaWEB3. Skipping.
2026-09-16 02:16:49,514 - DEBUG - Already followed user: joebtceth. Skipping.
2026-09-16 02:16:49,514 - DEBUG - Already followed user: jojoamanie. Skipping.
2026-09-16 02:16:49,641 - INFO - Rate Limit - Remaining: 5000, Reset at: 2026-09-16 03:16:49
2026-09-16 02:16:49,642 - INFO - Fetching followers from: https://api.github.com/users/aelmizeb/followers?per_page=100&page=5
2026-09-16 02:16:49,781 - DEBUG - Number of followers fetched: 44
2026-09-16 02:16:49,781 - INFO - Fetched 44 followers on page 5.
2026-09-16 02:16:49,781 - INFO - Sleeping for 5 seconds before following users.
2026-09-16 02:16:54,787 - DEBUG - Already followed user: HussainAli-Ds. Skipping.
2026-09-16 02:16:54,787 - DEBUG - Already followed user: MohibAhmadButt. Skipping.
2026-09-16 02:16:54,787 - DEBUG - Already followed user: 9Michael-Cooley. Skipping.
2026-09-16 02:16:54,787 - DEBUG - Already followed user: nargestohidloo. Skipping.
2026-09-16 02:16:54,787 - DEBUG - Already followed user: tawdesangeeta1973-coder. Skipping.
2026-09-16 02:16:54,787 - DEBUG - Already followed user: hwg-p. Skipping.
2026-09-16 02:16:54,787 - DEBUG - Already followed user: BERDLYY. Skipping.
2026-09-16 02:16:54,787 - DEBUG - Already followed user: chenE5M2. Skipping.
2026-09-16 02:16:54,787 - DEBUG - Already followed user: IvanDevMars. Skipping.
2026-09-16 02:16:54,787 - DEBUG - Already followed user: El-Tousy. Skipping.
2026-09-16 02:16:54,787 - DEBUG - Already followed user: art-in-alizade. Skipping.
2026-09-16 02:16:54,787 - DEBUG - Already followed user: josejairobaltazargallegos-afk. Skipping.
2026-09-16 02:16:54,787 - DEBUG - Already followed user: illusive7ai. Skipping.
2026-09-16 02:16:54,787 - DEBUG - Already followed user: UnicornMorty. Skipping.
2026-09-16 02:16:54,787 - DEBUG - Already followed user: vibecodinguy. Skipping.
2026-09-16 02:16:54,787 - DEBUG - Already followed user: WElRD0. Skipping.
2026-09-16 02:16:54,787 - DEBUG - Already followed user: saravananbass12-tech. Skipping.
2026-09-16 02:16:54,787 - DEBUG - Already followed user: sugarburn. Skipping.
2026-09-16 02:16:54,788 - DEBUG - Already followed user: Espotmx. Skipping.
2026-09-16 02:16:54,788 - DEBUG - Already followed user: MJ-ulia. Skipping.
2026-09-16 02:16:54,788 - DEBUG - Already followed user: DERB1F. Skipping.
2026-09-16 02:16:54,788 - DEBUG - Already followed user: donaldmorry. Skipping.
2026-09-16 02:16:54,788 - DEBUG - Already followed user: EimanTahir027. Skipping.
2026-09-16 02:16:54,788 - DEBUG - Already followed user: oga35767-eng. Skipping.
2026-09-16 02:16:54,788 - DEBUG - Already followed user: kyal102. Skipping.
2026-09-16 02:16:54,788 - DEBUG - Already followed user: Belucking. Skipping.
2026-09-16 02:16:54,788 - DEBUG - Already followed user: holilayet. Skipping.
2026-09-16 02:16:54,788 - DEBUG - Already followed user: ByteBunny777. Skipping.
2026-09-16 02:16:54,788 - DEBUG - Already followed user: AngelofDarknessm. Skipping.
2026-09-16 02:16:54,788 - DEBUG - Already followed user: Ella-horizon. Skipping.
2026-09-16 02:16:54,788 - DEBUG - Already followed user: hassenbrahim. Skipping.
2026-09-16 02:16:54,788 - DEBUG - Already followed user: alberto4442. Skipping.
2026-09-16 02:16:54,788 - DEBUG - Already followed user: ancaferro. Skipping.
2026-09-16 02:16:54,788 - DEBUG - Already followed user: ElmanCod110. Skipping.
2026-09-16 02:16:54,788 - DEBUG - Already followed user: raviwijerathna1. Skipping.
2026-09-16 02:16:54,788 - INFO - Attempting to follow user: rafidahmed870
2026-09-16 02:16:54,953 - INFO - Successfully followed user: rafidahmed870
2026-09-16 02:16:54,955 - DEBUG - Appended user rafidahmed870 to followers.txt.
2026-09-16 02:16:54,955 - INFO - Follower counter updated: 1021
2026-09-16 02:16:54,955 - INFO - Sleeping for 11.97 seconds before the next follow.
2026-09-16 02:17:06,942 - DEBUG - Already followed user: ClaerDev. Skipping.
2026-09-16 02:17:06,942 - DEBUG - Already followed user: TOPDEV99999. Skipping.
2026-09-16 02:17:06,942 - DEBUG - Already followed user: takahashikushina0223. Skipping.
2026-09-16 02:17:06,942 - DEBUG - Already followed user: cchongming. Skipping.
2026-09-16 02:17:06,942 - DEBUG - Already followed user: MahdiKordian. Skipping.
2026-09-16 02:17:06,942 - DEBUG - Already followed user: evvenoly. Skipping.
2026-09-16 02:17:06,942 - DEBUG - Already followed user: arvelquigley99. Skipping.
2026-09-16 02:17:06,942 - DEBUG - Already followed user: LenaBrooks. Skipping.
2026-09-16 02:17:07,084 - INFO - Rate Limit - Remaining: 5000, Reset at: 2026-09-16 03:17:07
2026-09-16 02:17:07,085 - INFO - Fetching followers from: https://api.github.com/users/aelmizeb/followers?per_page=100&page=6
2026-09-16 02:17:07,219 - DEBUG - Number of followers fetched: 0
2026-09-16 02:17:07,219 - INFO - No more followers to process. Exiting.
2026-09-16 02:17:07,220 - INFO - Follower counter updated: 1021
2026-09-16 02:17:07,220 - INFO - 
Following users from your follower list is done! Total followers fetched: 444, Total followers followed: 1021
2026-09-17 02:20:13,376 - INFO - Hi! I am GitHub Follower Bot.
2026-09-17 02:20:13,376 - INFO - Letting you follow all your followers!
2026-09-17 02:20:13,376 - INFO - Starting to fetch your follower lists...

2026-09-17 02:20:13,377 - INFO - Loaded 1021 already followed users.
2026-09-17 02:20:13,377 - INFO - Processing all followers without resume.
2026-09-17 02:20:13,377 - INFO - Starting from page: 1
2026-09-17 02:20:13,377 - INFO - Current follower counter: 1021
2026-09-17 02:20:13,604 - INFO - Rate Limit - Remaining: 5000, Reset at: 2026-09-17 03:20:13
2026-09-17 02:20:13,604 - INFO - Fetching followers from: https://api.github.com/users/aelmizeb/followers?per_page=100&page=1
2026-09-17 02:20:13,838 - DEBUG - Number of followers fetched: 100
2026-09-17 02:20:13,838 - INFO - Fetched 100 followers on page 1.
2026-09-17 02:20:13,838 - INFO - Sleeping for 5 seconds before following users.
2026-09-17 02:20:18,844 - DEBUG - Already followed user: levonk. Skipping.
2026-09-17 02:20:18,844 - DEBUG - Already followed user: peterruler. Skipping.
2026-09-17 02:20:18,844 - DEBUG - Already followed user: slavaGanzin. Skipping.
2026-09-17 02:20:18,844 - DEBUG - Already followed user: kenjinote. Skipping.
2026-09-17 02:20:18,844 - DEBUG - Already followed user: Spiritec7. Skipping.
2026-09-17 02:20:18,844 - DEBUG - Already followed user: sarkarshuvojit. Skipping.
2026-09-17 02:20:18,844 - DEBUG - Already followed user: unhappychoice. Skipping.
2026-09-17 02:20:18,844 - DEBUG - Already followed user: luckchain777. Skipping.
2026-09-17 02:20:18,844 - DEBUG - Already followed user: jorithanx. Skipping.
2026-09-17 02:20:18,844 - DEBUG - Already followed user: whiteplaine. Skipping.
2026-09-17 02:20:18,844 - DEBUG - Already followed user: gamemann. Skipping.
2026-09-17 02:20:18,844 - DEBUG - Already followed user: riseansmal. Skipping.
2026-09-17 02:20:18,844 - DEBUG - Already followed user: manman4. Skipping.
2026-09-17 02:20:18,844 - DEBUG - Already followed user: KylerCondran. Skipping.
2026-09-17 02:20:18,844 - DEBUG - Already followed user: ZhuChenn. Skipping.
2026-09-17 02:20:18,844 - DEBUG - Already followed user: Elbagoury. Skipping.
2026-09-17 02:20:18,844 - DEBUG - Already followed user: murapadev. Skipping.
2026-09-17 02:20:18,844 - DEBUG - Already followed user: tetref. Skipping.
2026-09-17 02:20:18,844 - DEBUG - Already followed user: Hantan1080. Skipping.
2026-09-17 02:20:18,844 - DEBUG - Already followed user: OliviaBennQ. Skipping.
2026-09-17 02:20:18,844 - DEBUG - Already followed user: budaivisita. Skipping.
2026-09-17 02:20:18,844 - DEBUG - Already followed user: ledgerhubteam. Skipping.
2026-09-17 02:20:18,844 - DEBUG - Already followed user: CelaDaniel. Skipping.
2026-09-17 02:20:18,844 - DEBUG - Already followed user: ThomasHWeb. Skipping.
2026-09-17 02:20:18,844 - DEBUG - Already followed user: paaak. Skipping.
2026-09-17 02:20:18,844 - DEBUG - Already followed user: hitman0290. Skipping.
2026-09-17 02:20:18,844 - DEBUG - Already followed user: jokeyhter. Skipping.
2026-09-17 02:20:18,844 - DEBUG - Already followed user: dbunt1tled. Skipping.
2026-09-17 02:20:18,844 - DEBUG - Already followed user: medmek. Skipping.
2026-09-17 02:20:18,844 - DEBUG - Already followed user: Hajjouz. Skipping.
2026-09-17 02:20:18,844 - DEBUG - Already followed user: IDouble. Skipping.
2026-09-17 02:20:18,844 - DEBUG - Already followed user: Jeesson. Skipping.
2026-09-17 02:20:18,844 - DEBUG - Already followed user: CatFortman. Skipping.
2026-09-17 02:20:18,844 - DEBUG - Already followed user: ZainJavaid. Skipping.
2026-09-17 02:20:18,844 - DEBUG - Already followed user: dioptx. Skipping.
2026-09-17 02:20:18,844 - DEBUG - Already followed user: DanHouseman. Skipping.
2026-09-17 02:20:18,844 - DEBUG - Already followed user: forgerondev. Skipping.
2026-09-17 02:20:18,844 - DEBUG - Already followed user: djvelimir. Skipping.
2026-09-17 02:20:18,844 - DEBUG - Already followed user: guevaraStian. Skipping.
2026-09-17 02:20:18,844 - DEBUG - Already followed user: cambot86. Skipping.
2026-09-17 02:20:18,844 - DEBUG - Already followed user: visualGravitySense. Skipping.
2026-09-17 02:20:18,844 - DEBUG - Already followed user: jelspace. Skipping.
2026-09-17 02:20:18,844 - DEBUG - Already followed user: Sanghyun-0h. Skipping.
2026-09-17 02:20:18,844 - DEBUG - Already followed user: dweatherston11. Skipping.
2026-09-17 02:20:18,844 - DEBUG - Already followed user: weiquan98. Skipping.
2026-09-17 02:20:18,844 - DEBUG - Already followed user: furendyna. Skipping.
2026-09-17 02:20:18,844 - DEBUG - Already followed user: KostasSliazas. Skipping.
2026-09-17 02:20:18,845 - DEBUG - Already followed user: hxreborn. Skipping.
2026-09-17 02:20:18,845 - DEBUG - Already followed user: hazexone. Skipping.
2026-09-17 02:20:18,845 - DEBUG - Already followed user: ardaltunel. Skipping.
2026-09-17 02:20:18,845 - DEBUG - Already followed user: domcomit. Skipping.
2026-09-17 02:20:18,845 - DEBUG - Already followed user: boomray. Skipping.
2026-09-17 02:20:18,845 - DEBUG - Already followed user: rob0pup. Skipping.
2026-09-17 02:20:18,845 - DEBUG - Already followed user: IshmamAbir. Skipping.
2026-09-17 02:20:18,845 - DEBUG - Already followed user: designAsign. Skipping.
2026-09-17 02:20:18,845 - DEBUG - Already followed user: ai-28. Skipping.
2026-09-17 02:20:18,845 - DEBUG - Already followed user: Connor9994. Skipping.
2026-09-17 02:20:18,845 - DEBUG - Already followed user: domx4q. Skipping.
2026-09-17 02:20:18,845 - DEBUG - Already followed user: Devify-Co. Skipping.
2026-09-17 02:20:18,845 - DEBUG - Already followed user: reckedcoder. Skipping.
2026-09-17 02:20:18,845 - DEBUG - Already followed user: jackciw. Skipping.
2026-09-17 02:20:18,845 - DEBUG - Already followed user: 4F71. Skipping.
2026-09-17 02:20:18,845 - DEBUG - Already followed user: standardgalactic. Skipping.
2026-09-17 02:20:18,845 - DEBUG - Already followed user: sandibrrm. Skipping.
2026-09-17 02:20:18,845 - DEBUG - Already followed user: MiladJoodi. Skipping.
2026-09-17 02:20:18,845 - DEBUG - Already followed user: AchrafReyani. Skipping.
2026-09-17 02:20:18,845 - DEBUG - Already followed user: jaderytm. Skipping.
2026-09-17 02:20:18,845 - DEBUG - Already followed user: nstrmx. Skipping.
2026-09-17 02:20:18,845 - DEBUG - Already followed user: RaccoonFacts. Skipping.
2026-09-17 02:20:18,845 - DEBUG - Already followed user: Kos-M. Skipping.
2026-09-17 02:20:18,845 - DEBUG - Already followed user: jfullstackdev. Skipping.
2026-09-17 02:20:18,845 - DEBUG - Already followed user: iVGeek. Skipping.
2026-09-17 02:20:18,845 - DEBUG - Already followed user: th3noryx. Skipping.
2026-09-17 02:20:18,845 - DEBUG - Already followed user: Unizuka22. Skipping.
2026-09-17 02:20:18,845 - DEBUG - Already followed user: vasilirigels. Skipping.
2026-09-17 02:20:18,845 - DEBUG - Already followed user: cristinagberta. Skipping.
2026-09-17 02:20:18,845 - DEBUG - Already followed user: alexanderbergerhd. Skipping.
2026-09-17 02:20:18,845 - DEBUG - Already followed user: mohammadnabia. Skipping.
2026-09-17 02:20:18,845 - DEBUG - Already followed user: itsbagsy. Skipping.
2026-09-17 02:20:18,845 - DEBUG - Already followed user: dmitryravilov. Skipping.
2026-09-17 02:20:18,845 - DEBUG - Already followed user: szenled. Skipping.
2026-09-17 02:20:18,845 - DEBUG - Already followed user: Mindlyss. Skipping.
2026-09-17 02:20:18,845 - DEBUG - Already followed user: cerenyilmazjinx. Skipping.
2026-09-17 02:20:18,845 - DEBUG - Already followed user: BEPb. Skipping.
2026-09-17 02:20:18,845 - DEBUG - Already followed user: galaxyb-dark. Skipping.
2026-09-17 02:20:18,845 - DEBUG - Already followed user: HafidIdrissi. Skipping.
2026-09-17 02:20:18,845 - DEBUG - Already followed user: oluiscabral. Skipping.
2026-09-17 02:20:18,845 - DEBUG - Already followed user: cryptoAur4x. Skipping.
2026-09-17 02:20:18,845 - DEBUG - Already followed user: emilycodestar. Skipping.
2026-09-17 02:20:18,845 - DEBUG - Already followed user: giewan. Skipping.
2026-09-17 02:20:18,845 - DEBUG - Already followed user: ivasik-k7. Skipping.
2026-09-17 02:20:18,845 - DEBUG - Already followed user: sakuyaloli. Skipping.
2026-09-17 02:20:18,845 - DEBUG - Already followed user: aantoooon. Skipping.
2026-09-17 02:20:18,845 - DEBUG - Already followed user: NeoZorK. Skipping.
2026-09-17 02:20:18,845 - DEBUG - Already followed user: albonidrizi. Skipping.
2026-09-17 02:20:18,845 - DEBUG - Already followed user: Arul1998. Skipping.
2026-09-17 02:20:18,845 - DEBUG - Already followed user: hajigur69. Skipping.
2026-09-17 02:20:18,845 - DEBUG - Already followed user: trajanOx. Skipping.
2026-09-17 02:20:18,845 - DEBUG - Already followed user: VictoriaCabirta. Skipping.
2026-09-17 02:20:18,845 - DEBUG - Already followed user: CHUNG-HAO. Skipping.
2026-09-17 02:20:19,104 - INFO - Rate Limit - Remaining: 5000, Reset at: 2026-09-17 03:20:19
2026-09-17 02:20:19,105 - INFO - Fetching followers from: https://api.github.com/users/aelmizeb/followers?per_page=100&page=2
2026-09-17 02:20:19,319 - DEBUG - Number of followers fetched: 100
2026-09-17 02:20:19,319 - INFO - Fetched 100 followers on page 2.
2026-09-17 02:20:19,319 - INFO - Sleeping for 5 seconds before following users.
2026-09-17 02:20:24,324 - DEBUG - Already followed user: loreius. Skipping.
2026-09-17 02:20:24,324 - DEBUG - Already followed user: Supremenottee. Skipping.
2026-09-17 02:20:24,324 - DEBUG - Already followed user: mainstar123. Skipping.
2026-09-17 02:20:24,324 - DEBUG - Already followed user: JohnMwendwa. Skipping.
2026-09-17 02:20:24,324 - DEBUG - Already followed user: Geek-Cheth. Skipping.
2026-09-17 02:20:24,324 - DEBUG - Already followed user: AhmadJeddi. Skipping.
2026-09-17 02:20:24,324 - DEBUG - Already followed user: OftenUser. Skipping.
2026-09-17 02:20:24,324 - DEBUG - Already followed user: mohammadhasanii. Skipping.
2026-09-17 02:20:24,324 - DEBUG - Already followed user: haochezh. Skipping.
2026-09-17 02:20:24,324 - DEBUG - Already followed user: mbitujames. Skipping.
2026-09-17 02:20:24,324 - DEBUG - Already followed user: Nisyalz01. Skipping.
2026-09-17 02:20:24,324 - DEBUG - Already followed user: MaitreyeeDhar. Skipping.
2026-09-17 02:20:24,324 - DEBUG - Already followed user: nelokusa. Skipping.
2026-09-17 02:20:24,324 - DEBUG - Already followed user: r97221004. Skipping.
2026-09-17 02:20:24,324 - DEBUG - Already followed user: Carrington-dev. Skipping.
2026-09-17 02:20:24,324 - DEBUG - Already followed user: pinhe91. Skipping.
2026-09-17 02:20:24,324 - DEBUG - Already followed user: minseochoj. Skipping.
2026-09-17 02:20:24,324 - DEBUG - Already followed user: thisalireza. Skipping.
2026-09-17 02:20:24,324 - DEBUG - Already followed user: BhuvanAde. Skipping.
2026-09-17 02:20:24,324 - DEBUG - Already followed user: KerollosMagdy. Skipping.
2026-09-17 02:20:24,324 - DEBUG - Already followed user: Jamkris. Skipping.
2026-09-17 02:20:24,324 - DEBUG - Already followed user: steph3nm. Skipping.
2026-09-17 02:20:24,324 - DEBUG - Already followed user: arch-yunus. Skipping.
2026-09-17 02:20:24,324 - DEBUG - Already followed user: Jailtonfonseca. Skipping.
2026-09-17 02:20:24,324 - DEBUG - Already followed user: lxRbckl. Skipping.
2026-09-17 02:20:24,324 - DEBUG - Already followed user: jamesgeodi. Skipping.
2026-09-17 02:20:24,324 - DEBUG - Already followed user: olienath. Skipping.
2026-09-17 02:20:24,324 - DEBUG - Already followed user: xrpcommunity. Skipping.
2026-09-17 02:20:24,324 - DEBUG - Already followed user: jolliesol. Skipping.
2026-09-17 02:20:24,324 - DEBUG - Already followed user: xnovaxdev. Skipping.
2026-09-17 02:20:24,325 - DEBUG - Already followed user: filzehoka. Skipping.
2026-09-17 02:20:24,325 - DEBUG - Already followed user: Wenyveo. Skipping.
2026-09-17 02:20:24,325 - DEBUG - Already followed user: nico-laqua. Skipping.
2026-09-17 02:20:24,325 - DEBUG - Already followed user: Hstkj23. Skipping.
2026-09-17 02:20:24,325 - DEBUG - Already followed user: emilybarru. Skipping.
2026-09-17 02:20:24,325 - DEBUG - Already followed user: NazmusSayad. Skipping.
2026-09-17 02:20:24,325 - DEBUG - Already followed user: Liuboshenko. Skipping.
2026-09-17 02:20:24,325 - DEBUG - Already followed user: lgomesappj. Skipping.
2026-09-17 02:20:24,325 - DEBUG - Already followed user: irenascent. Skipping.
2026-09-17 02:20:24,325 - DEBUG - Already followed user: Berserk-hub150. Skipping.
2026-09-17 02:20:24,325 - DEBUG - Already followed user: mariwatts. Skipping.
2026-09-17 02:20:24,325 - DEBUG - Already followed user: Davidevlops. Skipping.
2026-09-17 02:20:24,325 - DEBUG - Already followed user: ezozu. Skipping.
2026-09-17 02:20:24,325 - DEBUG - Already followed user: OHANA-WEB. Skipping.
2026-09-17 02:20:24,325 - DEBUG - Already followed user: BamdadTabari. Skipping.
2026-09-17 02:20:24,325 - DEBUG - Already followed user: vinamega. Skipping.
2026-09-17 02:20:24,325 - DEBUG - Already followed user: cgrundman. Skipping.
2026-09-17 02:20:24,325 - DEBUG - Already followed user: zkcryptweb. Skipping.
2026-09-17 02:20:24,325 - DEBUG - Already followed user: eldarlrd. Skipping.
2026-09-17 02:20:24,325 - DEBUG - Already followed user: bashichda. Skipping.
2026-09-17 02:20:24,325 - DEBUG - Already followed user: ludo53. Skipping.
2026-09-17 02:20:24,325 - DEBUG - Already followed user: heinodendal. Skipping.
2026-09-17 02:20:24,325 - DEBUG - Already followed user: linuxtusX5. Skipping.
2026-09-17 02:20:24,325 - DEBUG - Already followed user: CarAuto34. Skipping.
2026-09-17 02:20:24,325 - DEBUG - Already followed user: elifirinci. Skipping.
2026-09-17 02:20:24,325 - DEBUG - Already followed user: sabbir-noyon. Skipping.
2026-09-17 02:20:24,325 - DEBUG - Already followed user: Nima-Mollaei. Skipping.
2026-09-17 02:20:24,325 - DEBUG - Already followed user: apurva313. Skipping.
2026-09-17 02:20:24,325 - DEBUG - Already followed user: kyiroywops. Skipping.
2026-09-17 02:20:24,325 - DEBUG - Already followed user: m-bwela. Skipping.
2026-09-17 02:20:24,325 - DEBUG - Already followed user: NachoOFC. Skipping.
2026-09-17 02:20:24,325 - DEBUG - Already followed user: CrisLottz. Skipping.
2026-09-17 02:20:24,325 - DEBUG - Already followed user: MrMDrX. Skipping.
2026-09-17 02:20:24,325 - DEBUG - Already followed user: nimakian. Skipping.
2026-09-17 02:20:24,325 - DEBUG - Already followed user: iamapuneet. Skipping.
2026-09-17 02:20:24,325 - DEBUG - Already followed user: iktiarnazib. Skipping.
2026-09-17 02:20:24,325 - DEBUG - Already followed user: Daxxtropezz. Skipping.
2026-09-17 02:20:24,325 - DEBUG - Already followed user: joaocarpim. Skipping.
2026-09-17 02:20:24,325 - DEBUG - Already followed user: 0xmurtimus. Skipping.
2026-09-17 02:20:24,325 - DEBUG - Already followed user: U1000000000000. Skipping.
2026-09-17 02:20:24,325 - DEBUG - Already followed user: shahriar0999. Skipping.
2026-09-17 02:20:24,325 - DEBUG - Already followed user: souvikrana17. Skipping.
2026-09-17 02:20:24,325 - DEBUG - Already followed user: AhmedDabish. Skipping.
2026-09-17 02:20:24,325 - DEBUG - Already followed user: DIMFLIX. Skipping.
2026-09-17 02:20:24,325 - DEBUG - Already followed user: 1526422010. Skipping.
2026-09-17 02:20:24,325 - DEBUG - Already followed user: EminHaziyev. Skipping.
2026-09-17 02:20:24,325 - DEBUG - Already followed user: VarshuAi. Skipping.
2026-09-17 02:20:24,325 - DEBUG - Already followed user: CelaFlori. Skipping.
2026-09-17 02:20:24,325 - DEBUG - Already followed user: 0xspryo. Skipping.
2026-09-17 02:20:24,325 - DEBUG - Already followed user: laurindoisaac. Skipping.
2026-09-17 02:20:24,325 - DEBUG - Already followed user: Motaman-M. Skipping.
2026-09-17 02:20:24,325 - DEBUG - Already followed user: Seif-01. Skipping.
2026-09-17 02:20:24,325 - DEBUG - Already followed user: motanelson. Skipping.
2026-09-17 02:20:24,325 - DEBUG - Already followed user: cepseu1. Skipping.
2026-09-17 02:20:24,325 - DEBUG - Already followed user: bolola777. Skipping.
2026-09-17 02:20:24,325 - DEBUG - Already followed user: vardan444. Skipping.
2026-09-17 02:20:24,325 - DEBUG - Already followed user: rahuloraj. Skipping.
2026-09-17 02:20:24,325 - DEBUG - Already followed user: knmlabs. Skipping.
2026-09-17 02:20:24,325 - DEBUG - Already followed user: Mubashir12392. Skipping.
2026-09-17 02:20:24,325 - DEBUG - Already followed user: jeallz. Skipping.
2026-09-17 02:20:24,325 - DEBUG - Already followed user: ArmandSegall. Skipping.
2026-09-17 02:20:24,325 - DEBUG - Already followed user: reignsi. Skipping.
2026-09-17 02:20:24,325 - DEBUG - Already followed user: christosantono. Skipping.
2026-09-17 02:20:24,325 - DEBUG - Already followed user: Nai64. Skipping.
2026-09-17 02:20:24,325 - DEBUG - Already followed user: K1rsN7. Skipping.
2026-09-17 02:20:24,325 - DEBUG - Already followed user: MatthewMacri. Skipping.
2026-09-17 02:20:24,325 - DEBUG - Already followed user: whitakeroliver. Skipping.
2026-09-17 02:20:24,325 - DEBUG - Already followed user: S4IL21. Skipping.
2026-09-17 02:20:24,325 - DEBUG - Already followed user: filipzekovich. Skipping.
2026-09-17 02:20:24,325 - DEBUG - Already followed user: RafalW3bCraft. Skipping.
2026-09-17 02:20:24,547 - INFO - Rate Limit - Remaining: 5000, Reset at: 2026-09-17 03:20:24
2026-09-17 02:20:24,548 - INFO - Fetching followers from: https://api.github.com/users/aelmizeb/followers?per_page=100&page=3
2026-09-17 02:20:24,758 - DEBUG - Number of followers fetched: 100
2026-09-17 02:20:24,758 - INFO - Fetched 100 followers on page 3.
2026-09-17 02:20:24,758 - INFO - Sleeping for 5 seconds before following users.
2026-09-17 02:20:29,763 - DEBUG - Already followed user: 7007259Ankur. Skipping.
2026-09-17 02:20:29,763 - DEBUG - Already followed user: amurrayeqc. Skipping.
2026-09-17 02:20:29,763 - DEBUG - Already followed user: Willysc10. Skipping.
2026-09-17 02:20:29,763 - DEBUG - Already followed user: rasidi3112. Skipping.
2026-09-17 02:20:29,763 - DEBUG - Already followed user: otaviossousa. Skipping.
2026-09-17 02:20:29,763 - DEBUG - Already followed user: taahabz. Skipping.
2026-09-17 02:20:29,763 - DEBUG - Already followed user: topdigitalplus. Skipping.
2026-09-17 02:20:29,763 - DEBUG - Already followed user: lilbodo123. Skipping.
2026-09-17 02:20:29,763 - DEBUG - Already followed user: super-phantom91. Skipping.
2026-09-17 02:20:29,763 - DEBUG - Already followed user: hyper-ayoub. Skipping.
2026-09-17 02:20:29,763 - DEBUG - Already followed user: DrParthaMajumder. Skipping.
2026-09-17 02:20:29,763 - DEBUG - Already followed user: sunjoe508. Skipping.
2026-09-17 02:20:29,763 - DEBUG - Already followed user: HalfFriedPotato. Skipping.
2026-09-17 02:20:29,763 - DEBUG - Already followed user: IamDevDan. Skipping.
2026-09-17 02:20:29,763 - DEBUG - Already followed user: engrshuvodas. Skipping.
2026-09-17 02:20:29,763 - DEBUG - Already followed user: Fellipemarcal. Skipping.
2026-09-17 02:20:29,763 - DEBUG - Already followed user: potentialdev-web. Skipping.
2026-09-17 02:20:29,763 - DEBUG - Already followed user: Laqrabti. Skipping.
2026-09-17 02:20:29,764 - DEBUG - Already followed user: masonliiu. Skipping.
2026-09-17 02:20:29,764 - DEBUG - Already followed user: deadlyandro. Skipping.
2026-09-17 02:20:29,764 - DEBUG - Already followed user: AhmadTigress. Skipping.
2026-09-17 02:20:29,764 - DEBUG - Already followed user: Maher-Elmair. Skipping.
2026-09-17 02:20:29,764 - DEBUG - Already followed user: harutosati. Skipping.
2026-09-17 02:20:29,764 - DEBUG - Already followed user: B2Kumar03. Skipping.
2026-09-17 02:20:29,764 - DEBUG - Already followed user: AbdulRehman393. Skipping.
2026-09-17 02:20:29,764 - DEBUG - Already followed user: vijayshikhare. Skipping.
2026-09-17 02:20:29,764 - DEBUG - Already followed user: nuraisi. Skipping.
2026-09-17 02:20:29,764 - DEBUG - Already followed user: aertsimon90. Skipping.
2026-09-17 02:20:29,764 - DEBUG - Already followed user: Bifenzine. Skipping.
2026-09-17 02:20:29,764 - DEBUG - Already followed user: Chainsmoker23. Skipping.
2026-09-17 02:20:29,764 - DEBUG - Already followed user: 3nesdeniz. Skipping.
2026-09-17 02:20:29,764 - DEBUG - Already followed user: vegata099. Skipping.
2026-09-17 02:20:29,764 - DEBUG - Already followed user: marichu-kt. Skipping.
2026-09-17 02:20:29,764 - DEBUG - Already followed user: yutomiwana. Skipping.
2026-09-17 02:20:29,764 - DEBUG - Already followed user: gaqx. Skipping.
2026-09-17 02:20:29,764 - DEBUG - Already followed user: AnonimusShamshiAlex. Skipping.
2026-09-17 02:20:29,764 - DEBUG - Already followed user: goShell3. Skipping.
2026-09-17 02:20:29,764 - DEBUG - Already followed user: bencheayoub. Skipping.
2026-09-17 02:20:29,764 - DEBUG - Already followed user: juicetreacly. Skipping.
2026-09-17 02:20:29,764 - DEBUG - Already followed user: Babarali2k21. Skipping.
2026-09-17 02:20:29,764 - DEBUG - Already followed user: a-partovii. Skipping.
2026-09-17 02:20:29,764 - DEBUG - Already followed user: SalehAkramSifat. Skipping.
2026-09-17 02:20:29,764 - DEBUG - Already followed user: mengnankkkk. Skipping.
2026-09-17 02:20:29,764 - DEBUG - Already followed user: lec320fd90d. Skipping.
2026-09-17 02:20:29,764 - DEBUG - Already followed user: nahladzulula. Skipping.
2026-09-17 02:20:29,764 - DEBUG - Already followed user: AImaniadev. Skipping.
2026-09-17 02:20:29,764 - DEBUG - Already followed user: LakhiniVoshadee. Skipping.
2026-09-17 02:20:29,764 - DEBUG - Already followed user: cfrBernard. Skipping.
2026-09-17 02:20:29,764 - DEBUG - Already followed user: rexblade58. Skipping.
2026-09-17 02:20:29,764 - DEBUG - Already followed user: amad3i. Skipping.
2026-09-17 02:20:29,764 - DEBUG - Already followed user: Arison99. Skipping.
2026-09-17 02:20:29,764 - DEBUG - Already followed user: abdulrhmansalama. Skipping.
2026-09-17 02:20:29,764 - DEBUG - Already followed user: AbSomeone. Skipping.
2026-09-17 02:20:29,764 - DEBUG - Already followed user: nam-htran. Skipping.
2026-09-17 02:20:29,764 - DEBUG - Already followed user: GitHub7667. Skipping.
2026-09-17 02:20:29,764 - DEBUG - Already followed user: Gabrieliam42. Skipping.
2026-09-17 02:20:29,764 - DEBUG - Already followed user: DevNinja08. Skipping.
2026-09-17 02:20:29,764 - DEBUG - Already followed user: dovvnloading. Skipping.
2026-09-17 02:20:29,764 - DEBUG - Already followed user: Ali-hey-0. Skipping.
2026-09-17 02:20:29,764 - DEBUG - Already followed user: talrejasahil4994. Skipping.
2026-09-17 02:20:29,764 - DEBUG - Already followed user: hellen-ansah. Skipping.
2026-09-17 02:20:29,764 - DEBUG - Already followed user: kiranShamsHere. Skipping.
2026-09-17 02:20:29,764 - DEBUG - Already followed user: Iankulani. Skipping.
2026-09-17 02:20:29,764 - DEBUG - Already followed user: VIDAKHOSHPEY22. Skipping.
2026-09-17 02:20:29,764 - DEBUG - Already followed user: BhagwaniVishi. Skipping.
2026-09-17 02:20:29,764 - DEBUG - Already followed user: aridepai17. Skipping.
2026-09-17 02:20:29,764 - DEBUG - Already followed user: 0Darkn. Skipping.
2026-09-17 02:20:29,764 - DEBUG - Already followed user: ShRP69. Skipping.
2026-09-17 02:20:29,764 - DEBUG - Already followed user: KayanShah. Skipping.
2026-09-17 02:20:29,764 - DEBUG - Already followed user: iousuz. Skipping.
2026-09-17 02:20:29,764 - DEBUG - Already followed user: Alikaka079. Skipping.
2026-09-17 02:20:29,764 - DEBUG - Already followed user: Md-Mubin. Skipping.
2026-09-17 02:20:29,764 - DEBUG - Already followed user: lxl0825. Skipping.
2026-09-17 02:20:29,764 - DEBUG - Already followed user: abressiddique. Skipping.
2026-09-17 02:20:29,764 - DEBUG - Already followed user: 0xAdafang. Skipping.
2026-09-17 02:20:29,764 - DEBUG - Already followed user: jkdevcode. Skipping.
2026-09-17 02:20:29,764 - DEBUG - Already followed user: JawherKl. Skipping.
2026-09-17 02:20:29,764 - DEBUG - Already followed user: pwnedroot. Skipping.
2026-09-17 02:20:29,764 - DEBUG - Already followed user: DaviBaum. Skipping.
2026-09-17 02:20:29,764 - DEBUG - Already followed user: Nour-yahyaoui. Skipping.
2026-09-17 02:20:29,764 - DEBUG - Already followed user: thornebaker. Skipping.
2026-09-17 02:20:29,764 - DEBUG - Already followed user: rioryugen. Skipping.
2026-09-17 02:20:29,764 - DEBUG - Already followed user: nikhilpatidar01. Skipping.
2026-09-17 02:20:29,764 - DEBUG - Already followed user: codeXdanyal. Skipping.
2026-09-17 02:20:29,764 - DEBUG - Already followed user: gambling-addict. Skipping.
2026-09-17 02:20:29,764 - DEBUG - Already followed user: novagad. Skipping.
2026-09-17 02:20:29,764 - DEBUG - Already followed user: chojuninengu. Skipping.
2026-09-17 02:20:29,764 - DEBUG - Already followed user: JOELNATHAN544. Skipping.
2026-09-17 02:20:29,764 - DEBUG - Already followed user: Senthil455. Skipping.
2026-09-17 02:20:29,764 - DEBUG - Already followed user: pouryaPKGit. Skipping.
2026-09-17 02:20:29,765 - DEBUG - Already followed user: mwakidenis. Skipping.
2026-09-17 02:20:29,765 - DEBUG - Already followed user: daniel149afonso. Skipping.
2026-09-17 02:20:29,765 - DEBUG - Already followed user: MatheusRuivo365. Skipping.
2026-09-17 02:20:29,765 - DEBUG - Already followed user: grimwaIker. Skipping.
2026-09-17 02:20:29,765 - DEBUG - Already followed user: vsrupeshkumar. Skipping.
2026-09-17 02:20:29,765 - DEBUG - Already followed user: landry-some. Skipping.
2026-09-17 02:20:29,765 - DEBUG - Already followed user: madhavgadge01. Skipping.
2026-09-17 02:20:29,765 - DEBUG - Already followed user: panyster. Skipping.
2026-09-17 02:20:29,765 - DEBUG - Already followed user: MdShawonForazi. Skipping.
2026-09-17 02:20:29,765 - DEBUG - Already followed user: Muhammad-qureshi1. Skipping.
2026-09-17 02:20:29,978 - INFO - Rate Limit - Remaining: 5000, Reset at: 2026-09-17 03:20:29
2026-09-17 02:20:29,979 - INFO - Fetching followers from: https://api.github.com/users/aelmizeb/followers?per_page=100&page=4
2026-09-17 02:20:30,194 - DEBUG - Number of followers fetched: 100
2026-09-17 02:20:30,194 - INFO - Fetched 100 followers on page 4.
2026-09-17 02:20:30,194 - INFO - Sleeping for 5 seconds before following users.
2026-09-17 02:20:35,199 - DEBUG - Already followed user: destroy-boys. Skipping.
2026-09-17 02:20:35,199 - DEBUG - Already followed user: byxbe. Skipping.
2026-09-17 02:20:35,199 - DEBUG - Already followed user: vimal0156. Skipping.
2026-09-17 02:20:35,200 - DEBUG - Already followed user: syedbilalalam1. Skipping.
2026-09-17 02:20:35,200 - DEBUG - Already followed user: COUNTRY-HUMANS. Skipping.
2026-09-17 02:20:35,200 - DEBUG - Already followed user: Ayokanmi-Adejola. Skipping.
2026-09-17 02:20:35,200 - DEBUG - Already followed user: irenerodriguezrod. Skipping.
2026-09-17 02:20:35,200 - DEBUG - Already followed user: ngsnethawarya. Skipping.
2026-09-17 02:20:35,200 - DEBUG - Already followed user: mahimarawat0707. Skipping.
2026-09-17 02:20:35,200 - DEBUG - Already followed user: MuratKomurcu1. Skipping.
2026-09-17 02:20:35,200 - DEBUG - Already followed user: DARKANGEL689. Skipping.
2026-09-17 02:20:35,200 - DEBUG - Already followed user: buildcompanytogether. Skipping.
2026-09-17 02:20:35,200 - DEBUG - Already followed user: techspire0924. Skipping.
2026-09-17 02:20:35,200 - DEBUG - Already followed user: TechLeon001. Skipping.
2026-09-17 02:20:35,200 - DEBUG - Already followed user: Obraims. Skipping.
2026-09-17 02:20:35,200 - DEBUG - Already followed user: HeavenlyDesires. Skipping.
2026-09-17 02:20:35,200 - DEBUG - Already followed user: sonle-dev. Skipping.
2026-09-17 02:20:35,200 - DEBUG - Already followed user: yonana-sahile. Skipping.
2026-09-17 02:20:35,200 - DEBUG - Already followed user: howls-moving-castle. Skipping.
2026-09-17 02:20:35,200 - DEBUG - Already followed user: lovehiccup. Skipping.
2026-09-17 02:20:35,200 - DEBUG - Already followed user: techEdge3030. Skipping.
2026-09-17 02:20:35,200 - DEBUG - Already followed user: webxos. Skipping.
2026-09-17 02:20:35,200 - DEBUG - Already followed user: developernayeemx. Skipping.
2026-09-17 02:20:35,200 - DEBUG - Already followed user: drydenmitchell. Skipping.
2026-09-17 02:20:35,200 - DEBUG - Already followed user: eatsky1006. Skipping.
2026-09-17 02:20:35,200 - DEBUG - Already followed user: frangelbarrera. Skipping.
2026-09-17 02:20:35,200 - DEBUG - Already followed user: 156afl. Skipping.
2026-09-17 02:20:35,200 - DEBUG - Already followed user: guten-tag-100. Skipping.
2026-09-17 02:20:35,200 - DEBUG - Already followed user: retrobullseye. Skipping.
2026-09-17 02:20:35,200 - DEBUG - Already followed user: nelbeu. Skipping.
2026-09-17 02:20:35,200 - DEBUG - Already followed user: ZPIIDR. Skipping.
2026-09-17 02:20:35,200 - DEBUG - Already followed user: floriant3. Skipping.
2026-09-17 02:20:35,200 - DEBUG - Already followed user: amazing-soft-dev. Skipping.
2026-09-17 02:20:35,200 - DEBUG - Already followed user: Quoriss. Skipping.
2026-09-17 02:20:35,200 - DEBUG - Already followed user: xcontcom. Skipping.
2026-09-17 02:20:35,200 - DEBUG - Already followed user: SparkNews00000. Skipping.
2026-09-17 02:20:35,200 - DEBUG - Already followed user: Lyne6666. Skipping.
2026-09-17 02:20:35,200 - DEBUG - Already followed user: nafiul-afk. Skipping.
2026-09-17 02:20:35,200 - DEBUG - Already followed user: ShiningRocket. Skipping.
2026-09-17 02:20:35,200 - DEBUG - Already followed user: Noori-Senior. Skipping.
2026-09-17 02:20:35,200 - DEBUG - Already followed user: AnjaliPatel301. Skipping.
2026-09-17 02:20:35,200 - DEBUG - Already followed user: Dev-Mania1988. Skipping.
2026-09-17 02:20:35,200 - DEBUG - Already followed user: BOYABOY999. Skipping.
2026-09-17 02:20:35,200 - DEBUG - Already followed user: NOUHABL. Skipping.
2026-09-17 02:20:35,200 - DEBUG - Already followed user: RamaAditya49. Skipping.
2026-09-17 02:20:35,200 - DEBUG - Already followed user: Seo-yeonLee. Skipping.
2026-09-17 02:20:35,200 - DEBUG - Already followed user: ChungusLord123. Skipping.
2026-09-17 02:20:35,200 - DEBUG - Already followed user: mohamadeydipour. Skipping.
2026-09-17 02:20:35,200 - DEBUG - Already followed user: constellation-infinity. Skipping.
2026-09-17 02:20:35,200 - DEBUG - Already followed user: rosem-coder. Skipping.
2026-09-17 02:20:35,200 - DEBUG - Already followed user: XO-Roham. Skipping.
2026-09-17 02:20:35,200 - DEBUG - Already followed user: kerryjanes. Skipping.
2026-09-17 02:20:35,200 - DEBUG - Already followed user: acid4you. Skipping.
2026-09-17 02:20:35,200 - DEBUG - Already followed user: hyuntayo. Skipping.
2026-09-17 02:20:35,200 - DEBUG - Already followed user: wetmet. Skipping.
2026-09-17 02:20:35,200 - DEBUG - Already followed user: sezindartar. Skipping.
2026-09-17 02:20:35,200 - DEBUG - Already followed user: arielshakaramiro. Skipping.
2026-09-17 02:20:35,200 - DEBUG - Already followed user: NovaNoodle7. Skipping.
2026-09-17 02:20:35,200 - DEBUG - Already followed user: annaveth. Skipping.
2026-09-17 02:20:35,200 - DEBUG - Already followed user: rexxdeev. Skipping.
2026-09-17 02:20:35,200 - DEBUG - Already followed user: cosmospice. Skipping.
2026-09-17 02:20:35,200 - DEBUG - Already followed user: lrepo52. Skipping.
2026-09-17 02:20:35,200 - DEBUG - Already followed user: uhsr. Skipping.
2026-09-17 02:20:35,200 - DEBUG - Already followed user: REIJISAKAMAKI. Skipping.
2026-09-17 02:20:35,200 - DEBUG - Already followed user: shivam01112. Skipping.
2026-09-17 02:20:35,200 - DEBUG - Already followed user: devnavodhimsara. Skipping.
2026-09-17 02:20:35,200 - DEBUG - Already followed user: muichirox. Skipping.
2026-09-17 02:20:35,200 - DEBUG - Already followed user: thehappydictator. Skipping.
2026-09-17 02:20:35,200 - DEBUG - Already followed user: JohnAxel04. Skipping.
2026-09-17 02:20:35,200 - DEBUG - Already followed user: laigit-dot. Skipping.
2026-09-17 02:20:35,200 - DEBUG - Already followed user: 1minds3t. Skipping.
2026-09-17 02:20:35,200 - DEBUG - Already followed user: 2nixx. Skipping.
2026-09-17 02:20:35,200 - DEBUG - Already followed user: Jones-6199. Skipping.
2026-09-17 02:20:35,200 - DEBUG - Already followed user: matchingduo. Skipping.
2026-09-17 02:20:35,200 - DEBUG - Already followed user: Mistrust12. Skipping.
2026-09-17 02:20:35,200 - DEBUG - Already followed user: runner28-code. Skipping.
2026-09-17 02:20:35,201 - DEBUG - Already followed user: kakaka-byte. Skipping.
2026-09-17 02:20:35,201 - DEBUG - Already followed user: alvrenkai. Skipping.
2026-09-17 02:20:35,201 - DEBUG - Already followed user: KabeloM13. Skipping.
2026-09-17 02:20:35,201 - DEBUG - Already followed user: HamiParsa. Skipping.
2026-09-17 02:20:35,201 - DEBUG - Already followed user: Lyche6666. Skipping.
2026-09-17 02:20:35,201 - DEBUG - Already followed user: sphinxzerd. Skipping.
2026-09-17 02:20:35,201 - DEBUG - Already followed user: siddhant3895. Skipping.
2026-09-17 02:20:35,201 - DEBUG - Already followed user: conexto. Skipping.
2026-09-17 02:20:35,201 - DEBUG - Already followed user: nikecodedev. Skipping.
2026-09-17 02:20:35,201 - DEBUG - Already followed user: anshull-rajput. Skipping.
2026-09-17 02:20:35,201 - DEBUG - Already followed user: ExCoder999. Skipping.
2026-09-17 02:20:35,201 - DEBUG - Already followed user: nykoco. Skipping.
2026-09-17 02:20:35,201 - DEBUG - Already followed user: zombietfk. Skipping.
2026-09-17 02:20:35,201 - DEBUG - Already followed user: Ashkan-P88. Skipping.
2026-09-17 02:20:35,201 - DEBUG - Already followed user: nexthireconnect. Skipping.
2026-09-17 02:20:35,201 - DEBUG - Already followed user: cyanile. Skipping.
2026-09-17 02:20:35,201 - DEBUG - Already followed user: REVOLV1NG. Skipping.
2026-09-17 02:20:35,201 - DEBUG - Already followed user: kakashl-hatake. Skipping.
2026-09-17 02:20:35,201 - DEBUG - Already followed user: martycorn. Skipping.
2026-09-17 02:20:35,201 - DEBUG - Already followed user: HysteriaWEB3. Skipping.
2026-09-17 02:20:35,201 - DEBUG - Already followed user: joebtceth. Skipping.
2026-09-17 02:20:35,201 - DEBUG - Already followed user: jojoamanie. Skipping.
2026-09-17 02:20:35,201 - DEBUG - Already followed user: HussainAli-Ds. Skipping.
2026-09-17 02:20:35,201 - DEBUG - Already followed user: MohibAhmadButt. Skipping.
2026-09-17 02:20:35,404 - INFO - Rate Limit - Remaining: 5000, Reset at: 2026-09-17 03:20:35
2026-09-17 02:20:35,404 - INFO - Fetching followers from: https://api.github.com/users/aelmizeb/followers?per_page=100&page=5
2026-09-17 02:20:35,595 - DEBUG - Number of followers fetched: 42
2026-09-17 02:20:35,595 - INFO - Fetched 42 followers on page 5.
2026-09-17 02:20:35,595 - INFO - Sleeping for 5 seconds before following users.
2026-09-17 02:20:40,600 - DEBUG - Already followed user: 9Michael-Cooley. Skipping.
2026-09-17 02:20:40,600 - DEBUG - Already followed user: nargestohidloo. Skipping.
2026-09-17 02:20:40,600 - DEBUG - Already followed user: tawdesangeeta1973-coder. Skipping.
2026-09-17 02:20:40,600 - DEBUG - Already followed user: hwg-p. Skipping.
2026-09-17 02:20:40,600 - DEBUG - Already followed user: BERDLYY. Skipping.
2026-09-17 02:20:40,600 - DEBUG - Already followed user: chenE5M2. Skipping.
2026-09-17 02:20:40,600 - DEBUG - Already followed user: IvanDevMars. Skipping.
2026-09-17 02:20:40,600 - DEBUG - Already followed user: El-Tousy. Skipping.
2026-09-17 02:20:40,600 - DEBUG - Already followed user: art-in-alizade. Skipping.
2026-09-17 02:20:40,600 - DEBUG - Already followed user: josejairobaltazargallegos-afk. Skipping.
2026-09-17 02:20:40,600 - DEBUG - Already followed user: illusive7ai. Skipping.
2026-09-17 02:20:40,600 - INFO - Attempting to follow user: prickcests
2026-09-17 02:20:40,773 - INFO - Successfully followed user: prickcests
2026-09-17 02:20:40,774 - DEBUG - Appended user prickcests to followers.txt.
2026-09-17 02:20:40,774 - INFO - Follower counter updated: 1022
2026-09-17 02:20:40,775 - INFO - Sleeping for 11.97 seconds before the next follow.
2026-09-17 02:20:52,756 - DEBUG - Already followed user: vibecodinguy. Skipping.
2026-09-17 02:20:52,756 - DEBUG - Already followed user: WElRD0. Skipping.
2026-09-17 02:20:52,756 - DEBUG - Already followed user: saravananbass12-tech. Skipping.
2026-09-17 02:20:52,756 - DEBUG - Already followed user: sugarburn. Skipping.
2026-09-17 02:20:52,756 - DEBUG - Already followed user: Espotmx. Skipping.
2026-09-17 02:20:52,756 - DEBUG - Already followed user: MJ-ulia. Skipping.
2026-09-17 02:20:52,756 - INFO - Attempting to follow user: B1LLIEJ0E
2026-09-17 02:20:52,927 - INFO - Successfully followed user: B1LLIEJ0E
2026-09-17 02:20:52,928 - DEBUG - Appended user B1LLIEJ0E to followers.txt.
2026-09-17 02:20:52,928 - INFO - Follower counter updated: 1023
2026-09-17 02:20:52,928 - INFO - Sleeping for 13.83 seconds before the next follow.
2026-09-17 02:21:06,764 - DEBUG - Already followed user: donaldmorry. Skipping.
2026-09-17 02:21:06,765 - DEBUG - Already followed user: EimanTahir027. Skipping.
2026-09-17 02:21:06,765 - DEBUG - Already followed user: oga35767-eng. Skipping.
2026-09-17 02:21:06,765 - DEBUG - Already followed user: kyal102. Skipping.
2026-09-17 02:21:06,765 - DEBUG - Already followed user: Belucking. Skipping.
2026-09-17 02:21:06,765 - DEBUG - Already followed user: holilayet. Skipping.
2026-09-17 02:21:06,765 - DEBUG - Already followed user: ByteBunny777. Skipping.
2026-09-17 02:21:06,765 - DEBUG - Already followed user: AngelofDarknessm. Skipping.
2026-09-17 02:21:06,765 - DEBUG - Already followed user: Ella-horizon. Skipping.
2026-09-17 02:21:06,765 - DEBUG - Already followed user: hassenbrahim. Skipping.
2026-09-17 02:21:06,765 - DEBUG - Already followed user: alberto4442. Skipping.
2026-09-17 02:21:06,765 - DEBUG - Already followed user: ancaferro. Skipping.
2026-09-17 02:21:06,765 - DEBUG - Already followed user: ElmanCod110. Skipping.
2026-09-17 02:21:06,765 - DEBUG - Already followed user: raviwijerathna1. Skipping.
2026-09-17 02:21:06,765 - DEBUG - Already followed user: rafidahmed870. Skipping.
2026-09-17 02:21:06,765 - DEBUG - Already followed user: ClaerDev. Skipping.
2026-09-17 02:21:06,765 - DEBUG - Already followed user: TOPDEV99999. Skipping.
2026-09-17 02:21:06,765 - DEBUG - Already followed user: takahashikushina0223. Skipping.
2026-09-17 02:21:06,765 - DEBUG - Already followed user: cchongming. Skipping.
2026-09-17 02:21:06,765 - DEBUG - Already followed user: MahdiKordian. Skipping.
2026-09-17 02:21:06,765 - DEBUG - Already followed user: evvenoly. Skipping.
2026-09-17 02:21:06,765 - DEBUG - Already followed user: arvelquigley99. Skipping.
2026-09-17 02:21:06,765 - DEBUG - Already followed user: LenaBrooks. Skipping.
2026-09-17 02:21:06,979 - INFO - Rate Limit - Remaining: 5000, Reset at: 2026-09-17 03:21:06
2026-09-17 02:21:06,980 - INFO - Fetching followers from: https://api.github.com/users/aelmizeb/followers?per_page=100&page=6
2026-09-17 02:21:07,188 - DEBUG - Number of followers fetched: 0
2026-09-17 02:21:07,188 - INFO - No more followers to process. Exiting.
2026-09-17 02:21:07,189 - INFO - Follower counter updated: 1023
2026-09-17 02:21:07,189 - INFO - 
Following users from your follower list is done! Total followers fetched: 442, Total followers followed: 1023
2026-09-18 02:05:55,517 - INFO - Hi! I am GitHub Follower Bot.
2026-09-18 02:05:55,517 - INFO - Letting you follow all your followers!
2026-09-18 02:05:55,517 - INFO - Starting to fetch your follower lists...

2026-09-18 02:05:55,518 - INFO - Loaded 1023 already followed users.
2026-09-18 02:05:55,518 - INFO - Processing all followers without resume.
2026-09-18 02:05:55,518 - INFO - Starting from page: 1
2026-09-18 02:05:55,518 - INFO - Current follower counter: 1023
2026-09-18 02:05:55,721 - INFO - Rate Limit - Remaining: 5000, Reset at: 2026-09-18 03:05:55
2026-09-18 02:05:55,722 - INFO - Fetching followers from: https://api.github.com/users/aelmizeb/followers?per_page=100&page=1
2026-09-18 02:05:55,937 - DEBUG - Number of followers fetched: 100
2026-09-18 02:05:55,937 - INFO - Fetched 100 followers on page 1.
2026-09-18 02:05:55,937 - INFO - Sleeping for 5 seconds before following users.
2026-09-18 02:06:00,942 - DEBUG - Already followed user: levonk. Skipping.
2026-09-18 02:06:00,943 - DEBUG - Already followed user: peterruler. Skipping.
2026-09-18 02:06:00,943 - DEBUG - Already followed user: slavaGanzin. Skipping.
2026-09-18 02:06:00,943 - DEBUG - Already followed user: kenjinote. Skipping.
2026-09-18 02:06:00,943 - DEBUG - Already followed user: Spiritec7. Skipping.
2026-09-18 02:06:00,943 - DEBUG - Already followed user: sarkarshuvojit. Skipping.
2026-09-18 02:06:00,943 - DEBUG - Already followed user: unhappychoice. Skipping.
2026-09-18 02:06:00,943 - DEBUG - Already followed user: luckchain777. Skipping.
2026-09-18 02:06:00,943 - DEBUG - Already followed user: jorithanx. Skipping.
2026-09-18 02:06:00,943 - DEBUG - Already followed user: whiteplaine. Skipping.
2026-09-18 02:06:00,943 - DEBUG - Already followed user: gamemann. Skipping.
2026-09-18 02:06:00,943 - DEBUG - Already followed user: riseansmal. Skipping.
2026-09-18 02:06:00,943 - DEBUG - Already followed user: manman4. Skipping.
2026-09-18 02:06:00,943 - DEBUG - Already followed user: KylerCondran. Skipping.
2026-09-18 02:06:00,943 - DEBUG - Already followed user: ZhuChenn. Skipping.
2026-09-18 02:06:00,943 - DEBUG - Already followed user: Elbagoury. Skipping.
2026-09-18 02:06:00,943 - DEBUG - Already followed user: murapadev. Skipping.
2026-09-18 02:06:00,943 - DEBUG - Already followed user: tetref. Skipping.
2026-09-18 02:06:00,943 - DEBUG - Already followed user: Hantan1080. Skipping.
2026-09-18 02:06:00,943 - DEBUG - Already followed user: OliviaBennQ. Skipping.
2026-09-18 02:06:00,943 - DEBUG - Already followed user: budaivisita. Skipping.
2026-09-18 02:06:00,943 - DEBUG - Already followed user: ledgerhubteam. Skipping.
2026-09-18 02:06:00,943 - DEBUG - Already followed user: CelaDaniel. Skipping.
2026-09-18 02:06:00,943 - DEBUG - Already followed user: ThomasHWeb. Skipping.
2026-09-18 02:06:00,943 - DEBUG - Already followed user: paaak. Skipping.
2026-09-18 02:06:00,943 - DEBUG - Already followed user: hitman0290. Skipping.
2026-09-18 02:06:00,943 - DEBUG - Already followed user: jokeyhter. Skipping.
2026-09-18 02:06:00,943 - DEBUG - Already followed user: dbunt1tled. Skipping.
2026-09-18 02:06:00,943 - DEBUG - Already followed user: medmek. Skipping.
2026-09-18 02:06:00,943 - DEBUG - Already followed user: Hajjouz. Skipping.
2026-09-18 02:06:00,943 - DEBUG - Already followed user: IDouble. Skipping.
2026-09-18 02:06:00,943 - DEBUG - Already followed user: Jeesson. Skipping.
2026-09-18 02:06:00,943 - DEBUG - Already followed user: CatFortman. Skipping.
2026-09-18 02:06:00,944 - DEBUG - Already followed user: ZainJavaid. Skipping.
2026-09-18 02:06:00,944 - DEBUG - Already followed user: dioptx. Skipping.
2026-09-18 02:06:00,944 - DEBUG - Already followed user: DanHouseman. Skipping.
2026-09-18 02:06:00,944 - DEBUG - Already followed user: forgerondev. Skipping.
2026-09-18 02:06:00,944 - DEBUG - Already followed user: djvelimir. Skipping.
2026-09-18 02:06:00,944 - DEBUG - Already followed user: guevaraStian. Skipping.
2026-09-18 02:06:00,944 - DEBUG - Already followed user: cambot86. Skipping.
2026-09-18 02:06:00,944 - DEBUG - Already followed user: visualGravitySense. Skipping.
2026-09-18 02:06:00,944 - DEBUG - Already followed user: jelspace. Skipping.
2026-09-18 02:06:00,944 - DEBUG - Already followed user: Sanghyun-0h. Skipping.
2026-09-18 02:06:00,944 - DEBUG - Already followed user: dweatherston11. Skipping.
2026-09-18 02:06:00,944 - DEBUG - Already followed user: weiquan98. Skipping.
2026-09-18 02:06:00,944 - DEBUG - Already followed user: furendyna. Skipping.
2026-09-18 02:06:00,944 - DEBUG - Already followed user: KostasSliazas. Skipping.
2026-09-18 02:06:00,944 - DEBUG - Already followed user: hxreborn. Skipping.
2026-09-18 02:06:00,944 - DEBUG - Already followed user: hazexone. Skipping.
2026-09-18 02:06:00,944 - DEBUG - Already followed user: ardaltunel. Skipping.
2026-09-18 02:06:00,944 - DEBUG - Already followed user: domcomit. Skipping.
2026-09-18 02:06:00,944 - DEBUG - Already followed user: boomray. Skipping.
2026-09-18 02:06:00,944 - DEBUG - Already followed user: rob0pup. Skipping.
2026-09-18 02:06:00,944 - DEBUG - Already followed user: IshmamAbir. Skipping.
2026-09-18 02:06:00,944 - DEBUG - Already followed user: designAsign. Skipping.
2026-09-18 02:06:00,944 - DEBUG - Already followed user: ai-28. Skipping.
2026-09-18 02:06:00,944 - DEBUG - Already followed user: Connor9994. Skipping.
2026-09-18 02:06:00,944 - DEBUG - Already followed user: domx4q. Skipping.
2026-09-18 02:06:00,944 - DEBUG - Already followed user: Devify-Co. Skipping.
2026-09-18 02:06:00,944 - DEBUG - Already followed user: reckedcoder. Skipping.
2026-09-18 02:06:00,944 - DEBUG - Already followed user: jackciw. Skipping.
2026-09-18 02:06:00,944 - DEBUG - Already followed user: 4F71. Skipping.
2026-09-18 02:06:00,944 - DEBUG - Already followed user: standardgalactic. Skipping.
2026-09-18 02:06:00,944 - DEBUG - Already followed user: sandibrrm. Skipping.
2026-09-18 02:06:00,944 - DEBUG - Already followed user: MiladJoodi. Skipping.
2026-09-18 02:06:00,944 - DEBUG - Already followed user: AchrafReyani. Skipping.
2026-09-18 02:06:00,944 - DEBUG - Already followed user: jaderytm. Skipping.
2026-09-18 02:06:00,944 - DEBUG - Already followed user: nstrmx. Skipping.
2026-09-18 02:06:00,944 - DEBUG - Already followed user: RaccoonFacts. Skipping.
2026-09-18 02:06:00,944 - DEBUG - Already followed user: Kos-M. Skipping.
2026-09-18 02:06:00,944 - DEBUG - Already followed user: jfullstackdev. Skipping.
2026-09-18 02:06:00,945 - DEBUG - Already followed user: iVGeek. Skipping.
2026-09-18 02:06:00,945 - DEBUG - Already followed user: th3noryx. Skipping.
2026-09-18 02:06:00,945 - DEBUG - Already followed user: Unizuka22. Skipping.
2026-09-18 02:06:00,945 - DEBUG - Already followed user: vasilirigels. Skipping.
2026-09-18 02:06:00,945 - DEBUG - Already followed user: cristinagberta. Skipping.
2026-09-18 02:06:00,945 - DEBUG - Already followed user: alexanderbergerhd. Skipping.
2026-09-18 02:06:00,945 - DEBUG - Already followed user: mohammadnabia. Skipping.
2026-09-18 02:06:00,945 - DEBUG - Already followed user: itsbagsy. Skipping.
2026-09-18 02:06:00,945 - DEBUG - Already followed user: dmitryravilov. Skipping.
2026-09-18 02:06:00,945 - DEBUG - Already followed user: szenled. Skipping.
2026-09-18 02:06:00,945 - DEBUG - Already followed user: Mindlyss. Skipping.
2026-09-18 02:06:00,945 - DEBUG - Already followed user: cerenyilmazjinx. Skipping.
2026-09-18 02:06:00,945 - DEBUG - Already followed user: BEPb. Skipping.
2026-09-18 02:06:00,945 - DEBUG - Already followed user: galaxyb-dark. Skipping.
2026-09-18 02:06:00,945 - DEBUG - Already followed user: HafidIdrissi. Skipping.
2026-09-18 02:06:00,945 - DEBUG - Already followed user: oluiscabral. Skipping.
2026-09-18 02:06:00,945 - DEBUG - Already followed user: cryptoAur4x. Skipping.
2026-09-18 02:06:00,945 - DEBUG - Already followed user: emilycodestar. Skipping.
2026-09-18 02:06:00,945 - DEBUG - Already followed user: giewan. Skipping.
2026-09-18 02:06:00,945 - DEBUG - Already followed user: ivasik-k7. Skipping.
2026-09-18 02:06:00,945 - DEBUG - Already followed user: sakuyaloli. Skipping.
2026-09-18 02:06:00,945 - DEBUG - Already followed user: aantoooon. Skipping.
2026-09-18 02:06:00,945 - DEBUG - Already followed user: NeoZorK. Skipping.
2026-09-18 02:06:00,945 - DEBUG - Already followed user: albonidrizi. Skipping.
2026-09-18 02:06:00,945 - DEBUG - Already followed user: Arul1998. Skipping.
2026-09-18 02:06:00,945 - DEBUG - Already followed user: hajigur69. Skipping.
2026-09-18 02:06:00,945 - DEBUG - Already followed user: trajanOx. Skipping.
2026-09-18 02:06:00,945 - DEBUG - Already followed user: VictoriaCabirta. Skipping.
2026-09-18 02:06:00,945 - DEBUG - Already followed user: CHUNG-HAO. Skipping.
2026-09-18 02:06:01,163 - INFO - Rate Limit - Remaining: 5000, Reset at: 2026-09-18 03:06:01
2026-09-18 02:06:01,164 - INFO - Fetching followers from: https://api.github.com/users/aelmizeb/followers?per_page=100&page=2
2026-09-18 02:06:01,374 - DEBUG - Number of followers fetched: 100
2026-09-18 02:06:01,374 - INFO - Fetched 100 followers on page 2.
2026-09-18 02:06:01,375 - INFO - Sleeping for 5 seconds before following users.
2026-09-18 02:06:06,380 - DEBUG - Already followed user: loreius. Skipping.
2026-09-18 02:06:06,380 - DEBUG - Already followed user: Supremenottee. Skipping.
2026-09-18 02:06:06,380 - DEBUG - Already followed user: mainstar123. Skipping.
2026-09-18 02:06:06,380 - DEBUG - Already followed user: JohnMwendwa. Skipping.
2026-09-18 02:06:06,380 - DEBUG - Already followed user: Geek-Cheth. Skipping.
2026-09-18 02:06:06,380 - DEBUG - Already followed user: AhmadJeddi. Skipping.
2026-09-18 02:06:06,380 - DEBUG - Already followed user: OftenUser. Skipping.
2026-09-18 02:06:06,380 - DEBUG - Already followed user: mohammadhasanii. Skipping.
2026-09-18 02:06:06,380 - DEBUG - Already followed user: haochezh. Skipping.
2026-09-18 02:06:06,380 - DEBUG - Already followed user: mbitujames. Skipping.
2026-09-18 02:06:06,380 - DEBUG - Already followed user: Nisyalz01. Skipping.
2026-09-18 02:06:06,380 - DEBUG - Already followed user: MaitreyeeDhar. Skipping.
2026-09-18 02:06:06,380 - DEBUG - Already followed user: nelokusa. Skipping.
2026-09-18 02:06:06,380 - DEBUG - Already followed user: r97221004. Skipping.
2026-09-18 02:06:06,380 - DEBUG - Already followed user: Carrington-dev. Skipping.
2026-09-18 02:06:06,380 - DEBUG - Already followed user: pinhe91. Skipping.
2026-09-18 02:06:06,380 - DEBUG - Already followed user: minseochoj. Skipping.
2026-09-18 02:06:06,381 - DEBUG - Already followed user: thisalireza. Skipping.
2026-09-18 02:06:06,381 - DEBUG - Already followed user: BhuvanAde. Skipping.
2026-09-18 02:06:06,381 - DEBUG - Already followed user: KerollosMagdy. Skipping.
2026-09-18 02:06:06,381 - DEBUG - Already followed user: Jamkris. Skipping.
2026-09-18 02:06:06,381 - DEBUG - Already followed user: steph3nm. Skipping.
2026-09-18 02:06:06,381 - DEBUG - Already followed user: arch-yunus. Skipping.
2026-09-18 02:06:06,381 - DEBUG - Already followed user: Jailtonfonseca. Skipping.
2026-09-18 02:06:06,381 - DEBUG - Already followed user: lxRbckl. Skipping.
2026-09-18 02:06:06,381 - DEBUG - Already followed user: jamesgeodi. Skipping.
2026-09-18 02:06:06,381 - DEBUG - Already followed user: olienath. Skipping.
2026-09-18 02:06:06,381 - DEBUG - Already followed user: xrpcommunity. Skipping.
2026-09-18 02:06:06,381 - DEBUG - Already followed user: jolliesol. Skipping.
2026-09-18 02:06:06,381 - DEBUG - Already followed user: xnovaxdev. Skipping.
2026-09-18 02:06:06,381 - DEBUG - Already followed user: filzehoka. Skipping.
2026-09-18 02:06:06,381 - DEBUG - Already followed user: Wenyveo. Skipping.
2026-09-18 02:06:06,381 - DEBUG - Already followed user: nico-laqua. Skipping.
2026-09-18 02:06:06,381 - DEBUG - Already followed user: Hstkj23. Skipping.
2026-09-18 02:06:06,381 - DEBUG - Already followed user: emilybarru. Skipping.
2026-09-18 02:06:06,381 - DEBUG - Already followed user: NazmusSayad. Skipping.
2026-09-18 02:06:06,381 - DEBUG - Already followed user: Liuboshenko. Skipping.
2026-09-18 02:06:06,381 - DEBUG - Already followed user: lgomesappj. Skipping.
2026-09-18 02:06:06,381 - DEBUG - Already followed user: irenascent. Skipping.
2026-09-18 02:06:06,381 - DEBUG - Already followed user: Berserk-hub150. Skipping.
2026-09-18 02:06:06,381 - DEBUG - Already followed user: mariwatts. Skipping.
2026-09-18 02:06:06,381 - DEBUG - Already followed user: Davidevlops. Skipping.
2026-09-18 02:06:06,381 - DEBUG - Already followed user: ezozu. Skipping.
2026-09-18 02:06:06,381 - DEBUG - Already followed user: OHANA-WEB. Skipping.
2026-09-18 02:06:06,381 - DEBUG - Already followed user: BamdadTabari. Skipping.
2026-09-18 02:06:06,381 - DEBUG - Already followed user: vinamega. Skipping.
2026-09-18 02:06:06,381 - DEBUG - Already followed user: cgrundman. Skipping.
2026-09-18 02:06:06,381 - DEBUG - Already followed user: zkcryptweb. Skipping.
2026-09-18 02:06:06,381 - DEBUG - Already followed user: eldarlrd. Skipping.
2026-09-18 02:06:06,381 - DEBUG - Already followed user: bashichda. Skipping.
2026-09-18 02:06:06,381 - DEBUG - Already followed user: ludo53. Skipping.
2026-09-18 02:06:06,382 - DEBUG - Already followed user: heinodendal. Skipping.
2026-09-18 02:06:06,382 - DEBUG - Already followed user: linuxtusX5. Skipping.
2026-09-18 02:06:06,382 - DEBUG - Already followed user: CarAuto34. Skipping.
2026-09-18 02:06:06,382 - DEBUG - Already followed user: elifirinci. Skipping.
2026-09-18 02:06:06,382 - DEBUG - Already followed user: sabbir-noyon. Skipping.
2026-09-18 02:06:06,382 - DEBUG - Already followed user: Nima-Mollaei. Skipping.
2026-09-18 02:06:06,382 - DEBUG - Already followed user: apurva313. Skipping.
2026-09-18 02:06:06,382 - DEBUG - Already followed user: kyiroywops. Skipping.
2026-09-18 02:06:06,382 - DEBUG - Already followed user: m-bwela. Skipping.
2026-09-18 02:06:06,382 - DEBUG - Already followed user: NachoOFC. Skipping.
2026-09-18 02:06:06,382 - DEBUG - Already followed user: CrisLottz. Skipping.
2026-09-18 02:06:06,382 - DEBUG - Already followed user: MrMDrX. Skipping.
2026-09-18 02:06:06,382 - DEBUG - Already followed user: nimakian. Skipping.
2026-09-18 02:06:06,382 - INFO - Attempting to follow user: ettisafxrup
2026-09-18 02:06:06,791 - INFO - Successfully followed user: ettisafxrup
2026-09-18 02:06:06,793 - DEBUG - Appended user ettisafxrup to followers.txt.
2026-09-18 02:06:06,793 - INFO - Follower counter updated: 1024
2026-09-18 02:06:06,793 - INFO - Sleeping for 11.50 seconds before the next follow.
2026-09-18 02:06:18,307 - DEBUG - Already followed user: iamapuneet. Skipping.
2026-09-18 02:06:18,308 - DEBUG - Already followed user: iktiarnazib. Skipping.
2026-09-18 02:06:18,308 - DEBUG - Already followed user: Daxxtropezz. Skipping.
2026-09-18 02:06:18,308 - DEBUG - Already followed user: joaocarpim. Skipping.
2026-09-18 02:06:18,308 - DEBUG - Already followed user: 0xmurtimus. Skipping.
2026-09-18 02:06:18,308 - DEBUG - Already followed user: U1000000000000. Skipping.
2026-09-18 02:06:18,308 - DEBUG - Already followed user: shahriar0999. Skipping.
2026-09-18 02:06:18,308 - DEBUG - Already followed user: souvikrana17. Skipping.
2026-09-18 02:06:18,308 - DEBUG - Already followed user: AhmedDabish. Skipping.
2026-09-18 02:06:18,308 - DEBUG - Already followed user: DIMFLIX. Skipping.
2026-09-18 02:06:18,308 - DEBUG - Already followed user: 1526422010. Skipping.
2026-09-18 02:06:18,308 - DEBUG - Already followed user: EminHaziyev. Skipping.
2026-09-18 02:06:18,308 - DEBUG - Already followed user: VarshuAi. Skipping.
2026-09-18 02:06:18,308 - DEBUG - Already followed user: CelaFlori. Skipping.
2026-09-18 02:06:18,308 - DEBUG - Already followed user: 0xspryo. Skipping.
2026-09-18 02:06:18,308 - DEBUG - Already followed user: laurindoisaac. Skipping.
2026-09-18 02:06:18,308 - DEBUG - Already followed user: Motaman-M. Skipping.
2026-09-18 02:06:18,308 - DEBUG - Already followed user: Seif-01. Skipping.
2026-09-18 02:06:18,308 - DEBUG - Already followed user: motanelson. Skipping.
2026-09-18 02:06:18,308 - DEBUG - Already followed user: cepseu1. Skipping.
2026-09-18 02:06:18,308 - DEBUG - Already followed user: bolola777. Skipping.
2026-09-18 02:06:18,308 - DEBUG - Already followed user: vardan444. Skipping.
2026-09-18 02:06:18,308 - DEBUG - Already followed user: rahuloraj. Skipping.
2026-09-18 02:06:18,308 - DEBUG - Already followed user: knmlabs. Skipping.
2026-09-18 02:06:18,308 - DEBUG - Already followed user: Mubashir12392. Skipping.
2026-09-18 02:06:18,308 - DEBUG - Already followed user: jeallz. Skipping.
2026-09-18 02:06:18,309 - DEBUG - Already followed user: ArmandSegall. Skipping.
2026-09-18 02:06:18,309 - DEBUG - Already followed user: reignsi. Skipping.
2026-09-18 02:06:18,309 - DEBUG - Already followed user: christosantono. Skipping.
2026-09-18 02:06:18,309 - DEBUG - Already followed user: Nai64. Skipping.
2026-09-18 02:06:18,309 - DEBUG - Already followed user: K1rsN7. Skipping.
2026-09-18 02:06:18,309 - DEBUG - Already followed user: MatthewMacri. Skipping.
2026-09-18 02:06:18,309 - DEBUG - Already followed user: whitakeroliver. Skipping.
2026-09-18 02:06:18,309 - DEBUG - Already followed user: S4IL21. Skipping.
2026-09-18 02:06:18,309 - DEBUG - Already followed user: filipzekovich. Skipping.
2026-09-18 02:06:18,547 - INFO - Rate Limit - Remaining: 5000, Reset at: 2026-09-18 03:06:18
2026-09-18 02:06:18,548 - INFO - Fetching followers from: https://api.github.com/users/aelmizeb/followers?per_page=100&page=3
2026-09-18 02:06:18,758 - DEBUG - Number of followers fetched: 100
2026-09-18 02:06:18,758 - INFO - Fetched 100 followers on page 3.
2026-09-18 02:06:18,758 - INFO - Sleeping for 5 seconds before following users.
2026-09-18 02:06:23,763 - DEBUG - Already followed user: RafalW3bCraft. Skipping.
2026-09-18 02:06:23,764 - DEBUG - Already followed user: 7007259Ankur. Skipping.
2026-09-18 02:06:23,764 - DEBUG - Already followed user: amurrayeqc. Skipping.
2026-09-18 02:06:23,764 - DEBUG - Already followed user: Willysc10. Skipping.
2026-09-18 02:06:23,764 - DEBUG - Already followed user: rasidi3112. Skipping.
2026-09-18 02:06:23,764 - DEBUG - Already followed user: otaviossousa. Skipping.
2026-09-18 02:06:23,764 - DEBUG - Already followed user: taahabz. Skipping.
2026-09-18 02:06:23,764 - DEBUG - Already followed user: topdigitalplus. Skipping.
2026-09-18 02:06:23,764 - DEBUG - Already followed user: lilbodo123. Skipping.
2026-09-18 02:06:23,764 - DEBUG - Already followed user: super-phantom91. Skipping.
2026-09-18 02:06:23,764 - DEBUG - Already followed user: hyper-ayoub. Skipping.
2026-09-18 02:06:23,764 - DEBUG - Already followed user: DrParthaMajumder. Skipping.
2026-09-18 02:06:23,764 - DEBUG - Already followed user: sunjoe508. Skipping.
2026-09-18 02:06:23,764 - DEBUG - Already followed user: HalfFriedPotato. Skipping.
2026-09-18 02:06:23,764 - DEBUG - Already followed user: IamDevDan. Skipping.
2026-09-18 02:06:23,764 - DEBUG - Already followed user: engrshuvodas. Skipping.
2026-09-18 02:06:23,764 - DEBUG - Already followed user: Fellipemarcal. Skipping.
2026-09-18 02:06:23,764 - DEBUG - Already followed user: potentialdev-web. Skipping.
2026-09-18 02:06:23,764 - DEBUG - Already followed user: Laqrabti. Skipping.
2026-09-18 02:06:23,764 - DEBUG - Already followed user: masonliiu. Skipping.
2026-09-18 02:06:23,764 - DEBUG - Already followed user: deadlyandro. Skipping.
2026-09-18 02:06:23,764 - DEBUG - Already followed user: AhmadTigress. Skipping.
2026-09-18 02:06:23,764 - DEBUG - Already followed user: Maher-Elmair. Skipping.
2026-09-18 02:06:23,764 - DEBUG - Already followed user: harutosati. Skipping.
2026-09-18 02:06:23,764 - DEBUG - Already followed user: B2Kumar03. Skipping.
2026-09-18 02:06:23,764 - DEBUG - Already followed user: AbdulRehman393. Skipping.
2026-09-18 02:06:23,764 - DEBUG - Already followed user: vijayshikhare. Skipping.
2026-09-18 02:06:23,764 - DEBUG - Already followed user: nuraisi. Skipping.
2026-09-18 02:06:23,764 - DEBUG - Already followed user: aertsimon90. Skipping.
2026-09-18 02:06:23,764 - DEBUG - Already followed user: Bifenzine. Skipping.
2026-09-18 02:06:23,764 - DEBUG - Already followed user: Chainsmoker23. Skipping.
2026-09-18 02:06:23,764 - DEBUG - Already followed user: 3nesdeniz. Skipping.
2026-09-18 02:06:23,765 - DEBUG - Already followed user: vegata099. Skipping.
2026-09-18 02:06:23,765 - DEBUG - Already followed user: marichu-kt. Skipping.
2026-09-18 02:06:23,765 - DEBUG - Already followed user: yutomiwana. Skipping.
2026-09-18 02:06:23,765 - DEBUG - Already followed user: gaqx. Skipping.
2026-09-18 02:06:23,765 - DEBUG - Already followed user: AnonimusShamshiAlex. Skipping.
2026-09-18 02:06:23,765 - DEBUG - Already followed user: goShell3. Skipping.
2026-09-18 02:06:23,765 - DEBUG - Already followed user: bencheayoub. Skipping.
2026-09-18 02:06:23,765 - DEBUG - Already followed user: juicetreacly. Skipping.
2026-09-18 02:06:23,765 - DEBUG - Already followed user: Babarali2k21. Skipping.
2026-09-18 02:06:23,765 - DEBUG - Already followed user: a-partovii. Skipping.
2026-09-18 02:06:23,765 - DEBUG - Already followed user: SalehAkramSifat. Skipping.
2026-09-18 02:06:23,765 - DEBUG - Already followed user: mengnankkkk. Skipping.
2026-09-18 02:06:23,765 - DEBUG - Already followed user: lec320fd90d. Skipping.
2026-09-18 02:06:23,765 - DEBUG - Already followed user: nahladzulula. Skipping.
2026-09-18 02:06:23,765 - DEBUG - Already followed user: AImaniadev. Skipping.
2026-09-18 02:06:23,765 - DEBUG - Already followed user: LakhiniVoshadee. Skipping.
2026-09-18 02:06:23,765 - DEBUG - Already followed user: cfrBernard. Skipping.
2026-09-18 02:06:23,765 - DEBUG - Already followed user: rexblade58. Skipping.
2026-09-18 02:06:23,765 - DEBUG - Already followed user: amad3i. Skipping.
2026-09-18 02:06:23,765 - DEBUG - Already followed user: Arison99. Skipping.
2026-09-18 02:06:23,765 - DEBUG - Already followed user: abdulrhmansalama. Skipping.
2026-09-18 02:06:23,765 - DEBUG - Already followed user: AbSomeone. Skipping.
2026-09-18 02:06:23,765 - DEBUG - Already followed user: nam-htran. Skipping.
2026-09-18 02:06:23,765 - DEBUG - Already followed user: GitHub7667. Skipping.
2026-09-18 02:06:23,765 - DEBUG - Already followed user: Gabrieliam42. Skipping.
2026-09-18 02:06:23,765 - DEBUG - Already followed user: DevNinja08. Skipping.
2026-09-18 02:06:23,765 - DEBUG - Already followed user: dovvnloading. Skipping.
2026-09-18 02:06:23,765 - DEBUG - Already followed user: Ali-hey-0. Skipping.
2026-09-18 02:06:23,765 - DEBUG - Already followed user: talrejasahil4994. Skipping.
2026-09-18 02:06:23,765 - DEBUG - Already followed user: hellen-ansah. Skipping.
2026-09-18 02:06:23,765 - DEBUG - Already followed user: kiranShamsHere. Skipping.
2026-09-18 02:06:23,765 - DEBUG - Already followed user: Iankulani. Skipping.
2026-09-18 02:06:23,765 - DEBUG - Already followed user: VIDAKHOSHPEY22. Skipping.
2026-09-18 02:06:23,765 - DEBUG - Already followed user: BhagwaniVishi. Skipping.
2026-09-18 02:06:23,766 - DEBUG - Already followed user: aridepai17. Skipping.
2026-09-18 02:06:23,766 - DEBUG - Already followed user: 0Darkn. Skipping.
2026-09-18 02:06:23,766 - DEBUG - Already followed user: ShRP69. Skipping.
2026-09-18 02:06:23,766 - DEBUG - Already followed user: KayanShah. Skipping.
2026-09-18 02:06:23,766 - DEBUG - Already followed user: iousuz. Skipping.
2026-09-18 02:06:23,766 - DEBUG - Already followed user: Alikaka079. Skipping.
2026-09-18 02:06:23,766 - DEBUG - Already followed user: Md-Mubin. Skipping.
2026-09-18 02:06:23,766 - DEBUG - Already followed user: lxl0825. Skipping.
2026-09-18 02:06:23,766 - INFO - Attempting to follow user: andrewsavio
2026-09-18 02:06:24,178 - INFO - Successfully followed user: andrewsavio
2026-09-18 02:06:24,179 - DEBUG - Appended user andrewsavio to followers.txt.
2026-09-18 02:06:24,179 - INFO - Follower counter updated: 1025
2026-09-18 02:06:24,179 - INFO - Sleeping for 11.44 seconds before the next follow.
2026-09-18 02:06:35,626 - DEBUG - Already followed user: abressiddique. Skipping.
2026-09-18 02:06:35,626 - DEBUG - Already followed user: 0xAdafang. Skipping.
2026-09-18 02:06:35,626 - DEBUG - Already followed user: jkdevcode. Skipping.
2026-09-18 02:06:35,626 - DEBUG - Already followed user: JawherKl. Skipping.
2026-09-18 02:06:35,627 - DEBUG - Already followed user: pwnedroot. Skipping.
2026-09-18 02:06:35,627 - DEBUG - Already followed user: DaviBaum. Skipping.
2026-09-18 02:06:35,627 - DEBUG - Already followed user: Nour-yahyaoui. Skipping.
2026-09-18 02:06:35,627 - DEBUG - Already followed user: thornebaker. Skipping.
2026-09-18 02:06:35,627 - DEBUG - Already followed user: rioryugen. Skipping.
2026-09-18 02:06:35,627 - DEBUG - Already followed user: nikhilpatidar01. Skipping.
2026-09-18 02:06:35,627 - DEBUG - Already followed user: codeXdanyal. Skipping.
2026-09-18 02:06:35,627 - DEBUG - Already followed user: gambling-addict. Skipping.
2026-09-18 02:06:35,627 - DEBUG - Already followed user: novagad. Skipping.
2026-09-18 02:06:35,627 - DEBUG - Already followed user: chojuninengu. Skipping.
2026-09-18 02:06:35,627 - DEBUG - Already followed user: JOELNATHAN544. Skipping.
2026-09-18 02:06:35,627 - DEBUG - Already followed user: Senthil455. Skipping.
2026-09-18 02:06:35,627 - DEBUG - Already followed user: pouryaPKGit. Skipping.
2026-09-18 02:06:35,627 - DEBUG - Already followed user: mwakidenis. Skipping.
2026-09-18 02:06:35,627 - DEBUG - Already followed user: daniel149afonso. Skipping.
2026-09-18 02:06:35,627 - DEBUG - Already followed user: MatheusRuivo365. Skipping.
2026-09-18 02:06:35,627 - DEBUG - Already followed user: grimwaIker. Skipping.
2026-09-18 02:06:35,627 - DEBUG - Already followed user: vsrupeshkumar. Skipping.
2026-09-18 02:06:35,627 - DEBUG - Already followed user: landry-some. Skipping.
2026-09-18 02:06:35,627 - DEBUG - Already followed user: madhavgadge01. Skipping.
2026-09-18 02:06:35,627 - DEBUG - Already followed user: panyster. Skipping.
2026-09-18 02:06:35,852 - INFO - Rate Limit - Remaining: 5000, Reset at: 2026-09-18 03:06:35
2026-09-18 02:06:35,853 - INFO - Fetching followers from: https://api.github.com/users/aelmizeb/followers?per_page=100&page=4
2026-09-18 02:06:36,065 - DEBUG - Number of followers fetched: 100
2026-09-18 02:06:36,065 - INFO - Fetched 100 followers on page 4.
2026-09-18 02:06:36,065 - INFO - Sleeping for 5 seconds before following users.
2026-09-18 02:06:41,070 - DEBUG - Already followed user: MdShawonForazi. Skipping.
2026-09-18 02:06:41,070 - DEBUG - Already followed user: Muhammad-qureshi1. Skipping.
2026-09-18 02:06:41,070 - DEBUG - Already followed user: destroy-boys. Skipping.
2026-09-18 02:06:41,071 - DEBUG - Already followed user: byxbe. Skipping.
2026-09-18 02:06:41,071 - DEBUG - Already followed user: vimal0156. Skipping.
2026-09-18 02:06:41,071 - DEBUG - Already followed user: syedbilalalam1. Skipping.
2026-09-18 02:06:41,071 - DEBUG - Already followed user: COUNTRY-HUMANS. Skipping.
2026-09-18 02:06:41,071 - DEBUG - Already followed user: Ayokanmi-Adejola. Skipping.
2026-09-18 02:06:41,071 - DEBUG - Already followed user: irenerodriguezrod. Skipping.
2026-09-18 02:06:41,071 - DEBUG - Already followed user: ngsnethawarya. Skipping.
2026-09-18 02:06:41,071 - DEBUG - Already followed user: mahimarawat0707. Skipping.
2026-09-18 02:06:41,071 - DEBUG - Already followed user: MuratKomurcu1. Skipping.
2026-09-18 02:06:41,071 - DEBUG - Already followed user: DARKANGEL689. Skipping.
2026-09-18 02:06:41,071 - DEBUG - Already followed user: buildcompanytogether. Skipping.
2026-09-18 02:06:41,071 - DEBUG - Already followed user: techspire0924. Skipping.
2026-09-18 02:06:41,071 - DEBUG - Already followed user: TechLeon001. Skipping.
2026-09-18 02:06:41,071 - DEBUG - Already followed user: Obraims. Skipping.
2026-09-18 02:06:41,071 - DEBUG - Already followed user: HeavenlyDesires. Skipping.
2026-09-18 02:06:41,071 - DEBUG - Already followed user: sonle-dev. Skipping.
2026-09-18 02:06:41,071 - DEBUG - Already followed user: yonana-sahile. Skipping.
2026-09-18 02:06:41,071 - DEBUG - Already followed user: howls-moving-castle. Skipping.
2026-09-18 02:06:41,071 - DEBUG - Already followed user: lovehiccup. Skipping.
2026-09-18 02:06:41,071 - DEBUG - Already followed user: techEdge3030. Skipping.
2026-09-18 02:06:41,071 - DEBUG - Already followed user: webxos. Skipping.
2026-09-18 02:06:41,071 - DEBUG - Already followed user: developernayeemx. Skipping.
2026-09-18 02:06:41,071 - DEBUG - Already followed user: drydenmitchell. Skipping.
2026-09-18 02:06:41,071 - DEBUG - Already followed user: eatsky1006. Skipping.
2026-09-18 02:06:41,071 - DEBUG - Already followed user: frangelbarrera. Skipping.
2026-09-18 02:06:41,071 - DEBUG - Already followed user: 156afl. Skipping.
2026-09-18 02:06:41,071 - DEBUG - Already followed user: guten-tag-100. Skipping.
2026-09-18 02:06:41,071 - DEBUG - Already followed user: retrobullseye. Skipping.
2026-09-18 02:06:41,071 - DEBUG - Already followed user: nelbeu. Skipping.
2026-09-18 02:06:41,071 - DEBUG - Already followed user: ZPIIDR. Skipping.
2026-09-18 02:06:41,072 - DEBUG - Already followed user: floriant3. Skipping.
2026-09-18 02:06:41,072 - DEBUG - Already followed user: amazing-soft-dev. Skipping.
2026-09-18 02:06:41,072 - DEBUG - Already followed user: Quoriss. Skipping.
2026-09-18 02:06:41,072 - DEBUG - Already followed user: xcontcom. Skipping.
2026-09-18 02:06:41,072 - DEBUG - Already followed user: SparkNews00000. Skipping.
2026-09-18 02:06:41,072 - DEBUG - Already followed user: Lyne6666. Skipping.
2026-09-18 02:06:41,072 - DEBUG - Already followed user: nafiul-afk. Skipping.
2026-09-18 02:06:41,072 - DEBUG - Already followed user: ShiningRocket. Skipping.
2026-09-18 02:06:41,072 - DEBUG - Already followed user: Noori-Senior. Skipping.
2026-09-18 02:06:41,072 - DEBUG - Already followed user: AnjaliPatel301. Skipping.
2026-09-18 02:06:41,072 - DEBUG - Already followed user: Dev-Mania1988. Skipping.
2026-09-18 02:06:41,072 - DEBUG - Already followed user: BOYABOY999. Skipping.
2026-09-18 02:06:41,072 - DEBUG - Already followed user: NOUHABL. Skipping.
2026-09-18 02:06:41,072 - DEBUG - Already followed user: RamaAditya49. Skipping.
2026-09-18 02:06:41,072 - DEBUG - Already followed user: Seo-yeonLee. Skipping.
2026-09-18 02:06:41,072 - DEBUG - Already followed user: ChungusLord123. Skipping.
2026-09-18 02:06:41,072 - DEBUG - Already followed user: mohamadeydipour. Skipping.
2026-09-18 02:06:41,072 - DEBUG - Already followed user: constellation-infinity. Skipping.
2026-09-18 02:06:41,072 - DEBUG - Already followed user: rosem-coder. Skipping.
2026-09-18 02:06:41,072 - DEBUG - Already followed user: XO-Roham. Skipping.
2026-09-18 02:06:41,072 - DEBUG - Already followed user: kerryjanes. Skipping.
2026-09-18 02:06:41,072 - DEBUG - Already followed user: acid4you. Skipping.
2026-09-18 02:06:41,072 - DEBUG - Already followed user: hyuntayo. Skipping.
2026-09-18 02:06:41,072 - DEBUG - Already followed user: wetmet. Skipping.
2026-09-18 02:06:41,072 - DEBUG - Already followed user: sezindartar. Skipping.
2026-09-18 02:06:41,072 - DEBUG - Already followed user: arielshakaramiro. Skipping.
2026-09-18 02:06:41,072 - DEBUG - Already followed user: NovaNoodle7. Skipping.
2026-09-18 02:06:41,072 - DEBUG - Already followed user: annaveth. Skipping.
2026-09-18 02:06:41,072 - DEBUG - Already followed user: rexxdeev. Skipping.
2026-09-18 02:06:41,072 - DEBUG - Already followed user: cosmospice. Skipping.
2026-09-18 02:06:41,072 - DEBUG - Already followed user: lrepo52. Skipping.
2026-09-18 02:06:41,072 - DEBUG - Already followed user: uhsr. Skipping.
2026-09-18 02:06:41,072 - DEBUG - Already followed user: REIJISAKAMAKI. Skipping.
2026-09-18 02:06:41,072 - DEBUG - Already followed user: shivam01112. Skipping.
2026-09-18 02:06:41,072 - DEBUG - Already followed user: devnavodhimsara. Skipping.
2026-09-18 02:06:41,072 - DEBUG - Already followed user: muichirox. Skipping.
2026-09-18 02:06:41,072 - DEBUG - Already followed user: thehappydictator. Skipping.
2026-09-18 02:06:41,073 - DEBUG - Already followed user: JohnAxel04. Skipping.
2026-09-18 02:06:41,073 - DEBUG - Already followed user: laigit-dot. Skipping.
2026-09-18 02:06:41,073 - DEBUG - Already followed user: 1minds3t. Skipping.
2026-09-18 02:06:41,073 - DEBUG - Already followed user: 2nixx. Skipping.
2026-09-18 02:06:41,073 - DEBUG - Already followed user: Jones-6199. Skipping.
2026-09-18 02:06:41,073 - DEBUG - Already followed user: matchingduo. Skipping.
2026-09-18 02:06:41,073 - DEBUG - Already followed user: Mistrust12. Skipping.
2026-09-18 02:06:41,073 - DEBUG - Already followed user: runner28-code. Skipping.
2026-09-18 02:06:41,073 - DEBUG - Already followed user: kakaka-byte. Skipping.
2026-09-18 02:06:41,073 - DEBUG - Already followed user: alvrenkai. Skipping.
2026-09-18 02:06:41,073 - DEBUG - Already followed user: KabeloM13. Skipping.
2026-09-18 02:06:41,073 - DEBUG - Already followed user: HamiParsa. Skipping.
2026-09-18 02:06:41,073 - DEBUG - Already followed user: Lyche6666. Skipping.
2026-09-18 02:06:41,073 - DEBUG - Already followed user: sphinxzerd. Skipping.
2026-09-18 02:06:41,073 - DEBUG - Already followed user: siddhant3895. Skipping.
2026-09-18 02:06:41,073 - DEBUG - Already followed user: conexto. Skipping.
2026-09-18 02:06:41,073 - DEBUG - Already followed user: nikecodedev. Skipping.
2026-09-18 02:06:41,073 - DEBUG - Already followed user: anshull-rajput. Skipping.
2026-09-18 02:06:41,073 - DEBUG - Already followed user: ExCoder999. Skipping.
2026-09-18 02:06:41,073 - DEBUG - Already followed user: nykoco. Skipping.
2026-09-18 02:06:41,073 - DEBUG - Already followed user: zombietfk. Skipping.
2026-09-18 02:06:41,073 - DEBUG - Already followed user: Ashkan-P88. Skipping.
2026-09-18 02:06:41,073 - DEBUG - Already followed user: nexthireconnect. Skipping.
2026-09-18 02:06:41,073 - DEBUG - Already followed user: cyanile. Skipping.
2026-09-18 02:06:41,073 - DEBUG - Already followed user: REVOLV1NG. Skipping.
2026-09-18 02:06:41,073 - DEBUG - Already followed user: kakashl-hatake. Skipping.
2026-09-18 02:06:41,073 - INFO - Attempting to follow user: falcon0709
2026-09-18 02:06:41,384 - INFO - Successfully followed user: falcon0709
2026-09-18 02:06:41,385 - DEBUG - Appended user falcon0709 to followers.txt.
2026-09-18 02:06:41,386 - INFO - Follower counter updated: 1026
2026-09-18 02:06:41,386 - INFO - Sleeping for 14.03 seconds before the next follow.
2026-09-18 02:06:55,426 - DEBUG - Already followed user: martycorn. Skipping.
2026-09-18 02:06:55,426 - DEBUG - Already followed user: HysteriaWEB3. Skipping.
2026-09-18 02:06:55,426 - DEBUG - Already followed user: joebtceth. Skipping.
2026-09-18 02:06:55,609 - INFO - Rate Limit - Remaining: 5000, Reset at: 2026-09-18 03:06:55
2026-09-18 02:06:55,610 - INFO - Fetching followers from: https://api.github.com/users/aelmizeb/followers?per_page=100&page=5
2026-09-18 02:06:55,798 - DEBUG - Number of followers fetched: 48
2026-09-18 02:06:55,798 - INFO - Fetched 48 followers on page 5.
2026-09-18 02:06:55,798 - INFO - Sleeping for 5 seconds before following users.
2026-09-18 02:07:00,803 - DEBUG - Already followed user: jojoamanie. Skipping.
2026-09-18 02:07:00,804 - DEBUG - Already followed user: HussainAli-Ds. Skipping.
2026-09-18 02:07:00,804 - DEBUG - Already followed user: MohibAhmadButt. Skipping.
2026-09-18 02:07:00,804 - DEBUG - Already followed user: 9Michael-Cooley. Skipping.
2026-09-18 02:07:00,804 - DEBUG - Already followed user: nargestohidloo. Skipping.
2026-09-18 02:07:00,804 - DEBUG - Already followed user: tawdesangeeta1973-coder. Skipping.
2026-09-18 02:07:00,804 - DEBUG - Already followed user: hwg-p. Skipping.
2026-09-18 02:07:00,804 - DEBUG - Already followed user: BERDLYY. Skipping.
2026-09-18 02:07:00,804 - DEBUG - Already followed user: chenE5M2. Skipping.
2026-09-18 02:07:00,804 - DEBUG - Already followed user: IvanDevMars. Skipping.
2026-09-18 02:07:00,804 - DEBUG - Already followed user: El-Tousy. Skipping.
2026-09-18 02:07:00,804 - DEBUG - Already followed user: art-in-alizade. Skipping.
2026-09-18 02:07:00,804 - DEBUG - Already followed user: josejairobaltazargallegos-afk. Skipping.
2026-09-18 02:07:00,804 - DEBUG - Already followed user: illusive7ai. Skipping.
2026-09-18 02:07:00,804 - DEBUG - Already followed user: prickcests. Skipping.
2026-09-18 02:07:00,804 - DEBUG - Already followed user: vibecodinguy. Skipping.
2026-09-18 02:07:00,804 - DEBUG - Already followed user: WElRD0. Skipping.
2026-09-18 02:07:00,804 - DEBUG - Already followed user: saravananbass12-tech. Skipping.
2026-09-18 02:07:00,804 - DEBUG - Already followed user: sugarburn. Skipping.
2026-09-18 02:07:00,804 - DEBUG - Already followed user: Espotmx. Skipping.
2026-09-18 02:07:00,804 - DEBUG - Already followed user: MJ-ulia. Skipping.
2026-09-18 02:07:00,804 - DEBUG - Already followed user: B1LLIEJ0E. Skipping.
2026-09-18 02:07:00,804 - DEBUG - Already followed user: donaldmorry. Skipping.
2026-09-18 02:07:00,804 - DEBUG - Already followed user: EimanTahir027. Skipping.
2026-09-18 02:07:00,804 - DEBUG - Already followed user: oga35767-eng. Skipping.
2026-09-18 02:07:00,805 - DEBUG - Already followed user: kyal102. Skipping.
2026-09-18 02:07:00,805 - DEBUG - Already followed user: Belucking. Skipping.
2026-09-18 02:07:00,805 - DEBUG - Already followed user: holilayet. Skipping.
2026-09-18 02:07:00,805 - DEBUG - Already followed user: ByteBunny777. Skipping.
2026-09-18 02:07:00,805 - DEBUG - Already followed user: AngelofDarknessm. Skipping.
2026-09-18 02:07:00,805 - DEBUG - Already followed user: Ella-horizon. Skipping.
2026-09-18 02:07:00,805 - DEBUG - Already followed user: hassenbrahim. Skipping.
2026-09-18 02:07:00,805 - DEBUG - Already followed user: alberto4442. Skipping.
2026-09-18 02:07:00,805 - DEBUG - Already followed user: ancaferro. Skipping.
2026-09-18 02:07:00,805 - DEBUG - Already followed user: ElmanCod110. Skipping.
2026-09-18 02:07:00,805 - INFO - Attempting to follow user: itstonywhite
2026-09-18 02:07:01,206 - INFO - Successfully followed user: itstonywhite
2026-09-18 02:07:01,208 - DEBUG - Appended user itstonywhite to followers.txt.
2026-09-18 02:07:01,208 - INFO - Follower counter updated: 1027
2026-09-18 02:07:01,208 - INFO - Sleeping for 13.52 seconds before the next follow.
2026-09-18 02:07:14,746 - DEBUG - Already followed user: raviwijerathna1. Skipping.
2026-09-18 02:07:14,746 - DEBUG - Already followed user: rafidahmed870. Skipping.
2026-09-18 02:07:14,746 - INFO - Attempting to follow user: neaflow
2026-09-18 02:07:15,021 - INFO - Successfully followed user: neaflow
2026-09-18 02:07:15,022 - DEBUG - Appended user neaflow to followers.txt.
2026-09-18 02:07:15,022 - INFO - Follower counter updated: 1028
2026-09-18 02:07:15,022 - INFO - Sleeping for 12.73 seconds before the next follow.
2026-09-18 02:07:27,769 - DEBUG - Already followed user: ClaerDev. Skipping.
2026-09-18 02:07:27,769 - DEBUG - Already followed user: TOPDEV99999. Skipping.
2026-09-18 02:07:27,769 - DEBUG - Already followed user: takahashikushina0223. Skipping.
2026-09-18 02:07:27,769 - INFO - Attempting to follow user: shinobi-coder701
2026-09-18 02:07:28,027 - INFO - Successfully followed user: shinobi-coder701
2026-09-18 02:07:28,028 - DEBUG - Appended user shinobi-coder701 to followers.txt.
2026-09-18 02:07:28,029 - INFO - Follower counter updated: 1029
2026-09-18 02:07:28,029 - INFO - Sleeping for 12.00 seconds before the next follow.
2026-09-18 02:07:40,041 - DEBUG - Already followed user: cchongming. Skipping.
2026-09-18 02:07:40,041 - DEBUG - Already followed user: MahdiKordian. Skipping.
2026-09-18 02:07:40,041 - DEBUG - Already followed user: evvenoly. Skipping.
2026-09-18 02:07:40,041 - DEBUG - Already followed user: arvelquigley99. Skipping.
2026-09-18 02:07:40,041 - DEBUG - Already followed user: LenaBrooks. Skipping.
2026-09-18 02:07:40,239 - INFO - Rate Limit - Remaining: 5000, Reset at: 2026-09-18 03:07:40
2026-09-18 02:07:40,240 - INFO - Fetching followers from: https://api.github.com/users/aelmizeb/followers?per_page=100&page=6
2026-09-18 02:07:40,440 - DEBUG - Number of followers fetched: 0
2026-09-18 02:07:40,440 - INFO - No more followers to process. Exiting.
2026-09-18 02:07:40,440 - INFO - Follower counter updated: 1029
2026-09-18 02:07:40,440 - INFO - 
Following users from your follower list is done! Total followers fetched: 448, Total followers followed: 1029
2026-09-19 02:10:05,722 - INFO - Hi! I am GitHub Follower Bot.
2026-09-19 02:10:05,722 - INFO - Letting you follow all your followers!
2026-09-19 02:10:05,722 - INFO - Starting to fetch your follower lists...

2026-09-19 02:10:05,722 - INFO - Loaded 1029 already followed users.
2026-09-19 02:10:05,723 - INFO - Processing all followers without resume.
2026-09-19 02:10:05,723 - INFO - Starting from page: 1
2026-09-19 02:10:05,723 - INFO - Current follower counter: 1029
2026-09-19 02:10:06,009 - INFO - Rate Limit - Remaining: 5000, Reset at: 2026-09-19 03:10:05
2026-09-19 02:10:06,009 - INFO - Fetching followers from: https://api.github.com/users/aelmizeb/followers?per_page=100&page=1
2026-09-19 02:10:06,285 - DEBUG - Number of followers fetched: 100
2026-09-19 02:10:06,285 - INFO - Fetched 100 followers on page 1.
2026-09-19 02:10:06,285 - INFO - Sleeping for 5 seconds before following users.
2026-09-19 02:10:11,291 - DEBUG - Already followed user: levonk. Skipping.
2026-09-19 02:10:11,291 - DEBUG - Already followed user: peterruler. Skipping.
2026-09-19 02:10:11,291 - DEBUG - Already followed user: slavaGanzin. Skipping.
2026-09-19 02:10:11,291 - DEBUG - Already followed user: kenjinote. Skipping.
2026-09-19 02:10:11,291 - DEBUG - Already followed user: Spiritec7. Skipping.
2026-09-19 02:10:11,291 - DEBUG - Already followed user: sarkarshuvojit. Skipping.
2026-09-19 02:10:11,291 - DEBUG - Already followed user: unhappychoice. Skipping.
2026-09-19 02:10:11,291 - DEBUG - Already followed user: luckchain777. Skipping.
2026-09-19 02:10:11,291 - DEBUG - Already followed user: jorithanx. Skipping.
2026-09-19 02:10:11,291 - DEBUG - Already followed user: whiteplaine. Skipping.
2026-09-19 02:10:11,291 - DEBUG - Already followed user: gamemann. Skipping.
2026-09-19 02:10:11,291 - DEBUG - Already followed user: riseansmal. Skipping.
2026-09-19 02:10:11,291 - DEBUG - Already followed user: manman4. Skipping.
2026-09-19 02:10:11,291 - DEBUG - Already followed user: KylerCondran. Skipping.
2026-09-19 02:10:11,291 - DEBUG - Already followed user: ZhuChenn. Skipping.
2026-09-19 02:10:11,291 - DEBUG - Already followed user: Elbagoury. Skipping.
2026-09-19 02:10:11,291 - DEBUG - Already followed user: murapadev. Skipping.
2026-09-19 02:10:11,291 - DEBUG - Already followed user: tetref. Skipping.
2026-09-19 02:10:11,291 - DEBUG - Already followed user: Hantan1080. Skipping.
2026-09-19 02:10:11,291 - DEBUG - Already followed user: OliviaBennQ. Skipping.
2026-09-19 02:10:11,291 - DEBUG - Already followed user: budaivisita. Skipping.
2026-09-19 02:10:11,291 - DEBUG - Already followed user: ledgerhubteam. Skipping.
2026-09-19 02:10:11,292 - DEBUG - Already followed user: CelaDaniel. Skipping.
2026-09-19 02:10:11,292 - DEBUG - Already followed user: ThomasHWeb. Skipping.
2026-09-19 02:10:11,292 - DEBUG - Already followed user: paaak. Skipping.
2026-09-19 02:10:11,292 - DEBUG - Already followed user: hitman0290. Skipping.
2026-09-19 02:10:11,292 - DEBUG - Already followed user: jokeyhter. Skipping.
2026-09-19 02:10:11,292 - DEBUG - Already followed user: dbunt1tled. Skipping.
2026-09-19 02:10:11,292 - DEBUG - Already followed user: medmek. Skipping.
2026-09-19 02:10:11,292 - DEBUG - Already followed user: Hajjouz. Skipping.
2026-09-19 02:10:11,292 - DEBUG - Already followed user: IDouble. Skipping.
2026-09-19 02:10:11,292 - DEBUG - Already followed user: Jeesson. Skipping.
2026-09-19 02:10:11,292 - DEBUG - Already followed user: CatFortman. Skipping.
2026-09-19 02:10:11,292 - DEBUG - Already followed user: ZainJavaid. Skipping.
2026-09-19 02:10:11,292 - DEBUG - Already followed user: dioptx. Skipping.
2026-09-19 02:10:11,292 - DEBUG - Already followed user: DanHouseman. Skipping.
2026-09-19 02:10:11,292 - DEBUG - Already followed user: forgerondev. Skipping.
2026-09-19 02:10:11,292 - DEBUG - Already followed user: djvelimir. Skipping.
2026-09-19 02:10:11,292 - DEBUG - Already followed user: guevaraStian. Skipping.
2026-09-19 02:10:11,292 - DEBUG - Already followed user: cambot86. Skipping.
2026-09-19 02:10:11,292 - DEBUG - Already followed user: visualGravitySense. Skipping.
2026-09-19 02:10:11,292 - INFO - Attempting to follow user: Elite588
2026-09-19 02:10:11,566 - INFO - Successfully followed user: Elite588
2026-09-19 02:10:11,567 - DEBUG - Appended user Elite588 to followers.txt.
2026-09-19 02:10:11,567 - INFO - Follower counter updated: 1030
2026-09-19 02:10:11,567 - INFO - Sleeping for 11.66 seconds before the next follow.
2026-09-19 02:10:23,236 - DEBUG - Already followed user: jelspace. Skipping.
2026-09-19 02:10:23,236 - DEBUG - Already followed user: Sanghyun-0h. Skipping.
2026-09-19 02:10:23,236 - DEBUG - Already followed user: dweatherston11. Skipping.
2026-09-19 02:10:23,236 - DEBUG - Already followed user: weiquan98. Skipping.
2026-09-19 02:10:23,236 - DEBUG - Already followed user: furendyna. Skipping.
2026-09-19 02:10:23,236 - DEBUG - Already followed user: KostasSliazas. Skipping.
2026-09-19 02:10:23,236 - DEBUG - Already followed user: hxreborn. Skipping.
2026-09-19 02:10:23,236 - DEBUG - Already followed user: hazexone. Skipping.
2026-09-19 02:10:23,236 - DEBUG - Already followed user: ardaltunel. Skipping.
2026-09-19 02:10:23,236 - DEBUG - Already followed user: domcomit. Skipping.
2026-09-19 02:10:23,236 - DEBUG - Already followed user: boomray. Skipping.
2026-09-19 02:10:23,236 - DEBUG - Already followed user: rob0pup. Skipping.
2026-09-19 02:10:23,236 - DEBUG - Already followed user: IshmamAbir. Skipping.
2026-09-19 02:10:23,236 - DEBUG - Already followed user: designAsign. Skipping.
2026-09-19 02:10:23,236 - DEBUG - Already followed user: ai-28. Skipping.
2026-09-19 02:10:23,236 - DEBUG - Already followed user: Connor9994. Skipping.
2026-09-19 02:10:23,236 - DEBUG - Already followed user: domx4q. Skipping.
2026-09-19 02:10:23,236 - DEBUG - Already followed user: Devify-Co. Skipping.
2026-09-19 02:10:23,236 - DEBUG - Already followed user: reckedcoder. Skipping.
2026-09-19 02:10:23,236 - DEBUG - Already followed user: jackciw. Skipping.
2026-09-19 02:10:23,236 - DEBUG - Already followed user: 4F71. Skipping.
2026-09-19 02:10:23,237 - DEBUG - Already followed user: standardgalactic. Skipping.
2026-09-19 02:10:23,237 - DEBUG - Already followed user: sandibrrm. Skipping.
2026-09-19 02:10:23,237 - DEBUG - Already followed user: MiladJoodi. Skipping.
2026-09-19 02:10:23,237 - DEBUG - Already followed user: AchrafReyani. Skipping.
2026-09-19 02:10:23,237 - DEBUG - Already followed user: jaderytm. Skipping.
2026-09-19 02:10:23,237 - DEBUG - Already followed user: nstrmx. Skipping.
2026-09-19 02:10:23,237 - DEBUG - Already followed user: RaccoonFacts. Skipping.
2026-09-19 02:10:23,237 - DEBUG - Already followed user: Kos-M. Skipping.
2026-09-19 02:10:23,237 - DEBUG - Already followed user: jfullstackdev. Skipping.
2026-09-19 02:10:23,237 - DEBUG - Already followed user: iVGeek. Skipping.
2026-09-19 02:10:23,237 - DEBUG - Already followed user: th3noryx. Skipping.
2026-09-19 02:10:23,237 - DEBUG - Already followed user: Unizuka22. Skipping.
2026-09-19 02:10:23,237 - DEBUG - Already followed user: vasilirigels. Skipping.
2026-09-19 02:10:23,237 - DEBUG - Already followed user: cristinagberta. Skipping.
2026-09-19 02:10:23,237 - DEBUG - Already followed user: alexanderbergerhd. Skipping.
2026-09-19 02:10:23,237 - DEBUG - Already followed user: mohammadnabia. Skipping.
2026-09-19 02:10:23,237 - DEBUG - Already followed user: itsbagsy. Skipping.
2026-09-19 02:10:23,237 - DEBUG - Already followed user: dmitryravilov. Skipping.
2026-09-19 02:10:23,237 - DEBUG - Already followed user: szenled. Skipping.
2026-09-19 02:10:23,237 - DEBUG - Already followed user: Mindlyss. Skipping.
2026-09-19 02:10:23,237 - DEBUG - Already followed user: cerenyilmazjinx. Skipping.
2026-09-19 02:10:23,237 - DEBUG - Already followed user: BEPb. Skipping.
2026-09-19 02:10:23,237 - DEBUG - Already followed user: galaxyb-dark. Skipping.
2026-09-19 02:10:23,237 - DEBUG - Already followed user: HafidIdrissi. Skipping.
2026-09-19 02:10:23,237 - DEBUG - Already followed user: oluiscabral. Skipping.
2026-09-19 02:10:23,237 - DEBUG - Already followed user: cryptoAur4x. Skipping.
2026-09-19 02:10:23,237 - DEBUG - Already followed user: emilycodestar. Skipping.
2026-09-19 02:10:23,237 - DEBUG - Already followed user: giewan. Skipping.
2026-09-19 02:10:23,237 - DEBUG - Already followed user: ivasik-k7. Skipping.
2026-09-19 02:10:23,237 - DEBUG - Already followed user: sakuyaloli. Skipping.
2026-09-19 02:10:23,237 - DEBUG - Already followed user: aantoooon. Skipping.
2026-09-19 02:10:23,237 - DEBUG - Already followed user: NeoZorK. Skipping.
2026-09-19 02:10:23,237 - DEBUG - Already followed user: albonidrizi. Skipping.
2026-09-19 02:10:23,237 - DEBUG - Already followed user: Arul1998. Skipping.
2026-09-19 02:10:23,238 - DEBUG - Already followed user: hajigur69. Skipping.
2026-09-19 02:10:23,238 - DEBUG - Already followed user: trajanOx. Skipping.
2026-09-19 02:10:23,238 - DEBUG - Already followed user: VictoriaCabirta. Skipping.
2026-09-19 02:10:23,499 - INFO - Rate Limit - Remaining: 5000, Reset at: 2026-09-19 03:10:23
2026-09-19 02:10:23,500 - INFO - Fetching followers from: https://api.github.com/users/aelmizeb/followers?per_page=100&page=2
2026-09-19 02:10:23,778 - DEBUG - Number of followers fetched: 100
2026-09-19 02:10:23,778 - INFO - Fetched 100 followers on page 2.
2026-09-19 02:10:23,778 - INFO - Sleeping for 5 seconds before following users.
2026-09-19 02:10:28,783 - DEBUG - Already followed user: CHUNG-HAO. Skipping.
2026-09-19 02:10:28,783 - DEBUG - Already followed user: loreius. Skipping.
2026-09-19 02:10:28,783 - DEBUG - Already followed user: Supremenottee. Skipping.
2026-09-19 02:10:28,783 - DEBUG - Already followed user: mainstar123. Skipping.
2026-09-19 02:10:28,783 - DEBUG - Already followed user: JohnMwendwa. Skipping.
2026-09-19 02:10:28,783 - DEBUG - Already followed user: Geek-Cheth. Skipping.
2026-09-19 02:10:28,783 - DEBUG - Already followed user: AhmadJeddi. Skipping.
2026-09-19 02:10:28,783 - DEBUG - Already followed user: OftenUser. Skipping.
2026-09-19 02:10:28,783 - DEBUG - Already followed user: mohammadhasanii. Skipping.
2026-09-19 02:10:28,784 - DEBUG - Already followed user: haochezh. Skipping.
2026-09-19 02:10:28,784 - DEBUG - Already followed user: mbitujames. Skipping.
2026-09-19 02:10:28,784 - DEBUG - Already followed user: Nisyalz01. Skipping.
2026-09-19 02:10:28,784 - DEBUG - Already followed user: MaitreyeeDhar. Skipping.
2026-09-19 02:10:28,784 - DEBUG - Already followed user: nelokusa. Skipping.
2026-09-19 02:10:28,784 - DEBUG - Already followed user: r97221004. Skipping.
2026-09-19 02:10:28,784 - DEBUG - Already followed user: Carrington-dev. Skipping.
2026-09-19 02:10:28,784 - DEBUG - Already followed user: pinhe91. Skipping.
2026-09-19 02:10:28,784 - DEBUG - Already followed user: minseochoj. Skipping.
2026-09-19 02:10:28,784 - DEBUG - Already followed user: thisalireza. Skipping.
2026-09-19 02:10:28,784 - DEBUG - Already followed user: BhuvanAde. Skipping.
2026-09-19 02:10:28,784 - DEBUG - Already followed user: KerollosMagdy. Skipping.
2026-09-19 02:10:28,784 - DEBUG - Already followed user: Jamkris. Skipping.
2026-09-19 02:10:28,784 - DEBUG - Already followed user: steph3nm. Skipping.
2026-09-19 02:10:28,784 - DEBUG - Already followed user: arch-yunus. Skipping.
2026-09-19 02:10:28,784 - DEBUG - Already followed user: Jailtonfonseca. Skipping.
2026-09-19 02:10:28,784 - DEBUG - Already followed user: lxRbckl. Skipping.
2026-09-19 02:10:28,784 - DEBUG - Already followed user: jamesgeodi. Skipping.
2026-09-19 02:10:28,784 - DEBUG - Already followed user: olienath. Skipping.
2026-09-19 02:10:28,784 - DEBUG - Already followed user: xrpcommunity. Skipping.
2026-09-19 02:10:28,784 - DEBUG - Already followed user: jolliesol. Skipping.
2026-09-19 02:10:28,784 - DEBUG - Already followed user: xnovaxdev. Skipping.
2026-09-19 02:10:28,784 - DEBUG - Already followed user: filzehoka. Skipping.
2026-09-19 02:10:28,784 - DEBUG - Already followed user: Wenyveo. Skipping.
2026-09-19 02:10:28,784 - DEBUG - Already followed user: nico-laqua. Skipping.
2026-09-19 02:10:28,784 - DEBUG - Already followed user: Hstkj23. Skipping.
2026-09-19 02:10:28,784 - DEBUG - Already followed user: emilybarru. Skipping.
2026-09-19 02:10:28,784 - DEBUG - Already followed user: NazmusSayad. Skipping.
2026-09-19 02:10:28,784 - DEBUG - Already followed user: Liuboshenko. Skipping.
2026-09-19 02:10:28,784 - DEBUG - Already followed user: lgomesappj. Skipping.
2026-09-19 02:10:28,784 - DEBUG - Already followed user: irenascent. Skipping.
2026-09-19 02:10:28,784 - DEBUG - Already followed user: Berserk-hub150. Skipping.
2026-09-19 02:10:28,784 - DEBUG - Already followed user: mariwatts. Skipping.
2026-09-19 02:10:28,784 - DEBUG - Already followed user: Davidevlops. Skipping.
2026-09-19 02:10:28,784 - DEBUG - Already followed user: ezozu. Skipping.
2026-09-19 02:10:28,784 - DEBUG - Already followed user: OHANA-WEB. Skipping.
2026-09-19 02:10:28,784 - DEBUG - Already followed user: BamdadTabari. Skipping.
2026-09-19 02:10:28,785 - DEBUG - Already followed user: vinamega. Skipping.
2026-09-19 02:10:28,785 - DEBUG - Already followed user: cgrundman. Skipping.
2026-09-19 02:10:28,785 - DEBUG - Already followed user: zkcryptweb. Skipping.
2026-09-19 02:10:28,785 - DEBUG - Already followed user: eldarlrd. Skipping.
2026-09-19 02:10:28,785 - DEBUG - Already followed user: bashichda. Skipping.
2026-09-19 02:10:28,785 - DEBUG - Already followed user: ludo53. Skipping.
2026-09-19 02:10:28,785 - DEBUG - Already followed user: heinodendal. Skipping.
2026-09-19 02:10:28,785 - DEBUG - Already followed user: linuxtusX5. Skipping.
2026-09-19 02:10:28,785 - DEBUG - Already followed user: CarAuto34. Skipping.
2026-09-19 02:10:28,785 - DEBUG - Already followed user: elifirinci. Skipping.
2026-09-19 02:10:28,785 - DEBUG - Already followed user: sabbir-noyon. Skipping.
2026-09-19 02:10:28,785 - DEBUG - Already followed user: Nima-Mollaei. Skipping.
2026-09-19 02:10:28,785 - DEBUG - Already followed user: apurva313. Skipping.
2026-09-19 02:10:28,785 - DEBUG - Already followed user: kyiroywops. Skipping.
2026-09-19 02:10:28,785 - DEBUG - Already followed user: m-bwela. Skipping.
2026-09-19 02:10:28,785 - DEBUG - Already followed user: NachoOFC. Skipping.
2026-09-19 02:10:28,785 - DEBUG - Already followed user: CrisLottz. Skipping.
2026-09-19 02:10:28,785 - DEBUG - Already followed user: MrMDrX. Skipping.
2026-09-19 02:10:28,785 - DEBUG - Already followed user: nimakian. Skipping.
2026-09-19 02:10:28,785 - DEBUG - Already followed user: ettisafxrup. Skipping.
2026-09-19 02:10:28,785 - DEBUG - Already followed user: iamapuneet. Skipping.
2026-09-19 02:10:28,785 - DEBUG - Already followed user: iktiarnazib. Skipping.
2026-09-19 02:10:28,785 - DEBUG - Already followed user: Daxxtropezz. Skipping.
2026-09-19 02:10:28,785 - DEBUG - Already followed user: joaocarpim. Skipping.
2026-09-19 02:10:28,785 - DEBUG - Already followed user: 0xmurtimus. Skipping.
2026-09-19 02:10:28,785 - DEBUG - Already followed user: U1000000000000. Skipping.
2026-09-19 02:10:28,785 - DEBUG - Already followed user: shahriar0999. Skipping.
2026-09-19 02:10:28,785 - DEBUG - Already followed user: souvikrana17. Skipping.
2026-09-19 02:10:28,785 - DEBUG - Already followed user: AhmedDabish. Skipping.
2026-09-19 02:10:28,785 - DEBUG - Already followed user: DIMFLIX. Skipping.
2026-09-19 02:10:28,785 - DEBUG - Already followed user: 1526422010. Skipping.
2026-09-19 02:10:28,785 - DEBUG - Already followed user: EminHaziyev. Skipping.
2026-09-19 02:10:28,785 - DEBUG - Already followed user: VarshuAi. Skipping.
2026-09-19 02:10:28,785 - DEBUG - Already followed user: CelaFlori. Skipping.
2026-09-19 02:10:28,785 - DEBUG - Already followed user: 0xspryo. Skipping.
2026-09-19 02:10:28,785 - DEBUG - Already followed user: laurindoisaac. Skipping.
2026-09-19 02:10:28,785 - DEBUG - Already followed user: Motaman-M. Skipping.
2026-09-19 02:10:28,785 - DEBUG - Already followed user: Seif-01. Skipping.
2026-09-19 02:10:28,786 - DEBUG - Already followed user: motanelson. Skipping.
2026-09-19 02:10:28,786 - DEBUG - Already followed user: cepseu1. Skipping.
2026-09-19 02:10:28,786 - DEBUG - Already followed user: bolola777. Skipping.
2026-09-19 02:10:28,786 - DEBUG - Already followed user: vardan444. Skipping.
2026-09-19 02:10:28,786 - DEBUG - Already followed user: rahuloraj. Skipping.
2026-09-19 02:10:28,786 - DEBUG - Already followed user: knmlabs. Skipping.
2026-09-19 02:10:28,786 - DEBUG - Already followed user: Mubashir12392. Skipping.
2026-09-19 02:10:28,786 - DEBUG - Already followed user: jeallz. Skipping.
2026-09-19 02:10:28,786 - DEBUG - Already followed user: ArmandSegall. Skipping.
2026-09-19 02:10:28,786 - DEBUG - Already followed user: reignsi. Skipping.
2026-09-19 02:10:28,786 - DEBUG - Already followed user: christosantono. Skipping.
2026-09-19 02:10:28,786 - DEBUG - Already followed user: Nai64. Skipping.
2026-09-19 02:10:28,786 - DEBUG - Already followed user: K1rsN7. Skipping.
2026-09-19 02:10:28,786 - DEBUG - Already followed user: MatthewMacri. Skipping.
2026-09-19 02:10:28,786 - DEBUG - Already followed user: whitakeroliver. Skipping.
2026-09-19 02:10:28,786 - DEBUG - Already followed user: S4IL21. Skipping.
2026-09-19 02:10:29,087 - INFO - Rate Limit - Remaining: 5000, Reset at: 2026-09-19 03:10:29
2026-09-19 02:10:29,087 - INFO - Fetching followers from: https://api.github.com/users/aelmizeb/followers?per_page=100&page=3
2026-09-19 02:10:29,374 - DEBUG - Number of followers fetched: 100
2026-09-19 02:10:29,374 - INFO - Fetched 100 followers on page 3.
2026-09-19 02:10:29,374 - INFO - Sleeping for 5 seconds before following users.
2026-09-19 02:10:34,380 - DEBUG - Already followed user: filipzekovich. Skipping.
2026-09-19 02:10:34,380 - DEBUG - Already followed user: RafalW3bCraft. Skipping.
2026-09-19 02:10:34,380 - DEBUG - Already followed user: 7007259Ankur. Skipping.
2026-09-19 02:10:34,380 - DEBUG - Already followed user: amurrayeqc. Skipping.
2026-09-19 02:10:34,380 - DEBUG - Already followed user: Willysc10. Skipping.
2026-09-19 02:10:34,380 - DEBUG - Already followed user: rasidi3112. Skipping.
2026-09-19 02:10:34,380 - DEBUG - Already followed user: otaviossousa. Skipping.
2026-09-19 02:10:34,380 - DEBUG - Already followed user: taahabz. Skipping.
2026-09-19 02:10:34,380 - DEBUG - Already followed user: topdigitalplus. Skipping.
2026-09-19 02:10:34,380 - DEBUG - Already followed user: lilbodo123. Skipping.
2026-09-19 02:10:34,380 - DEBUG - Already followed user: super-phantom91. Skipping.
2026-09-19 02:10:34,380 - DEBUG - Already followed user: hyper-ayoub. Skipping.
2026-09-19 02:10:34,380 - DEBUG - Already followed user: DrParthaMajumder. Skipping.
2026-09-19 02:10:34,380 - DEBUG - Already followed user: sunjoe508. Skipping.
2026-09-19 02:10:34,380 - DEBUG - Already followed user: HalfFriedPotato. Skipping.
2026-09-19 02:10:34,380 - DEBUG - Already followed user: IamDevDan. Skipping.
2026-09-19 02:10:34,380 - DEBUG - Already followed user: engrshuvodas. Skipping.
2026-09-19 02:10:34,380 - DEBUG - Already followed user: Fellipemarcal. Skipping.
2026-09-19 02:10:34,380 - DEBUG - Already followed user: potentialdev-web. Skipping.
2026-09-19 02:10:34,380 - DEBUG - Already followed user: Laqrabti. Skipping.
2026-09-19 02:10:34,380 - DEBUG - Already followed user: masonliiu. Skipping.
2026-09-19 02:10:34,380 - DEBUG - Already followed user: deadlyandro. Skipping.
2026-09-19 02:10:34,381 - DEBUG - Already followed user: AhmadTigress. Skipping.
2026-09-19 02:10:34,381 - DEBUG - Already followed user: Maher-Elmair. Skipping.
2026-09-19 02:10:34,381 - DEBUG - Already followed user: harutosati. Skipping.
2026-09-19 02:10:34,381 - DEBUG - Already followed user: B2Kumar03. Skipping.
2026-09-19 02:10:34,381 - DEBUG - Already followed user: AbdulRehman393. Skipping.
2026-09-19 02:10:34,381 - DEBUG - Already followed user: vijayshikhare. Skipping.
2026-09-19 02:10:34,381 - DEBUG - Already followed user: nuraisi. Skipping.
2026-09-19 02:10:34,381 - DEBUG - Already followed user: aertsimon90. Skipping.
2026-09-19 02:10:34,381 - DEBUG - Already followed user: Bifenzine. Skipping.
2026-09-19 02:10:34,381 - DEBUG - Already followed user: Chainsmoker23. Skipping.
2026-09-19 02:10:34,382 - DEBUG - Already followed user: 3nesdeniz. Skipping.
2026-09-19 02:10:34,382 - DEBUG - Already followed user: vegata099. Skipping.
2026-09-19 02:10:34,382 - DEBUG - Already followed user: marichu-kt. Skipping.
2026-09-19 02:10:34,382 - DEBUG - Already followed user: yutomiwana. Skipping.
2026-09-19 02:10:34,382 - DEBUG - Already followed user: gaqx. Skipping.
2026-09-19 02:10:34,382 - DEBUG - Already followed user: AnonimusShamshiAlex. Skipping.
2026-09-19 02:10:34,382 - DEBUG - Already followed user: goShell3. Skipping.
2026-09-19 02:10:34,382 - DEBUG - Already followed user: bencheayoub. Skipping.
2026-09-19 02:10:34,382 - DEBUG - Already followed user: juicetreacly. Skipping.
2026-09-19 02:10:34,382 - DEBUG - Already followed user: Babarali2k21. Skipping.
2026-09-19 02:10:34,382 - DEBUG - Already followed user: a-partovii. Skipping.
2026-09-19 02:10:34,382 - DEBUG - Already followed user: SalehAkramSifat. Skipping.
2026-09-19 02:10:34,382 - DEBUG - Already followed user: mengnankkkk. Skipping.
2026-09-19 02:10:34,382 - DEBUG - Already followed user: lec320fd90d. Skipping.
2026-09-19 02:10:34,382 - DEBUG - Already followed user: nahladzulula. Skipping.
2026-09-19 02:10:34,382 - DEBUG - Already followed user: AImaniadev. Skipping.
2026-09-19 02:10:34,383 - DEBUG - Already followed user: LakhiniVoshadee. Skipping.
2026-09-19 02:10:34,383 - DEBUG - Already followed user: cfrBernard. Skipping.
2026-09-19 02:10:34,383 - DEBUG - Already followed user: rexblade58. Skipping.
2026-09-19 02:10:34,383 - DEBUG - Already followed user: amad3i. Skipping.
2026-09-19 02:10:34,383 - DEBUG - Already followed user: Arison99. Skipping.
2026-09-19 02:10:34,383 - DEBUG - Already followed user: abdulrhmansalama. Skipping.
2026-09-19 02:10:34,383 - DEBUG - Already followed user: AbSomeone. Skipping.
2026-09-19 02:10:34,383 - DEBUG - Already followed user: nam-htran. Skipping.
2026-09-19 02:10:34,383 - DEBUG - Already followed user: GitHub7667. Skipping.
2026-09-19 02:10:34,383 - DEBUG - Already followed user: Gabrieliam42. Skipping.
2026-09-19 02:10:34,383 - DEBUG - Already followed user: DevNinja08. Skipping.
2026-09-19 02:10:34,383 - DEBUG - Already followed user: dovvnloading. Skipping.
2026-09-19 02:10:34,383 - DEBUG - Already followed user: Ali-hey-0. Skipping.
2026-09-19 02:10:34,383 - DEBUG - Already followed user: talrejasahil4994. Skipping.
2026-09-19 02:10:34,383 - DEBUG - Already followed user: hellen-ansah. Skipping.
2026-09-19 02:10:34,383 - DEBUG - Already followed user: kiranShamsHere. Skipping.
2026-09-19 02:10:34,383 - DEBUG - Already followed user: Iankulani. Skipping.
2026-09-19 02:10:34,383 - DEBUG - Already followed user: VIDAKHOSHPEY22. Skipping.
2026-09-19 02:10:34,383 - DEBUG - Already followed user: BhagwaniVishi. Skipping.
2026-09-19 02:10:34,383 - DEBUG - Already followed user: aridepai17. Skipping.
2026-09-19 02:10:34,383 - DEBUG - Already followed user: 0Darkn. Skipping.
2026-09-19 02:10:34,383 - DEBUG - Already followed user: ShRP69. Skipping.
2026-09-19 02:10:34,383 - DEBUG - Already followed user: KayanShah. Skipping.
2026-09-19 02:10:34,383 - DEBUG - Already followed user: iousuz. Skipping.
2026-09-19 02:10:34,383 - INFO - Attempting to follow user: tameTAK
2026-09-19 02:10:34,625 - INFO - Successfully followed user: tameTAK
2026-09-19 02:10:34,626 - DEBUG - Appended user tameTAK to followers.txt.
2026-09-19 02:10:34,626 - INFO - Follower counter updated: 1031
2026-09-19 02:10:34,626 - INFO - Sleeping for 13.54 seconds before the next follow.
2026-09-19 02:10:48,179 - DEBUG - Already followed user: Md-Mubin. Skipping.
2026-09-19 02:10:48,179 - DEBUG - Already followed user: lxl0825. Skipping.
2026-09-19 02:10:48,179 - DEBUG - Already followed user: andrewsavio. Skipping.
2026-09-19 02:10:48,179 - DEBUG - Already followed user: abressiddique. Skipping.
2026-09-19 02:10:48,179 - DEBUG - Already followed user: 0xAdafang. Skipping.
2026-09-19 02:10:48,179 - DEBUG - Already followed user: jkdevcode. Skipping.
2026-09-19 02:10:48,179 - DEBUG - Already followed user: JawherKl. Skipping.
2026-09-19 02:10:48,179 - DEBUG - Already followed user: pwnedroot. Skipping.
2026-09-19 02:10:48,179 - DEBUG - Already followed user: DaviBaum. Skipping.
2026-09-19 02:10:48,179 - DEBUG - Already followed user: Nour-yahyaoui. Skipping.
2026-09-19 02:10:48,179 - DEBUG - Already followed user: thornebaker. Skipping.
2026-09-19 02:10:48,180 - DEBUG - Already followed user: rioryugen. Skipping.
2026-09-19 02:10:48,180 - DEBUG - Already followed user: nikhilpatidar01. Skipping.
2026-09-19 02:10:48,180 - DEBUG - Already followed user: codeXdanyal. Skipping.
2026-09-19 02:10:48,180 - DEBUG - Already followed user: gambling-addict. Skipping.
2026-09-19 02:10:48,180 - DEBUG - Already followed user: novagad. Skipping.
2026-09-19 02:10:48,180 - DEBUG - Already followed user: chojuninengu. Skipping.
2026-09-19 02:10:48,180 - DEBUG - Already followed user: JOELNATHAN544. Skipping.
2026-09-19 02:10:48,180 - DEBUG - Already followed user: Senthil455. Skipping.
2026-09-19 02:10:48,180 - DEBUG - Already followed user: pouryaPKGit. Skipping.
2026-09-19 02:10:48,180 - DEBUG - Already followed user: mwakidenis. Skipping.
2026-09-19 02:10:48,180 - DEBUG - Already followed user: daniel149afonso. Skipping.
2026-09-19 02:10:48,180 - DEBUG - Already followed user: MatheusRuivo365. Skipping.
2026-09-19 02:10:48,180 - DEBUG - Already followed user: grimwaIker. Skipping.
2026-09-19 02:10:48,180 - DEBUG - Already followed user: vsrupeshkumar. Skipping.
2026-09-19 02:10:48,180 - DEBUG - Already followed user: landry-some. Skipping.
2026-09-19 02:10:48,180 - DEBUG - Already followed user: madhavgadge01. Skipping.
2026-09-19 02:10:48,432 - INFO - Rate Limit - Remaining: 5000, Reset at: 2026-09-19 03:10:48
2026-09-19 02:10:48,433 - INFO - Fetching followers from: https://api.github.com/users/aelmizeb/followers?per_page=100&page=4
2026-09-19 02:10:48,712 - DEBUG - Number of followers fetched: 100
2026-09-19 02:10:48,712 - INFO - Fetched 100 followers on page 4.
2026-09-19 02:10:48,712 - INFO - Sleeping for 5 seconds before following users.
2026-09-19 02:10:53,717 - DEBUG - Already followed user: panyster. Skipping.
2026-09-19 02:10:53,717 - DEBUG - Already followed user: MdShawonForazi. Skipping.
2026-09-19 02:10:53,717 - DEBUG - Already followed user: Muhammad-qureshi1. Skipping.
2026-09-19 02:10:53,717 - DEBUG - Already followed user: destroy-boys. Skipping.
2026-09-19 02:10:53,717 - DEBUG - Already followed user: byxbe. Skipping.
2026-09-19 02:10:53,717 - DEBUG - Already followed user: vimal0156. Skipping.
2026-09-19 02:10:53,717 - DEBUG - Already followed user: syedbilalalam1. Skipping.
2026-09-19 02:10:53,717 - INFO - Attempting to follow user: Malaybhai11
2026-09-19 02:10:54,121 - INFO - Successfully followed user: Malaybhai11
2026-09-19 02:10:54,122 - DEBUG - Appended user Malaybhai11 to followers.txt.
2026-09-19 02:10:54,122 - INFO - Follower counter updated: 1032
2026-09-19 02:10:54,123 - INFO - Sleeping for 12.33 seconds before the next follow.
2026-09-19 02:11:06,462 - DEBUG - Already followed user: COUNTRY-HUMANS. Skipping.
2026-09-19 02:11:06,462 - DEBUG - Already followed user: Ayokanmi-Adejola. Skipping.
2026-09-19 02:11:06,462 - DEBUG - Already followed user: irenerodriguezrod. Skipping.
2026-09-19 02:11:06,462 - DEBUG - Already followed user: ngsnethawarya. Skipping.
2026-09-19 02:11:06,462 - DEBUG - Already followed user: mahimarawat0707. Skipping.
2026-09-19 02:11:06,462 - DEBUG - Already followed user: MuratKomurcu1. Skipping.
2026-09-19 02:11:06,462 - DEBUG - Already followed user: DARKANGEL689. Skipping.
2026-09-19 02:11:06,462 - DEBUG - Already followed user: buildcompanytogether. Skipping.
2026-09-19 02:11:06,462 - DEBUG - Already followed user: techspire0924. Skipping.
2026-09-19 02:11:06,462 - DEBUG - Already followed user: TechLeon001. Skipping.
2026-09-19 02:11:06,462 - DEBUG - Already followed user: Obraims. Skipping.
2026-09-19 02:11:06,462 - DEBUG - Already followed user: HeavenlyDesires. Skipping.
2026-09-19 02:11:06,463 - DEBUG - Already followed user: sonle-dev. Skipping.
2026-09-19 02:11:06,463 - DEBUG - Already followed user: howls-moving-castle. Skipping.
2026-09-19 02:11:06,463 - DEBUG - Already followed user: lovehiccup. Skipping.
2026-09-19 02:11:06,463 - DEBUG - Already followed user: techEdge3030. Skipping.
2026-09-19 02:11:06,463 - DEBUG - Already followed user: webxos. Skipping.
2026-09-19 02:11:06,463 - DEBUG - Already followed user: developernayeemx. Skipping.
2026-09-19 02:11:06,463 - DEBUG - Already followed user: drydenmitchell. Skipping.
2026-09-19 02:11:06,463 - DEBUG - Already followed user: eatsky1006. Skipping.
2026-09-19 02:11:06,463 - DEBUG - Already followed user: frangelbarrera. Skipping.
2026-09-19 02:11:06,463 - DEBUG - Already followed user: 156afl. Skipping.
2026-09-19 02:11:06,463 - DEBUG - Already followed user: guten-tag-100. Skipping.
2026-09-19 02:11:06,463 - DEBUG - Already followed user: retrobullseye. Skipping.
2026-09-19 02:11:06,463 - DEBUG - Already followed user: nelbeu. Skipping.
2026-09-19 02:11:06,463 - DEBUG - Already followed user: ZPIIDR. Skipping.
2026-09-19 02:11:06,463 - DEBUG - Already followed user: floriant3. Skipping.
2026-09-19 02:11:06,463 - DEBUG - Already followed user: amazing-soft-dev. Skipping.
2026-09-19 02:11:06,463 - DEBUG - Already followed user: Quoriss. Skipping.
2026-09-19 02:11:06,463 - DEBUG - Already followed user: xcontcom. Skipping.
2026-09-19 02:11:06,463 - DEBUG - Already followed user: SparkNews00000. Skipping.
2026-09-19 02:11:06,463 - DEBUG - Already followed user: Lyne6666. Skipping.
2026-09-19 02:11:06,463 - DEBUG - Already followed user: nafiul-afk. Skipping.
2026-09-19 02:11:06,463 - DEBUG - Already followed user: ShiningRocket. Skipping.
2026-09-19 02:11:06,463 - DEBUG - Already followed user: Noori-Senior. Skipping.
2026-09-19 02:11:06,463 - DEBUG - Already followed user: AnjaliPatel301. Skipping.
2026-09-19 02:11:06,463 - DEBUG - Already followed user: Dev-Mania1988. Skipping.
2026-09-19 02:11:06,463 - DEBUG - Already followed user: BOYABOY999. Skipping.
2026-09-19 02:11:06,463 - DEBUG - Already followed user: NOUHABL. Skipping.
2026-09-19 02:11:06,463 - DEBUG - Already followed user: RamaAditya49. Skipping.
2026-09-19 02:11:06,463 - DEBUG - Already followed user: Seo-yeonLee. Skipping.
2026-09-19 02:11:06,463 - DEBUG - Already followed user: ChungusLord123. Skipping.
2026-09-19 02:11:06,464 - DEBUG - Already followed user: mohamadeydipour. Skipping.
2026-09-19 02:11:06,464 - DEBUG - Already followed user: constellation-infinity. Skipping.
2026-09-19 02:11:06,464 - DEBUG - Already followed user: rosem-coder. Skipping.
2026-09-19 02:11:06,464 - DEBUG - Already followed user: XO-Roham. Skipping.
2026-09-19 02:11:06,464 - DEBUG - Already followed user: kerryjanes. Skipping.
2026-09-19 02:11:06,464 - DEBUG - Already followed user: acid4you. Skipping.
2026-09-19 02:11:06,464 - DEBUG - Already followed user: hyuntayo. Skipping.
2026-09-19 02:11:06,464 - DEBUG - Already followed user: wetmet. Skipping.
2026-09-19 02:11:06,464 - DEBUG - Already followed user: sezindartar. Skipping.
2026-09-19 02:11:06,464 - DEBUG - Already followed user: arielshakaramiro. Skipping.
2026-09-19 02:11:06,464 - DEBUG - Already followed user: NovaNoodle7. Skipping.
2026-09-19 02:11:06,464 - DEBUG - Already followed user: annaveth. Skipping.
2026-09-19 02:11:06,464 - DEBUG - Already followed user: rexxdeev. Skipping.
2026-09-19 02:11:06,464 - DEBUG - Already followed user: cosmospice. Skipping.
2026-09-19 02:11:06,464 - DEBUG - Already followed user: lrepo52. Skipping.
2026-09-19 02:11:06,464 - DEBUG - Already followed user: uhsr. Skipping.
2026-09-19 02:11:06,464 - DEBUG - Already followed user: REIJISAKAMAKI. Skipping.
2026-09-19 02:11:06,464 - DEBUG - Already followed user: shivam01112. Skipping.
2026-09-19 02:11:06,464 - DEBUG - Already followed user: devnavodhimsara. Skipping.
2026-09-19 02:11:06,464 - DEBUG - Already followed user: muichirox. Skipping.
2026-09-19 02:11:06,464 - DEBUG - Already followed user: thehappydictator. Skipping.
2026-09-19 02:11:06,464 - DEBUG - Already followed user: JohnAxel04. Skipping.
2026-09-19 02:11:06,464 - DEBUG - Already followed user: laigit-dot. Skipping.
2026-09-19 02:11:06,464 - DEBUG - Already followed user: 1minds3t. Skipping.
2026-09-19 02:11:06,464 - DEBUG - Already followed user: 2nixx. Skipping.
2026-09-19 02:11:06,464 - DEBUG - Already followed user: Jones-6199. Skipping.
2026-09-19 02:11:06,464 - DEBUG - Already followed user: matchingduo. Skipping.
2026-09-19 02:11:06,464 - DEBUG - Already followed user: Mistrust12. Skipping.
2026-09-19 02:11:06,464 - DEBUG - Already followed user: runner28-code. Skipping.
2026-09-19 02:11:06,464 - DEBUG - Already followed user: kakaka-byte. Skipping.
2026-09-19 02:11:06,464 - DEBUG - Already followed user: alvrenkai. Skipping.
2026-09-19 02:11:06,464 - DEBUG - Already followed user: KabeloM13. Skipping.
2026-09-19 02:11:06,464 - DEBUG - Already followed user: HamiParsa. Skipping.
2026-09-19 02:11:06,464 - DEBUG - Already followed user: Lyche6666. Skipping.
2026-09-19 02:11:06,464 - DEBUG - Already followed user: sphinxzerd. Skipping.
2026-09-19 02:11:06,464 - DEBUG - Already followed user: siddhant3895. Skipping.
2026-09-19 02:11:06,464 - DEBUG - Already followed user: conexto. Skipping.
2026-09-19 02:11:06,464 - DEBUG - Already followed user: nikecodedev. Skipping.
2026-09-19 02:11:06,465 - DEBUG - Already followed user: anshull-rajput. Skipping.
2026-09-19 02:11:06,465 - DEBUG - Already followed user: ExCoder999. Skipping.
2026-09-19 02:11:06,465 - DEBUG - Already followed user: nykoco. Skipping.
2026-09-19 02:11:06,465 - DEBUG - Already followed user: zombietfk. Skipping.
2026-09-19 02:11:06,465 - DEBUG - Already followed user: Ashkan-P88. Skipping.
2026-09-19 02:11:06,465 - DEBUG - Already followed user: nexthireconnect. Skipping.
2026-09-19 02:11:06,465 - DEBUG - Already followed user: cyanile. Skipping.
2026-09-19 02:11:06,465 - DEBUG - Already followed user: REVOLV1NG. Skipping.
2026-09-19 02:11:06,465 - DEBUG - Already followed user: kakashl-hatake. Skipping.
2026-09-19 02:11:06,465 - DEBUG - Already followed user: falcon0709. Skipping.
2026-09-19 02:11:06,465 - DEBUG - Already followed user: martycorn. Skipping.
2026-09-19 02:11:06,465 - DEBUG - Already followed user: HysteriaWEB3. Skipping.
2026-09-19 02:11:06,731 - INFO - Rate Limit - Remaining: 5000, Reset at: 2026-09-19 03:11:06
2026-09-19 02:11:06,732 - INFO - Fetching followers from: https://api.github.com/users/aelmizeb/followers?per_page=100&page=5
2026-09-19 02:11:06,998 - DEBUG - Number of followers fetched: 54
2026-09-19 02:11:06,998 - INFO - Fetched 54 followers on page 5.
2026-09-19 02:11:06,998 - INFO - Sleeping for 5 seconds before following users.
2026-09-19 02:11:12,004 - DEBUG - Already followed user: joebtceth. Skipping.
2026-09-19 02:11:12,004 - DEBUG - Already followed user: jojoamanie. Skipping.
2026-09-19 02:11:12,004 - DEBUG - Already followed user: HussainAli-Ds. Skipping.
2026-09-19 02:11:12,004 - INFO - Attempting to follow user: shahidazam2020-oss
2026-09-19 02:11:12,269 - INFO - Successfully followed user: shahidazam2020-oss
2026-09-19 02:11:12,270 - DEBUG - Appended user shahidazam2020-oss to followers.txt.
2026-09-19 02:11:12,270 - INFO - Follower counter updated: 1033
2026-09-19 02:11:12,270 - INFO - Sleeping for 13.66 seconds before the next follow.
2026-09-19 02:11:25,948 - INFO - Attempting to follow user: muthokaricky-alt
2026-09-19 02:11:26,200 - INFO - Successfully followed user: muthokaricky-alt
2026-09-19 02:11:26,201 - DEBUG - Appended user muthokaricky-alt to followers.txt.
2026-09-19 02:11:26,201 - INFO - Follower counter updated: 1034
2026-09-19 02:11:26,201 - INFO - Sleeping for 11.83 seconds before the next follow.
2026-09-19 02:11:38,045 - DEBUG - Already followed user: MohibAhmadButt. Skipping.
2026-09-19 02:11:38,045 - DEBUG - Already followed user: 9Michael-Cooley. Skipping.
2026-09-19 02:11:38,045 - DEBUG - Already followed user: nargestohidloo. Skipping.
2026-09-19 02:11:38,045 - DEBUG - Already followed user: tawdesangeeta1973-coder. Skipping.
2026-09-19 02:11:38,045 - DEBUG - Already followed user: hwg-p. Skipping.
2026-09-19 02:11:38,045 - DEBUG - Already followed user: BERDLYY. Skipping.
2026-09-19 02:11:38,045 - DEBUG - Already followed user: chenE5M2. Skipping.
2026-09-19 02:11:38,045 - DEBUG - Already followed user: IvanDevMars. Skipping.
2026-09-19 02:11:38,045 - DEBUG - Already followed user: El-Tousy. Skipping.
2026-09-19 02:11:38,045 - DEBUG - Already followed user: art-in-alizade. Skipping.
2026-09-19 02:11:38,045 - DEBUG - Already followed user: josejairobaltazargallegos-afk. Skipping.
2026-09-19 02:11:38,045 - DEBUG - Already followed user: illusive7ai. Skipping.
2026-09-19 02:11:38,045 - DEBUG - Already followed user: prickcests. Skipping.
2026-09-19 02:11:38,045 - DEBUG - Already followed user: vibecodinguy. Skipping.
2026-09-19 02:11:38,046 - DEBUG - Already followed user: WElRD0. Skipping.
2026-09-19 02:11:38,046 - DEBUG - Already followed user: saravananbass12-tech. Skipping.
2026-09-19 02:11:38,046 - DEBUG - Already followed user: sugarburn. Skipping.
2026-09-19 02:11:38,046 - INFO - Attempting to follow user: mcdev7777
2026-09-19 02:11:38,435 - INFO - Successfully followed user: mcdev7777
2026-09-19 02:11:38,436 - DEBUG - Appended user mcdev7777 to followers.txt.
2026-09-19 02:11:38,436 - INFO - Follower counter updated: 1035
2026-09-19 02:11:38,436 - INFO - Sleeping for 10.40 seconds before the next follow.
2026-09-19 02:11:48,844 - DEBUG - Already followed user: Espotmx. Skipping.
2026-09-19 02:11:48,844 - DEBUG - Already followed user: MJ-ulia. Skipping.
2026-09-19 02:11:48,844 - DEBUG - Already followed user: B1LLIEJ0E. Skipping.
2026-09-19 02:11:48,844 - DEBUG - Already followed user: donaldmorry. Skipping.
2026-09-19 02:11:48,844 - DEBUG - Already followed user: EimanTahir027. Skipping.
2026-09-19 02:11:48,844 - DEBUG - Already followed user: oga35767-eng. Skipping.
2026-09-19 02:11:48,844 - DEBUG - Already followed user: kyal102. Skipping.
2026-09-19 02:11:48,844 - DEBUG - Already followed user: Belucking. Skipping.
2026-09-19 02:11:48,844 - DEBUG - Already followed user: holilayet. Skipping.
2026-09-19 02:11:48,844 - DEBUG - Already followed user: ByteBunny777. Skipping.
2026-09-19 02:11:48,844 - DEBUG - Already followed user: AngelofDarknessm. Skipping.
2026-09-19 02:11:48,844 - DEBUG - Already followed user: Ella-horizon. Skipping.
2026-09-19 02:11:48,844 - DEBUG - Already followed user: hassenbrahim. Skipping.
2026-09-19 02:11:48,844 - DEBUG - Already followed user: alberto4442. Skipping.
2026-09-19 02:11:48,844 - DEBUG - Already followed user: ancaferro. Skipping.
2026-09-19 02:11:48,844 - DEBUG - Already followed user: ElmanCod110. Skipping.
2026-09-19 02:11:48,845 - DEBUG - Already followed user: itstonywhite. Skipping.
2026-09-19 02:11:48,845 - DEBUG - Already followed user: raviwijerathna1. Skipping.
2026-09-19 02:11:48,845 - DEBUG - Already followed user: rafidahmed870. Skipping.
2026-09-19 02:11:48,845 - INFO - Attempting to follow user: MaxCode917
2026-09-19 02:11:49,242 - INFO - Successfully followed user: MaxCode917
2026-09-19 02:11:49,243 - DEBUG - Appended user MaxCode917 to followers.txt.
2026-09-19 02:11:49,243 - INFO - Follower counter updated: 1036
2026-09-19 02:11:49,243 - INFO - Sleeping for 12.35 seconds before the next follow.
2026-09-19 02:12:01,603 - DEBUG - Already followed user: neaflow. Skipping.
2026-09-19 02:12:01,603 - DEBUG - Already followed user: ClaerDev. Skipping.
2026-09-19 02:12:01,603 - DEBUG - Already followed user: TOPDEV99999. Skipping.
2026-09-19 02:12:01,603 - DEBUG - Already followed user: takahashikushina0223. Skipping.
2026-09-19 02:12:01,603 - INFO - Attempting to follow user: takumi-sato0209
2026-09-19 02:12:01,861 - INFO - Successfully followed user: takumi-sato0209
2026-09-19 02:12:01,862 - DEBUG - Appended user takumi-sato0209 to followers.txt.
2026-09-19 02:12:01,863 - INFO - Follower counter updated: 1037
2026-09-19 02:12:01,863 - INFO - Sleeping for 10.49 seconds before the next follow.
2026-09-19 02:12:12,351 - DEBUG - Already followed user: shinobi-coder701. Skipping.
2026-09-19 02:12:12,351 - DEBUG - Already followed user: cchongming. Skipping.
2026-09-19 02:12:12,351 - DEBUG - Already followed user: MahdiKordian. Skipping.
2026-09-19 02:12:12,351 - DEBUG - Already followed user: evvenoly. Skipping.
2026-09-19 02:12:12,351 - DEBUG - Already followed user: arvelquigley99. Skipping.
2026-09-19 02:12:12,351 - DEBUG - Already followed user: LenaBrooks. Skipping.
2026-09-19 02:12:12,620 - INFO - Rate Limit - Remaining: 5000, Reset at: 2026-09-19 03:12:12
2026-09-19 02:12:12,621 - INFO - Fetching followers from: https://api.github.com/users/aelmizeb/followers?per_page=100&page=6
2026-09-19 02:12:12,866 - DEBUG - Number of followers fetched: 0
2026-09-19 02:12:12,866 - INFO - No more followers to process. Exiting.
2026-09-19 02:12:12,866 - INFO - Follower counter updated: 1037
2026-09-19 02:12:12,866 - INFO - 
Following users from your follower list is done! Total followers fetched: 454, Total followers followed: 1037
2026-09-20 02:16:33,551 - INFO - Hi! I am GitHub Follower Bot.
2026-09-20 02:16:33,551 - INFO - Letting you follow all your followers!
2026-09-20 02:16:33,552 - INFO - Starting to fetch your follower lists...

2026-09-20 02:16:33,552 - INFO - Loaded 1037 already followed users.
2026-09-20 02:16:33,552 - INFO - Processing all followers without resume.
2026-09-20 02:16:33,552 - INFO - Starting from page: 1
2026-09-20 02:16:33,552 - INFO - Current follower counter: 1037
2026-09-20 02:16:33,764 - INFO - Rate Limit - Remaining: 5000, Reset at: 2026-09-20 03:16:33
2026-09-20 02:16:33,765 - INFO - Fetching followers from: https://api.github.com/users/aelmizeb/followers?per_page=100&page=1
2026-09-20 02:16:33,965 - DEBUG - Number of followers fetched: 100
2026-09-20 02:16:33,965 - INFO - Fetched 100 followers on page 1.
2026-09-20 02:16:33,965 - INFO - Sleeping for 5 seconds before following users.
2026-09-20 02:16:38,971 - DEBUG - Already followed user: levonk. Skipping.
2026-09-20 02:16:38,971 - DEBUG - Already followed user: peterruler. Skipping.
2026-09-20 02:16:38,971 - DEBUG - Already followed user: slavaGanzin. Skipping.
2026-09-20 02:16:38,971 - DEBUG - Already followed user: kenjinote. Skipping.
2026-09-20 02:16:38,971 - DEBUG - Already followed user: Spiritec7. Skipping.
2026-09-20 02:16:38,971 - DEBUG - Already followed user: sarkarshuvojit. Skipping.
2026-09-20 02:16:38,971 - DEBUG - Already followed user: unhappychoice. Skipping.
2026-09-20 02:16:38,971 - DEBUG - Already followed user: luckchain777. Skipping.
2026-09-20 02:16:38,971 - DEBUG - Already followed user: jorithanx. Skipping.
2026-09-20 02:16:38,971 - DEBUG - Already followed user: whiteplaine. Skipping.
2026-09-20 02:16:38,971 - DEBUG - Already followed user: gamemann. Skipping.
2026-09-20 02:16:38,971 - DEBUG - Already followed user: riseansmal. Skipping.
2026-09-20 02:16:38,971 - DEBUG - Already followed user: manman4. Skipping.
2026-09-20 02:16:38,971 - DEBUG - Already followed user: KylerCondran. Skipping.
2026-09-20 02:16:38,971 - DEBUG - Already followed user: ZhuChenn. Skipping.
2026-09-20 02:16:38,971 - DEBUG - Already followed user: Elbagoury. Skipping.
2026-09-20 02:16:38,971 - DEBUG - Already followed user: murapadev. Skipping.
2026-09-20 02:16:38,971 - DEBUG - Already followed user: tetref. Skipping.
2026-09-20 02:16:38,971 - DEBUG - Already followed user: Hantan1080. Skipping.
2026-09-20 02:16:38,971 - DEBUG - Already followed user: OliviaBennQ. Skipping.
2026-09-20 02:16:38,971 - DEBUG - Already followed user: budaivisita. Skipping.
2026-09-20 02:16:38,971 - DEBUG - Already followed user: ledgerhubteam. Skipping.
2026-09-20 02:16:38,971 - DEBUG - Already followed user: CelaDaniel. Skipping.
2026-09-20 02:16:38,971 - DEBUG - Already followed user: ThomasHWeb. Skipping.
2026-09-20 02:16:38,971 - DEBUG - Already followed user: paaak. Skipping.
2026-09-20 02:16:38,971 - DEBUG - Already followed user: hitman0290. Skipping.
2026-09-20 02:16:38,971 - DEBUG - Already followed user: jokeyhter. Skipping.
2026-09-20 02:16:38,971 - DEBUG - Already followed user: dbunt1tled. Skipping.
2026-09-20 02:16:38,971 - DEBUG - Already followed user: medmek. Skipping.
2026-09-20 02:16:38,971 - DEBUG - Already followed user: Hajjouz. Skipping.
2026-09-20 02:16:38,971 - DEBUG - Already followed user: IDouble. Skipping.
2026-09-20 02:16:38,971 - DEBUG - Already followed user: Jeesson. Skipping.
2026-09-20 02:16:38,971 - DEBUG - Already followed user: CatFortman. Skipping.
2026-09-20 02:16:38,971 - DEBUG - Already followed user: ZainJavaid. Skipping.
2026-09-20 02:16:38,971 - DEBUG - Already followed user: dioptx. Skipping.
2026-09-20 02:16:38,971 - DEBUG - Already followed user: DanHouseman. Skipping.
2026-09-20 02:16:38,971 - DEBUG - Already followed user: forgerondev. Skipping.
2026-09-20 02:16:38,971 - DEBUG - Already followed user: djvelimir. Skipping.
2026-09-20 02:16:38,971 - DEBUG - Already followed user: guevaraStian. Skipping.
2026-09-20 02:16:38,971 - DEBUG - Already followed user: cambot86. Skipping.
2026-09-20 02:16:38,971 - DEBUG - Already followed user: visualGravitySense. Skipping.
2026-09-20 02:16:38,971 - DEBUG - Already followed user: Elite588. Skipping.
2026-09-20 02:16:38,971 - DEBUG - Already followed user: jelspace. Skipping.
2026-09-20 02:16:38,971 - DEBUG - Already followed user: Sanghyun-0h. Skipping.
2026-09-20 02:16:38,971 - DEBUG - Already followed user: dweatherston11. Skipping.
2026-09-20 02:16:38,971 - DEBUG - Already followed user: weiquan98. Skipping.
2026-09-20 02:16:38,971 - DEBUG - Already followed user: furendyna. Skipping.
2026-09-20 02:16:38,971 - DEBUG - Already followed user: KostasSliazas. Skipping.
2026-09-20 02:16:38,971 - DEBUG - Already followed user: hxreborn. Skipping.
2026-09-20 02:16:38,971 - DEBUG - Already followed user: hazexone. Skipping.
2026-09-20 02:16:38,971 - DEBUG - Already followed user: ardaltunel. Skipping.
2026-09-20 02:16:38,971 - DEBUG - Already followed user: domcomit. Skipping.
2026-09-20 02:16:38,971 - DEBUG - Already followed user: boomray. Skipping.
2026-09-20 02:16:38,971 - DEBUG - Already followed user: rob0pup. Skipping.
2026-09-20 02:16:38,971 - DEBUG - Already followed user: IshmamAbir. Skipping.
2026-09-20 02:16:38,971 - DEBUG - Already followed user: designAsign. Skipping.
2026-09-20 02:16:38,971 - DEBUG - Already followed user: ai-28. Skipping.
2026-09-20 02:16:38,971 - DEBUG - Already followed user: Connor9994. Skipping.
2026-09-20 02:16:38,971 - DEBUG - Already followed user: domx4q. Skipping.
2026-09-20 02:16:38,972 - DEBUG - Already followed user: Devify-Co. Skipping.
2026-09-20 02:16:38,972 - DEBUG - Already followed user: reckedcoder. Skipping.
2026-09-20 02:16:38,972 - DEBUG - Already followed user: jackciw. Skipping.
2026-09-20 02:16:38,972 - DEBUG - Already followed user: 4F71. Skipping.
2026-09-20 02:16:38,972 - DEBUG - Already followed user: standardgalactic. Skipping.
2026-09-20 02:16:38,972 - DEBUG - Already followed user: sandibrrm. Skipping.
2026-09-20 02:16:38,972 - DEBUG - Already followed user: MiladJoodi. Skipping.
2026-09-20 02:16:38,972 - DEBUG - Already followed user: AchrafReyani. Skipping.
2026-09-20 02:16:38,972 - DEBUG - Already followed user: jaderytm. Skipping.
2026-09-20 02:16:38,972 - DEBUG - Already followed user: nstrmx. Skipping.
2026-09-20 02:16:38,972 - DEBUG - Already followed user: RaccoonFacts. Skipping.
2026-09-20 02:16:38,972 - DEBUG - Already followed user: Kos-M. Skipping.
2026-09-20 02:16:38,972 - DEBUG - Already followed user: jfullstackdev. Skipping.
2026-09-20 02:16:38,972 - DEBUG - Already followed user: iVGeek. Skipping.
2026-09-20 02:16:38,972 - DEBUG - Already followed user: th3noryx. Skipping.
2026-09-20 02:16:38,972 - DEBUG - Already followed user: Unizuka22. Skipping.
2026-09-20 02:16:38,972 - DEBUG - Already followed user: vasilirigels. Skipping.
2026-09-20 02:16:38,972 - DEBUG - Already followed user: cristinagberta. Skipping.
2026-09-20 02:16:38,972 - DEBUG - Already followed user: alexanderbergerhd. Skipping.
2026-09-20 02:16:38,972 - DEBUG - Already followed user: mohammadnabia. Skipping.
2026-09-20 02:16:38,972 - DEBUG - Already followed user: itsbagsy. Skipping.
2026-09-20 02:16:38,972 - DEBUG - Already followed user: dmitryravilov. Skipping.
2026-09-20 02:16:38,972 - DEBUG - Already followed user: szenled. Skipping.
2026-09-20 02:16:38,972 - DEBUG - Already followed user: Mindlyss. Skipping.
2026-09-20 02:16:38,972 - DEBUG - Already followed user: cerenyilmazjinx. Skipping.
2026-09-20 02:16:38,972 - DEBUG - Already followed user: BEPb. Skipping.
2026-09-20 02:16:38,972 - DEBUG - Already followed user: galaxyb-dark. Skipping.
2026-09-20 02:16:38,972 - DEBUG - Already followed user: HafidIdrissi. Skipping.
2026-09-20 02:16:38,972 - DEBUG - Already followed user: oluiscabral. Skipping.
2026-09-20 02:16:38,972 - DEBUG - Already followed user: cryptoAur4x. Skipping.
2026-09-20 02:16:38,972 - DEBUG - Already followed user: emilycodestar. Skipping.
2026-09-20 02:16:38,972 - DEBUG - Already followed user: giewan. Skipping.
2026-09-20 02:16:38,972 - DEBUG - Already followed user: ivasik-k7. Skipping.
2026-09-20 02:16:38,972 - DEBUG - Already followed user: sakuyaloli. Skipping.
2026-09-20 02:16:38,972 - DEBUG - Already followed user: aantoooon. Skipping.
2026-09-20 02:16:38,972 - DEBUG - Already followed user: NeoZorK. Skipping.
2026-09-20 02:16:38,972 - DEBUG - Already followed user: albonidrizi. Skipping.
2026-09-20 02:16:38,972 - DEBUG - Already followed user: Arul1998. Skipping.
2026-09-20 02:16:38,972 - DEBUG - Already followed user: hajigur69. Skipping.
2026-09-20 02:16:38,972 - DEBUG - Already followed user: trajanOx. Skipping.
2026-09-20 02:16:38,972 - DEBUG - Already followed user: VictoriaCabirta. Skipping.
2026-09-20 02:16:39,190 - INFO - Rate Limit - Remaining: 5000, Reset at: 2026-09-20 03:16:39
2026-09-20 02:16:39,190 - INFO - Fetching followers from: https://api.github.com/users/aelmizeb/followers?per_page=100&page=2
2026-09-20 02:16:39,399 - DEBUG - Number of followers fetched: 100
2026-09-20 02:16:39,399 - INFO - Fetched 100 followers on page 2.
2026-09-20 02:16:39,399 - INFO - Sleeping for 5 seconds before following users.
2026-09-20 02:16:44,405 - DEBUG - Already followed user: CHUNG-HAO. Skipping.
2026-09-20 02:16:44,405 - DEBUG - Already followed user: loreius. Skipping.
2026-09-20 02:16:44,405 - DEBUG - Already followed user: Supremenottee. Skipping.
2026-09-20 02:16:44,405 - DEBUG - Already followed user: mainstar123. Skipping.
2026-09-20 02:16:44,405 - DEBUG - Already followed user: JohnMwendwa. Skipping.
2026-09-20 02:16:44,405 - DEBUG - Already followed user: Geek-Cheth. Skipping.
2026-09-20 02:16:44,405 - DEBUG - Already followed user: AhmadJeddi. Skipping.
2026-09-20 02:16:44,405 - DEBUG - Already followed user: OftenUser. Skipping.
2026-09-20 02:16:44,405 - DEBUG - Already followed user: mohammadhasanii. Skipping.
2026-09-20 02:16:44,405 - DEBUG - Already followed user: haochezh. Skipping.
2026-09-20 02:16:44,405 - DEBUG - Already followed user: mbitujames. Skipping.
2026-09-20 02:16:44,405 - DEBUG - Already followed user: Nisyalz01. Skipping.
2026-09-20 02:16:44,405 - DEBUG - Already followed user: MaitreyeeDhar. Skipping.
2026-09-20 02:16:44,405 - DEBUG - Already followed user: nelokusa. Skipping.
2026-09-20 02:16:44,405 - DEBUG - Already followed user: r97221004. Skipping.
2026-09-20 02:16:44,405 - DEBUG - Already followed user: Carrington-dev. Skipping.
2026-09-20 02:16:44,405 - DEBUG - Already followed user: pinhe91. Skipping.
2026-09-20 02:16:44,405 - DEBUG - Already followed user: minseochoj. Skipping.
2026-09-20 02:16:44,405 - DEBUG - Already followed user: thisalireza. Skipping.
2026-09-20 02:16:44,405 - DEBUG - Already followed user: BhuvanAde. Skipping.
2026-09-20 02:16:44,405 - DEBUG - Already followed user: KerollosMagdy. Skipping.
2026-09-20 02:16:44,405 - DEBUG - Already followed user: Jamkris. Skipping.
2026-09-20 02:16:44,405 - DEBUG - Already followed user: steph3nm. Skipping.
2026-09-20 02:16:44,405 - DEBUG - Already followed user: arch-yunus. Skipping.
2026-09-20 02:16:44,405 - DEBUG - Already followed user: Jailtonfonseca. Skipping.
2026-09-20 02:16:44,405 - DEBUG - Already followed user: lxRbckl. Skipping.
2026-09-20 02:16:44,405 - DEBUG - Already followed user: jamesgeodi. Skipping.
2026-09-20 02:16:44,405 - DEBUG - Already followed user: olienath. Skipping.
2026-09-20 02:16:44,405 - DEBUG - Already followed user: xrpcommunity. Skipping.
2026-09-20 02:16:44,405 - DEBUG - Already followed user: jolliesol. Skipping.
2026-09-20 02:16:44,405 - DEBUG - Already followed user: xnovaxdev. Skipping.
2026-09-20 02:16:44,405 - DEBUG - Already followed user: filzehoka. Skipping.
2026-09-20 02:16:44,405 - DEBUG - Already followed user: Wenyveo. Skipping.
2026-09-20 02:16:44,405 - DEBUG - Already followed user: nico-laqua. Skipping.
2026-09-20 02:16:44,405 - DEBUG - Already followed user: Hstkj23. Skipping.
2026-09-20 02:16:44,405 - DEBUG - Already followed user: emilybarru. Skipping.
2026-09-20 02:16:44,405 - DEBUG - Already followed user: NazmusSayad. Skipping.
2026-09-20 02:16:44,405 - DEBUG - Already followed user: Liuboshenko. Skipping.
2026-09-20 02:16:44,405 - DEBUG - Already followed user: lgomesappj. Skipping.
2026-09-20 02:16:44,405 - DEBUG - Already followed user: irenascent. Skipping.
2026-09-20 02:16:44,405 - DEBUG - Already followed user: Berserk-hub150. Skipping.
2026-09-20 02:16:44,405 - DEBUG - Already followed user: mariwatts. Skipping.
2026-09-20 02:16:44,405 - DEBUG - Already followed user: Davidevlops. Skipping.
2026-09-20 02:16:44,405 - DEBUG - Already followed user: ezozu. Skipping.
2026-09-20 02:16:44,405 - DEBUG - Already followed user: OHANA-WEB. Skipping.
2026-09-20 02:16:44,405 - DEBUG - Already followed user: BamdadTabari. Skipping.
2026-09-20 02:16:44,405 - DEBUG - Already followed user: vinamega. Skipping.
2026-09-20 02:16:44,405 - DEBUG - Already followed user: cgrundman. Skipping.
2026-09-20 02:16:44,405 - DEBUG - Already followed user: zkcryptweb. Skipping.
2026-09-20 02:16:44,405 - DEBUG - Already followed user: eldarlrd. Skipping.
2026-09-20 02:16:44,405 - DEBUG - Already followed user: bashichda. Skipping.
2026-09-20 02:16:44,405 - DEBUG - Already followed user: ludo53. Skipping.
2026-09-20 02:16:44,405 - DEBUG - Already followed user: heinodendal. Skipping.
2026-09-20 02:16:44,405 - DEBUG - Already followed user: linuxtusX5. Skipping.
2026-09-20 02:16:44,405 - DEBUG - Already followed user: CarAuto34. Skipping.
2026-09-20 02:16:44,405 - DEBUG - Already followed user: elifirinci. Skipping.
2026-09-20 02:16:44,405 - DEBUG - Already followed user: sabbir-noyon. Skipping.
2026-09-20 02:16:44,405 - DEBUG - Already followed user: Nima-Mollaei. Skipping.
2026-09-20 02:16:44,406 - DEBUG - Already followed user: apurva313. Skipping.
2026-09-20 02:16:44,406 - DEBUG - Already followed user: kyiroywops. Skipping.
2026-09-20 02:16:44,406 - DEBUG - Already followed user: m-bwela. Skipping.
2026-09-20 02:16:44,406 - DEBUG - Already followed user: NachoOFC. Skipping.
2026-09-20 02:16:44,406 - DEBUG - Already followed user: CrisLottz. Skipping.
2026-09-20 02:16:44,406 - DEBUG - Already followed user: MrMDrX. Skipping.
2026-09-20 02:16:44,406 - DEBUG - Already followed user: nimakian. Skipping.
2026-09-20 02:16:44,406 - DEBUG - Already followed user: ettisafxrup. Skipping.
2026-09-20 02:16:44,406 - DEBUG - Already followed user: iamapuneet. Skipping.
2026-09-20 02:16:44,406 - DEBUG - Already followed user: iktiarnazib. Skipping.
2026-09-20 02:16:44,406 - DEBUG - Already followed user: Daxxtropezz. Skipping.
2026-09-20 02:16:44,406 - DEBUG - Already followed user: joaocarpim. Skipping.
2026-09-20 02:16:44,406 - DEBUG - Already followed user: 0xmurtimus. Skipping.
2026-09-20 02:16:44,406 - DEBUG - Already followed user: U1000000000000. Skipping.
2026-09-20 02:16:44,406 - DEBUG - Already followed user: shahriar0999. Skipping.
2026-09-20 02:16:44,406 - DEBUG - Already followed user: souvikrana17. Skipping.
2026-09-20 02:16:44,406 - DEBUG - Already followed user: AhmedDabish. Skipping.
2026-09-20 02:16:44,406 - DEBUG - Already followed user: DIMFLIX. Skipping.
2026-09-20 02:16:44,406 - DEBUG - Already followed user: 1526422010. Skipping.
2026-09-20 02:16:44,406 - DEBUG - Already followed user: EminHaziyev. Skipping.
2026-09-20 02:16:44,406 - DEBUG - Already followed user: VarshuAi. Skipping.
2026-09-20 02:16:44,406 - DEBUG - Already followed user: CelaFlori. Skipping.
2026-09-20 02:16:44,406 - DEBUG - Already followed user: 0xspryo. Skipping.
2026-09-20 02:16:44,406 - DEBUG - Already followed user: laurindoisaac. Skipping.
2026-09-20 02:16:44,406 - DEBUG - Already followed user: Motaman-M. Skipping.
2026-09-20 02:16:44,406 - DEBUG - Already followed user: Seif-01. Skipping.
2026-09-20 02:16:44,406 - DEBUG - Already followed user: motanelson. Skipping.
2026-09-20 02:16:44,406 - DEBUG - Already followed user: cepseu1. Skipping.
2026-09-20 02:16:44,406 - DEBUG - Already followed user: bolola777. Skipping.
2026-09-20 02:16:44,406 - DEBUG - Already followed user: vardan444. Skipping.
2026-09-20 02:16:44,406 - DEBUG - Already followed user: rahuloraj. Skipping.
2026-09-20 02:16:44,406 - DEBUG - Already followed user: knmlabs. Skipping.
2026-09-20 02:16:44,406 - DEBUG - Already followed user: Mubashir12392. Skipping.
2026-09-20 02:16:44,406 - DEBUG - Already followed user: jeallz. Skipping.
2026-09-20 02:16:44,406 - DEBUG - Already followed user: ArmandSegall. Skipping.
2026-09-20 02:16:44,406 - DEBUG - Already followed user: reignsi. Skipping.
2026-09-20 02:16:44,406 - DEBUG - Already followed user: christosantono. Skipping.
2026-09-20 02:16:44,406 - DEBUG - Already followed user: Nai64. Skipping.
2026-09-20 02:16:44,406 - DEBUG - Already followed user: K1rsN7. Skipping.
2026-09-20 02:16:44,406 - DEBUG - Already followed user: MatthewMacri. Skipping.
2026-09-20 02:16:44,406 - DEBUG - Already followed user: whitakeroliver. Skipping.
2026-09-20 02:16:44,406 - DEBUG - Already followed user: S4IL21. Skipping.
2026-09-20 02:16:44,759 - INFO - Rate Limit - Remaining: 5000, Reset at: 2026-09-20 03:16:44
2026-09-20 02:16:44,760 - INFO - Fetching followers from: https://api.github.com/users/aelmizeb/followers?per_page=100&page=3
2026-09-20 02:16:44,998 - DEBUG - Number of followers fetched: 100
2026-09-20 02:16:44,998 - INFO - Fetched 100 followers on page 3.
2026-09-20 02:16:44,998 - INFO - Sleeping for 5 seconds before following users.
2026-09-20 02:16:50,003 - DEBUG - Already followed user: filipzekovich. Skipping.
2026-09-20 02:16:50,004 - DEBUG - Already followed user: RafalW3bCraft. Skipping.
2026-09-20 02:16:50,004 - DEBUG - Already followed user: 7007259Ankur. Skipping.
2026-09-20 02:16:50,004 - DEBUG - Already followed user: amurrayeqc. Skipping.
2026-09-20 02:16:50,004 - DEBUG - Already followed user: Willysc10. Skipping.
2026-09-20 02:16:50,004 - DEBUG - Already followed user: rasidi3112. Skipping.
2026-09-20 02:16:50,004 - DEBUG - Already followed user: otaviossousa. Skipping.
2026-09-20 02:16:50,004 - DEBUG - Already followed user: taahabz. Skipping.
2026-09-20 02:16:50,004 - DEBUG - Already followed user: topdigitalplus. Skipping.
2026-09-20 02:16:50,004 - DEBUG - Already followed user: lilbodo123. Skipping.
2026-09-20 02:16:50,004 - DEBUG - Already followed user: super-phantom91. Skipping.
2026-09-20 02:16:50,004 - DEBUG - Already followed user: hyper-ayoub. Skipping.
2026-09-20 02:16:50,004 - DEBUG - Already followed user: DrParthaMajumder. Skipping.
2026-09-20 02:16:50,004 - DEBUG - Already followed user: sunjoe508. Skipping.
2026-09-20 02:16:50,004 - DEBUG - Already followed user: HalfFriedPotato. Skipping.
2026-09-20 02:16:50,004 - DEBUG - Already followed user: IamDevDan. Skipping.
2026-09-20 02:16:50,004 - DEBUG - Already followed user: engrshuvodas. Skipping.
2026-09-20 02:16:50,004 - DEBUG - Already followed user: Fellipemarcal. Skipping.
2026-09-20 02:16:50,004 - DEBUG - Already followed user: potentialdev-web. Skipping.
2026-09-20 02:16:50,004 - DEBUG - Already followed user: Laqrabti. Skipping.
2026-09-20 02:16:50,004 - DEBUG - Already followed user: masonliiu. Skipping.
2026-09-20 02:16:50,004 - DEBUG - Already followed user: deadlyandro. Skipping.
2026-09-20 02:16:50,004 - DEBUG - Already followed user: AhmadTigress. Skipping.
2026-09-20 02:16:50,004 - DEBUG - Already followed user: Maher-Elmair. Skipping.
2026-09-20 02:16:50,004 - DEBUG - Already followed user: harutosati. Skipping.
2026-09-20 02:16:50,004 - DEBUG - Already followed user: B2Kumar03. Skipping.
2026-09-20 02:16:50,004 - DEBUG - Already followed user: AbdulRehman393. Skipping.
2026-09-20 02:16:50,004 - DEBUG - Already followed user: vijayshikhare. Skipping.
2026-09-20 02:16:50,004 - DEBUG - Already followed user: nuraisi. Skipping.
2026-09-20 02:16:50,004 - DEBUG - Already followed user: aertsimon90. Skipping.
2026-09-20 02:16:50,004 - DEBUG - Already followed user: Bifenzine. Skipping.
2026-09-20 02:16:50,004 - DEBUG - Already followed user: Chainsmoker23. Skipping.
2026-09-20 02:16:50,004 - DEBUG - Already followed user: 3nesdeniz. Skipping.
2026-09-20 02:16:50,004 - DEBUG - Already followed user: vegata099. Skipping.
2026-09-20 02:16:50,004 - DEBUG - Already followed user: marichu-kt. Skipping.
2026-09-20 02:16:50,004 - DEBUG - Already followed user: yutomiwana. Skipping.
2026-09-20 02:16:50,004 - DEBUG - Already followed user: gaqx. Skipping.
2026-09-20 02:16:50,004 - DEBUG - Already followed user: AnonimusShamshiAlex. Skipping.
2026-09-20 02:16:50,004 - DEBUG - Already followed user: goShell3. Skipping.
2026-09-20 02:16:50,004 - DEBUG - Already followed user: bencheayoub. Skipping.
2026-09-20 02:16:50,004 - DEBUG - Already followed user: juicetreacly. Skipping.
2026-09-20 02:16:50,004 - DEBUG - Already followed user: Babarali2k21. Skipping.
2026-09-20 02:16:50,004 - DEBUG - Already followed user: a-partovii. Skipping.
2026-09-20 02:16:50,004 - DEBUG - Already followed user: SalehAkramSifat. Skipping.
2026-09-20 02:16:50,004 - DEBUG - Already followed user: mengnankkkk. Skipping.
2026-09-20 02:16:50,004 - DEBUG - Already followed user: lec320fd90d. Skipping.
2026-09-20 02:16:50,004 - DEBUG - Already followed user: nahladzulula. Skipping.
2026-09-20 02:16:50,004 - DEBUG - Already followed user: AImaniadev. Skipping.
2026-09-20 02:16:50,004 - DEBUG - Already followed user: LakhiniVoshadee. Skipping.
2026-09-20 02:16:50,004 - DEBUG - Already followed user: cfrBernard. Skipping.
2026-09-20 02:16:50,004 - DEBUG - Already followed user: rexblade58. Skipping.
2026-09-20 02:16:50,004 - DEBUG - Already followed user: amad3i. Skipping.
2026-09-20 02:16:50,004 - DEBUG - Already followed user: Arison99. Skipping.
2026-09-20 02:16:50,004 - DEBUG - Already followed user: abdulrhmansalama. Skipping.
2026-09-20 02:16:50,004 - DEBUG - Already followed user: AbSomeone. Skipping.
2026-09-20 02:16:50,004 - DEBUG - Already followed user: nam-htran. Skipping.
2026-09-20 02:16:50,004 - DEBUG - Already followed user: GitHub7667. Skipping.
2026-09-20 02:16:50,004 - DEBUG - Already followed user: Gabrieliam42. Skipping.
2026-09-20 02:16:50,004 - DEBUG - Already followed user: DevNinja08. Skipping.
2026-09-20 02:16:50,004 - DEBUG - Already followed user: dovvnloading. Skipping.
2026-09-20 02:16:50,004 - DEBUG - Already followed user: Ali-hey-0. Skipping.
2026-09-20 02:16:50,004 - DEBUG - Already followed user: talrejasahil4994. Skipping.
2026-09-20 02:16:50,004 - DEBUG - Already followed user: hellen-ansah. Skipping.
2026-09-20 02:16:50,004 - DEBUG - Already followed user: kiranShamsHere. Skipping.
2026-09-20 02:16:50,004 - DEBUG - Already followed user: Iankulani. Skipping.
2026-09-20 02:16:50,004 - DEBUG - Already followed user: VIDAKHOSHPEY22. Skipping.
2026-09-20 02:16:50,004 - DEBUG - Already followed user: BhagwaniVishi. Skipping.
2026-09-20 02:16:50,004 - DEBUG - Already followed user: aridepai17. Skipping.
2026-09-20 02:16:50,004 - DEBUG - Already followed user: 0Darkn. Skipping.
2026-09-20 02:16:50,004 - DEBUG - Already followed user: ShRP69. Skipping.
2026-09-20 02:16:50,004 - DEBUG - Already followed user: KayanShah. Skipping.
2026-09-20 02:16:50,004 - DEBUG - Already followed user: iousuz. Skipping.
2026-09-20 02:16:50,004 - DEBUG - Already followed user: tameTAK. Skipping.
2026-09-20 02:16:50,004 - DEBUG - Already followed user: Md-Mubin. Skipping.
2026-09-20 02:16:50,004 - DEBUG - Already followed user: lxl0825. Skipping.
2026-09-20 02:16:50,004 - DEBUG - Already followed user: andrewsavio. Skipping.
2026-09-20 02:16:50,004 - DEBUG - Already followed user: abressiddique. Skipping.
2026-09-20 02:16:50,004 - DEBUG - Already followed user: 0xAdafang. Skipping.
2026-09-20 02:16:50,005 - DEBUG - Already followed user: jkdevcode. Skipping.
2026-09-20 02:16:50,005 - DEBUG - Already followed user: JawherKl. Skipping.
2026-09-20 02:16:50,005 - DEBUG - Already followed user: pwnedroot. Skipping.
2026-09-20 02:16:50,005 - DEBUG - Already followed user: DaviBaum. Skipping.
2026-09-20 02:16:50,005 - DEBUG - Already followed user: Nour-yahyaoui. Skipping.
2026-09-20 02:16:50,005 - DEBUG - Already followed user: thornebaker. Skipping.
2026-09-20 02:16:50,005 - DEBUG - Already followed user: rioryugen. Skipping.
2026-09-20 02:16:50,005 - DEBUG - Already followed user: nikhilpatidar01. Skipping.
2026-09-20 02:16:50,005 - DEBUG - Already followed user: codeXdanyal. Skipping.
2026-09-20 02:16:50,005 - DEBUG - Already followed user: gambling-addict. Skipping.
2026-09-20 02:16:50,005 - DEBUG - Already followed user: novagad. Skipping.
2026-09-20 02:16:50,005 - DEBUG - Already followed user: chojuninengu. Skipping.
2026-09-20 02:16:50,005 - DEBUG - Already followed user: JOELNATHAN544. Skipping.
2026-09-20 02:16:50,005 - DEBUG - Already followed user: Senthil455. Skipping.
2026-09-20 02:16:50,005 - DEBUG - Already followed user: pouryaPKGit. Skipping.
2026-09-20 02:16:50,005 - DEBUG - Already followed user: mwakidenis. Skipping.
2026-09-20 02:16:50,005 - DEBUG - Already followed user: daniel149afonso. Skipping.
2026-09-20 02:16:50,005 - DEBUG - Already followed user: MatheusRuivo365. Skipping.
2026-09-20 02:16:50,005 - DEBUG - Already followed user: grimwaIker. Skipping.
2026-09-20 02:16:50,005 - DEBUG - Already followed user: vsrupeshkumar. Skipping.
2026-09-20 02:16:50,005 - DEBUG - Already followed user: landry-some. Skipping.
2026-09-20 02:16:50,005 - DEBUG - Already followed user: madhavgadge01. Skipping.
2026-09-20 02:16:50,211 - INFO - Rate Limit - Remaining: 5000, Reset at: 2026-09-20 03:16:50
2026-09-20 02:16:50,212 - INFO - Fetching followers from: https://api.github.com/users/aelmizeb/followers?per_page=100&page=4
2026-09-20 02:16:50,447 - DEBUG - Number of followers fetched: 100
2026-09-20 02:16:50,447 - INFO - Fetched 100 followers on page 4.
2026-09-20 02:16:50,447 - INFO - Sleeping for 5 seconds before following users.
2026-09-20 02:16:55,452 - DEBUG - Already followed user: panyster. Skipping.
2026-09-20 02:16:55,452 - DEBUG - Already followed user: MdShawonForazi. Skipping.
2026-09-20 02:16:55,452 - DEBUG - Already followed user: Muhammad-qureshi1. Skipping.
2026-09-20 02:16:55,452 - DEBUG - Already followed user: destroy-boys. Skipping.
2026-09-20 02:16:55,453 - DEBUG - Already followed user: byxbe. Skipping.
2026-09-20 02:16:55,453 - DEBUG - Already followed user: vimal0156. Skipping.
2026-09-20 02:16:55,453 - DEBUG - Already followed user: syedbilalalam1. Skipping.
2026-09-20 02:16:55,453 - DEBUG - Already followed user: Malaybhai11. Skipping.
2026-09-20 02:16:55,453 - DEBUG - Already followed user: COUNTRY-HUMANS. Skipping.
2026-09-20 02:16:55,453 - DEBUG - Already followed user: Ayokanmi-Adejola. Skipping.
2026-09-20 02:16:55,453 - DEBUG - Already followed user: irenerodriguezrod. Skipping.
2026-09-20 02:16:55,453 - DEBUG - Already followed user: ngsnethawarya. Skipping.
2026-09-20 02:16:55,453 - DEBUG - Already followed user: mahimarawat0707. Skipping.
2026-09-20 02:16:55,453 - DEBUG - Already followed user: MuratKomurcu1. Skipping.
2026-09-20 02:16:55,453 - DEBUG - Already followed user: DARKANGEL689. Skipping.
2026-09-20 02:16:55,453 - DEBUG - Already followed user: buildcompanytogether. Skipping.
2026-09-20 02:16:55,453 - DEBUG - Already followed user: techspire0924. Skipping.
2026-09-20 02:16:55,453 - DEBUG - Already followed user: TechLeon001. Skipping.
2026-09-20 02:16:55,453 - DEBUG - Already followed user: Obraims. Skipping.
2026-09-20 02:16:55,453 - DEBUG - Already followed user: HeavenlyDesires. Skipping.
2026-09-20 02:16:55,453 - DEBUG - Already followed user: sonle-dev. Skipping.
2026-09-20 02:16:55,453 - DEBUG - Already followed user: howls-moving-castle. Skipping.
2026-09-20 02:16:55,453 - DEBUG - Already followed user: lovehiccup. Skipping.
2026-09-20 02:16:55,453 - DEBUG - Already followed user: techEdge3030. Skipping.
2026-09-20 02:16:55,453 - DEBUG - Already followed user: webxos. Skipping.
2026-09-20 02:16:55,453 - DEBUG - Already followed user: developernayeemx. Skipping.
2026-09-20 02:16:55,453 - DEBUG - Already followed user: drydenmitchell. Skipping.
2026-09-20 02:16:55,453 - DEBUG - Already followed user: eatsky1006. Skipping.
2026-09-20 02:16:55,453 - DEBUG - Already followed user: frangelbarrera. Skipping.
2026-09-20 02:16:55,453 - DEBUG - Already followed user: 156afl. Skipping.
2026-09-20 02:16:55,453 - DEBUG - Already followed user: guten-tag-100. Skipping.
2026-09-20 02:16:55,453 - DEBUG - Already followed user: retrobullseye. Skipping.
2026-09-20 02:16:55,453 - DEBUG - Already followed user: nelbeu. Skipping.
2026-09-20 02:16:55,453 - DEBUG - Already followed user: ZPIIDR. Skipping.
2026-09-20 02:16:55,453 - DEBUG - Already followed user: floriant3. Skipping.
2026-09-20 02:16:55,453 - DEBUG - Already followed user: amazing-soft-dev. Skipping.
2026-09-20 02:16:55,453 - DEBUG - Already followed user: Quoriss. Skipping.
2026-09-20 02:16:55,453 - DEBUG - Already followed user: xcontcom. Skipping.
2026-09-20 02:16:55,453 - DEBUG - Already followed user: SparkNews00000. Skipping.
2026-09-20 02:16:55,453 - DEBUG - Already followed user: Lyne6666. Skipping.
2026-09-20 02:16:55,453 - DEBUG - Already followed user: nafiul-afk. Skipping.
2026-09-20 02:16:55,453 - DEBUG - Already followed user: ShiningRocket. Skipping.
2026-09-20 02:16:55,453 - DEBUG - Already followed user: Noori-Senior. Skipping.
2026-09-20 02:16:55,453 - DEBUG - Already followed user: umogal. Skipping.
2026-09-20 02:16:55,453 - DEBUG - Already followed user: AnjaliPatel301. Skipping.
2026-09-20 02:16:55,453 - DEBUG - Already followed user: Dev-Mania1988. Skipping.
2026-09-20 02:16:55,453 - DEBUG - Already followed user: BOYABOY999. Skipping.
2026-09-20 02:16:55,453 - DEBUG - Already followed user: NOUHABL. Skipping.
2026-09-20 02:16:55,453 - DEBUG - Already followed user: RamaAditya49. Skipping.
2026-09-20 02:16:55,453 - DEBUG - Already followed user: Seo-yeonLee. Skipping.
2026-09-20 02:16:55,453 - DEBUG - Already followed user: ChungusLord123. Skipping.
2026-09-20 02:16:55,453 - DEBUG - Already followed user: mohamadeydipour. Skipping.
2026-09-20 02:16:55,453 - DEBUG - Already followed user: constellation-infinity. Skipping.
2026-09-20 02:16:55,453 - DEBUG - Already followed user: rosem-coder. Skipping.
2026-09-20 02:16:55,453 - DEBUG - Already followed user: XO-Roham. Skipping.
2026-09-20 02:16:55,453 - DEBUG - Already followed user: kerryjanes. Skipping.
2026-09-20 02:16:55,453 - DEBUG - Already followed user: acid4you. Skipping.
2026-09-20 02:16:55,453 - DEBUG - Already followed user: hyuntayo. Skipping.
2026-09-20 02:16:55,453 - DEBUG - Already followed user: wetmet. Skipping.
2026-09-20 02:16:55,453 - DEBUG - Already followed user: sezindartar. Skipping.
2026-09-20 02:16:55,453 - DEBUG - Already followed user: arielshakaramiro. Skipping.
2026-09-20 02:16:55,453 - DEBUG - Already followed user: NovaNoodle7. Skipping.
2026-09-20 02:16:55,453 - DEBUG - Already followed user: annaveth. Skipping.
2026-09-20 02:16:55,453 - DEBUG - Already followed user: rexxdeev. Skipping.
2026-09-20 02:16:55,453 - DEBUG - Already followed user: cosmospice. Skipping.
2026-09-20 02:16:55,453 - DEBUG - Already followed user: lrepo52. Skipping.
2026-09-20 02:16:55,453 - DEBUG - Already followed user: uhsr. Skipping.
2026-09-20 02:16:55,453 - DEBUG - Already followed user: REIJISAKAMAKI. Skipping.
2026-09-20 02:16:55,453 - DEBUG - Already followed user: shivam01112. Skipping.
2026-09-20 02:16:55,453 - DEBUG - Already followed user: devnavodhimsara. Skipping.
2026-09-20 02:16:55,453 - DEBUG - Already followed user: muichirox. Skipping.
2026-09-20 02:16:55,453 - DEBUG - Already followed user: thehappydictator. Skipping.
2026-09-20 02:16:55,453 - DEBUG - Already followed user: JohnAxel04. Skipping.
2026-09-20 02:16:55,453 - DEBUG - Already followed user: laigit-dot. Skipping.
2026-09-20 02:16:55,453 - DEBUG - Already followed user: 1minds3t. Skipping.
2026-09-20 02:16:55,453 - DEBUG - Already followed user: 2nixx. Skipping.
2026-09-20 02:16:55,453 - DEBUG - Already followed user: Jones-6199. Skipping.
2026-09-20 02:16:55,453 - DEBUG - Already followed user: matchingduo. Skipping.
2026-09-20 02:16:55,453 - DEBUG - Already followed user: Mistrust12. Skipping.
2026-09-20 02:16:55,454 - DEBUG - Already followed user: runner28-code. Skipping.
2026-09-20 02:16:55,454 - DEBUG - Already followed user: kakaka-byte. Skipping.
2026-09-20 02:16:55,454 - DEBUG - Already followed user: alvrenkai. Skipping.
2026-09-20 02:16:55,454 - DEBUG - Already followed user: KabeloM13. Skipping.
2026-09-20 02:16:55,454 - DEBUG - Already followed user: HamiParsa. Skipping.
2026-09-20 02:16:55,454 - DEBUG - Already followed user: Lyche6666. Skipping.
2026-09-20 02:16:55,454 - DEBUG - Already followed user: sphinxzerd. Skipping.
2026-09-20 02:16:55,454 - DEBUG - Already followed user: siddhant3895. Skipping.
2026-09-20 02:16:55,454 - DEBUG - Already followed user: conexto. Skipping.
2026-09-20 02:16:55,454 - DEBUG - Already followed user: nikecodedev. Skipping.
2026-09-20 02:16:55,454 - DEBUG - Already followed user: anshull-rajput. Skipping.
2026-09-20 02:16:55,454 - DEBUG - Already followed user: ExCoder999. Skipping.
2026-09-20 02:16:55,454 - DEBUG - Already followed user: nykoco. Skipping.
2026-09-20 02:16:55,454 - DEBUG - Already followed user: zombietfk. Skipping.
2026-09-20 02:16:55,454 - DEBUG - Already followed user: Ashkan-P88. Skipping.
2026-09-20 02:16:55,454 - DEBUG - Already followed user: nexthireconnect. Skipping.
2026-09-20 02:16:55,454 - DEBUG - Already followed user: cyanile. Skipping.
2026-09-20 02:16:55,454 - DEBUG - Already followed user: REVOLV1NG. Skipping.
2026-09-20 02:16:55,454 - DEBUG - Already followed user: kakashl-hatake. Skipping.
2026-09-20 02:16:55,454 - DEBUG - Already followed user: falcon0709. Skipping.
2026-09-20 02:16:55,454 - DEBUG - Already followed user: martycorn. Skipping.
2026-09-20 02:16:55,681 - INFO - Rate Limit - Remaining: 5000, Reset at: 2026-09-20 03:16:55
2026-09-20 02:16:55,682 - INFO - Fetching followers from: https://api.github.com/users/aelmizeb/followers?per_page=100&page=5
2026-09-20 02:16:55,904 - DEBUG - Number of followers fetched: 55
2026-09-20 02:16:55,905 - INFO - Fetched 55 followers on page 5.
2026-09-20 02:16:55,905 - INFO - Sleeping for 5 seconds before following users.
2026-09-20 02:17:00,910 - DEBUG - Already followed user: HysteriaWEB3. Skipping.
2026-09-20 02:17:00,910 - DEBUG - Already followed user: joebtceth. Skipping.
2026-09-20 02:17:00,910 - DEBUG - Already followed user: jojoamanie. Skipping.
2026-09-20 02:17:00,910 - DEBUG - Already followed user: HussainAli-Ds. Skipping.
2026-09-20 02:17:00,910 - DEBUG - Already followed user: shahidazam2020-oss. Skipping.
2026-09-20 02:17:00,910 - DEBUG - Already followed user: muthokaricky-alt. Skipping.
2026-09-20 02:17:00,910 - DEBUG - Already followed user: MohibAhmadButt. Skipping.
2026-09-20 02:17:00,910 - DEBUG - Already followed user: 9Michael-Cooley. Skipping.
2026-09-20 02:17:00,910 - DEBUG - Already followed user: nargestohidloo. Skipping.
2026-09-20 02:17:00,910 - DEBUG - Already followed user: tawdesangeeta1973-coder. Skipping.
2026-09-20 02:17:00,910 - DEBUG - Already followed user: hwg-p. Skipping.
2026-09-20 02:17:00,910 - DEBUG - Already followed user: BERDLYY. Skipping.
2026-09-20 02:17:00,910 - DEBUG - Already followed user: chenE5M2. Skipping.
2026-09-20 02:17:00,910 - DEBUG - Already followed user: IvanDevMars. Skipping.
2026-09-20 02:17:00,910 - DEBUG - Already followed user: El-Tousy. Skipping.
2026-09-20 02:17:00,910 - DEBUG - Already followed user: art-in-alizade. Skipping.
2026-09-20 02:17:00,910 - DEBUG - Already followed user: josejairobaltazargallegos-afk. Skipping.
2026-09-20 02:17:00,910 - DEBUG - Already followed user: illusive7ai. Skipping.
2026-09-20 02:17:00,910 - DEBUG - Already followed user: prickcests. Skipping.
2026-09-20 02:17:00,910 - DEBUG - Already followed user: vibecodinguy. Skipping.
2026-09-20 02:17:00,910 - DEBUG - Already followed user: WElRD0. Skipping.
2026-09-20 02:17:00,910 - DEBUG - Already followed user: saravananbass12-tech. Skipping.
2026-09-20 02:17:00,910 - DEBUG - Already followed user: sugarburn. Skipping.
2026-09-20 02:17:00,910 - DEBUG - Already followed user: mcdev7777. Skipping.
2026-09-20 02:17:00,910 - DEBUG - Already followed user: Espotmx. Skipping.
2026-09-20 02:17:00,910 - DEBUG - Already followed user: MJ-ulia. Skipping.
2026-09-20 02:17:00,910 - DEBUG - Already followed user: B1LLIEJ0E. Skipping.
2026-09-20 02:17:00,910 - DEBUG - Already followed user: donaldmorry. Skipping.
2026-09-20 02:17:00,910 - DEBUG - Already followed user: EimanTahir027. Skipping.
2026-09-20 02:17:00,910 - DEBUG - Already followed user: oga35767-eng. Skipping.
2026-09-20 02:17:00,910 - DEBUG - Already followed user: kyal102. Skipping.
2026-09-20 02:17:00,910 - DEBUG - Already followed user: Belucking. Skipping.
2026-09-20 02:17:00,910 - DEBUG - Already followed user: holilayet. Skipping.
2026-09-20 02:17:00,910 - DEBUG - Already followed user: ByteBunny777. Skipping.
2026-09-20 02:17:00,910 - DEBUG - Already followed user: AngelofDarknessm. Skipping.
2026-09-20 02:17:00,910 - DEBUG - Already followed user: Ella-horizon. Skipping.
2026-09-20 02:17:00,910 - DEBUG - Already followed user: hassenbrahim. Skipping.
2026-09-20 02:17:00,910 - DEBUG - Already followed user: alberto4442. Skipping.
2026-09-20 02:17:00,910 - DEBUG - Already followed user: ancaferro. Skipping.
2026-09-20 02:17:00,910 - DEBUG - Already followed user: ElmanCod110. Skipping.
2026-09-20 02:17:00,910 - DEBUG - Already followed user: itstonywhite. Skipping.
2026-09-20 02:17:00,910 - DEBUG - Already followed user: raviwijerathna1. Skipping.
2026-09-20 02:17:00,910 - DEBUG - Already followed user: rafidahmed870. Skipping.
2026-09-20 02:17:00,910 - DEBUG - Already followed user: MaxCode917. Skipping.
2026-09-20 02:17:00,910 - DEBUG - Already followed user: neaflow. Skipping.
2026-09-20 02:17:00,910 - DEBUG - Already followed user: ClaerDev. Skipping.
2026-09-20 02:17:00,910 - DEBUG - Already followed user: TOPDEV99999. Skipping.
2026-09-20 02:17:00,910 - DEBUG - Already followed user: takahashikushina0223. Skipping.
2026-09-20 02:17:00,910 - DEBUG - Already followed user: takumi-sato0209. Skipping.
2026-09-20 02:17:00,910 - DEBUG - Already followed user: shinobi-coder701. Skipping.
2026-09-20 02:17:00,911 - DEBUG - Already followed user: cchongming. Skipping.
2026-09-20 02:17:00,911 - DEBUG - Already followed user: MahdiKordian. Skipping.
2026-09-20 02:17:00,911 - DEBUG - Already followed user: evvenoly. Skipping.
2026-09-20 02:17:00,911 - DEBUG - Already followed user: arvelquigley99. Skipping.
2026-09-20 02:17:00,911 - DEBUG - Already followed user: LenaBrooks. Skipping.
2026-09-20 02:17:01,112 - INFO - Rate Limit - Remaining: 5000, Reset at: 2026-09-20 03:17:01
2026-09-20 02:17:01,112 - INFO - Fetching followers from: https://api.github.com/users/aelmizeb/followers?per_page=100&page=6
2026-09-20 02:17:01,337 - DEBUG - Number of followers fetched: 0
2026-09-20 02:17:01,337 - INFO - No more followers to process. Exiting.
2026-09-20 02:17:01,338 - INFO - Follower counter updated: 1037
2026-09-20 02:17:01,338 - INFO - 
Following users from your follower list is done! Total followers fetched: 455, Total followers followed: 1037
2026-09-21 02:16:14,347 - INFO - Hi! I am GitHub Follower Bot.
2026-09-21 02:16:14,348 - INFO - Letting you follow all your followers!
2026-09-21 02:16:14,348 - INFO - Starting to fetch your follower lists...

2026-09-21 02:16:14,348 - INFO - Loaded 1037 already followed users.
2026-09-21 02:16:14,348 - INFO - Processing all followers without resume.
2026-09-21 02:16:14,348 - INFO - Starting from page: 1
2026-09-21 02:16:14,349 - INFO - Current follower counter: 1037
2026-09-21 02:16:14,621 - INFO - Rate Limit - Remaining: 5000, Reset at: 2026-09-21 03:16:14
2026-09-21 02:16:14,622 - INFO - Fetching followers from: https://api.github.com/users/aelmizeb/followers?per_page=100&page=1
2026-09-21 02:16:14,959 - DEBUG - Number of followers fetched: 100
2026-09-21 02:16:14,959 - INFO - Fetched 100 followers on page 1.
2026-09-21 02:16:14,959 - INFO - Sleeping for 5 seconds before following users.
2026-09-21 02:16:19,960 - DEBUG - Already followed user: levonk. Skipping.
2026-09-21 02:16:19,961 - DEBUG - Already followed user: peterruler. Skipping.
2026-09-21 02:16:19,961 - DEBUG - Already followed user: slavaGanzin. Skipping.
2026-09-21 02:16:19,961 - DEBUG - Already followed user: kenjinote. Skipping.
2026-09-21 02:16:19,961 - DEBUG - Already followed user: Spiritec7. Skipping.
2026-09-21 02:16:19,961 - DEBUG - Already followed user: sarkarshuvojit. Skipping.
2026-09-21 02:16:19,961 - DEBUG - Already followed user: unhappychoice. Skipping.
2026-09-21 02:16:19,961 - DEBUG - Already followed user: luckchain777. Skipping.
2026-09-21 02:16:19,961 - DEBUG - Already followed user: jorithanx. Skipping.
2026-09-21 02:16:19,961 - DEBUG - Already followed user: whiteplaine. Skipping.
2026-09-21 02:16:19,961 - DEBUG - Already followed user: gamemann. Skipping.
2026-09-21 02:16:19,961 - DEBUG - Already followed user: riseansmal. Skipping.
2026-09-21 02:16:19,961 - DEBUG - Already followed user: manman4. Skipping.
2026-09-21 02:16:19,961 - DEBUG - Already followed user: KylerCondran. Skipping.
2026-09-21 02:16:19,961 - DEBUG - Already followed user: ZhuChenn. Skipping.
2026-09-21 02:16:19,961 - DEBUG - Already followed user: Elbagoury. Skipping.
2026-09-21 02:16:19,961 - DEBUG - Already followed user: murapadev. Skipping.
2026-09-21 02:16:19,961 - DEBUG - Already followed user: tetref. Skipping.
2026-09-21 02:16:19,961 - DEBUG - Already followed user: Hantan1080. Skipping.
2026-09-21 02:16:19,961 - DEBUG - Already followed user: OliviaBennQ. Skipping.
2026-09-21 02:16:19,961 - DEBUG - Already followed user: budaivisita. Skipping.
2026-09-21 02:16:19,961 - DEBUG - Already followed user: ledgerhubteam. Skipping.
2026-09-21 02:16:19,961 - DEBUG - Already followed user: CelaDaniel. Skipping.
2026-09-21 02:16:19,961 - DEBUG - Already followed user: ThomasHWeb. Skipping.
2026-09-21 02:16:19,961 - DEBUG - Already followed user: paaak. Skipping.
2026-09-21 02:16:19,961 - DEBUG - Already followed user: hitman0290. Skipping.
2026-09-21 02:16:19,962 - DEBUG - Already followed user: jokeyhter. Skipping.
2026-09-21 02:16:19,962 - DEBUG - Already followed user: dbunt1tled. Skipping.
2026-09-21 02:16:19,962 - DEBUG - Already followed user: medmek. Skipping.
2026-09-21 02:16:19,962 - DEBUG - Already followed user: Hajjouz. Skipping.
2026-09-21 02:16:19,962 - DEBUG - Already followed user: IDouble. Skipping.
2026-09-21 02:16:19,962 - DEBUG - Already followed user: Jeesson. Skipping.
2026-09-21 02:16:19,962 - DEBUG - Already followed user: CatFortman. Skipping.
2026-09-21 02:16:19,962 - DEBUG - Already followed user: ZainJavaid. Skipping.
2026-09-21 02:16:19,962 - DEBUG - Already followed user: dioptx. Skipping.
2026-09-21 02:16:19,962 - DEBUG - Already followed user: DanHouseman. Skipping.
2026-09-21 02:16:19,962 - DEBUG - Already followed user: forgerondev. Skipping.
2026-09-21 02:16:19,962 - DEBUG - Already followed user: djvelimir. Skipping.
2026-09-21 02:16:19,962 - DEBUG - Already followed user: guevaraStian. Skipping.
2026-09-21 02:16:19,962 - INFO - Attempting to follow user: NotAFlightRisk
2026-09-21 02:16:20,320 - INFO - Successfully followed user: NotAFlightRisk
2026-09-21 02:16:20,322 - DEBUG - Appended user NotAFlightRisk to followers.txt.
2026-09-21 02:16:20,322 - INFO - Follower counter updated: 1038
2026-09-21 02:16:20,322 - INFO - Sleeping for 10.71 seconds before the next follow.
2026-09-21 02:16:31,041 - DEBUG - Already followed user: cambot86. Skipping.
2026-09-21 02:16:31,041 - DEBUG - Already followed user: visualGravitySense. Skipping.
2026-09-21 02:16:31,041 - DEBUG - Already followed user: Elite588. Skipping.
2026-09-21 02:16:31,041 - DEBUG - Already followed user: jelspace. Skipping.
2026-09-21 02:16:31,041 - DEBUG - Already followed user: Sanghyun-0h. Skipping.
2026-09-21 02:16:31,041 - DEBUG - Already followed user: dweatherston11. Skipping.
2026-09-21 02:16:31,041 - DEBUG - Already followed user: weiquan98. Skipping.
2026-09-21 02:16:31,041 - DEBUG - Already followed user: furendyna. Skipping.
2026-09-21 02:16:31,041 - DEBUG - Already followed user: KostasSliazas. Skipping.
2026-09-21 02:16:31,041 - DEBUG - Already followed user: hxreborn. Skipping.
2026-09-21 02:16:31,041 - DEBUG - Already followed user: hazexone. Skipping.
2026-09-21 02:16:31,041 - DEBUG - Already followed user: ardaltunel. Skipping.
2026-09-21 02:16:31,041 - DEBUG - Already followed user: domcomit. Skipping.
2026-09-21 02:16:31,042 - DEBUG - Already followed user: boomray. Skipping.
2026-09-21 02:16:31,042 - DEBUG - Already followed user: rob0pup. Skipping.
2026-09-21 02:16:31,042 - DEBUG - Already followed user: IshmamAbir. Skipping.
2026-09-21 02:16:31,042 - DEBUG - Already followed user: designAsign. Skipping.
2026-09-21 02:16:31,042 - DEBUG - Already followed user: ai-28. Skipping.
2026-09-21 02:16:31,042 - DEBUG - Already followed user: Connor9994. Skipping.
2026-09-21 02:16:31,042 - DEBUG - Already followed user: domx4q. Skipping.
2026-09-21 02:16:31,042 - DEBUG - Already followed user: Devify-Co. Skipping.
2026-09-21 02:16:31,042 - DEBUG - Already followed user: reckedcoder. Skipping.
2026-09-21 02:16:31,042 - DEBUG - Already followed user: jackciw. Skipping.
2026-09-21 02:16:31,042 - DEBUG - Already followed user: 4F71. Skipping.
2026-09-21 02:16:31,042 - DEBUG - Already followed user: standardgalactic. Skipping.
2026-09-21 02:16:31,042 - DEBUG - Already followed user: sandibrrm. Skipping.
2026-09-21 02:16:31,042 - DEBUG - Already followed user: MiladJoodi. Skipping.
2026-09-21 02:16:31,042 - DEBUG - Already followed user: AchrafReyani. Skipping.
2026-09-21 02:16:31,042 - DEBUG - Already followed user: jaderytm. Skipping.
2026-09-21 02:16:31,042 - DEBUG - Already followed user: nstrmx. Skipping.
2026-09-21 02:16:31,042 - DEBUG - Already followed user: RaccoonFacts. Skipping.
2026-09-21 02:16:31,042 - DEBUG - Already followed user: Kos-M. Skipping.
2026-09-21 02:16:31,042 - DEBUG - Already followed user: jfullstackdev. Skipping.
2026-09-21 02:16:31,042 - DEBUG - Already followed user: iVGeek. Skipping.
2026-09-21 02:16:31,042 - DEBUG - Already followed user: th3noryx. Skipping.
2026-09-21 02:16:31,042 - DEBUG - Already followed user: Unizuka22. Skipping.
2026-09-21 02:16:31,042 - DEBUG - Already followed user: vasilirigels. Skipping.
2026-09-21 02:16:31,042 - DEBUG - Already followed user: cristinagberta. Skipping.
2026-09-21 02:16:31,042 - DEBUG - Already followed user: alexanderbergerhd. Skipping.
2026-09-21 02:16:31,042 - DEBUG - Already followed user: mohammadnabia. Skipping.
2026-09-21 02:16:31,042 - DEBUG - Already followed user: itsbagsy. Skipping.
2026-09-21 02:16:31,042 - DEBUG - Already followed user: dmitryravilov. Skipping.
2026-09-21 02:16:31,042 - DEBUG - Already followed user: szenled. Skipping.
2026-09-21 02:16:31,043 - DEBUG - Already followed user: Mindlyss. Skipping.
2026-09-21 02:16:31,043 - DEBUG - Already followed user: cerenyilmazjinx. Skipping.
2026-09-21 02:16:31,043 - DEBUG - Already followed user: BEPb. Skipping.
2026-09-21 02:16:31,043 - DEBUG - Already followed user: galaxyb-dark. Skipping.
2026-09-21 02:16:31,043 - DEBUG - Already followed user: HafidIdrissi. Skipping.
2026-09-21 02:16:31,043 - DEBUG - Already followed user: oluiscabral. Skipping.
2026-09-21 02:16:31,043 - DEBUG - Already followed user: cryptoAur4x. Skipping.
2026-09-21 02:16:31,043 - DEBUG - Already followed user: emilycodestar. Skipping.
2026-09-21 02:16:31,043 - DEBUG - Already followed user: giewan. Skipping.
2026-09-21 02:16:31,043 - DEBUG - Already followed user: ivasik-k7. Skipping.
2026-09-21 02:16:31,043 - DEBUG - Already followed user: sakuyaloli. Skipping.
2026-09-21 02:16:31,043 - DEBUG - Already followed user: aantoooon. Skipping.
2026-09-21 02:16:31,043 - DEBUG - Already followed user: NeoZorK. Skipping.
2026-09-21 02:16:31,043 - DEBUG - Already followed user: albonidrizi. Skipping.
2026-09-21 02:16:31,043 - DEBUG - Already followed user: Arul1998. Skipping.
2026-09-21 02:16:31,043 - DEBUG - Already followed user: hajigur69. Skipping.
2026-09-21 02:16:31,043 - DEBUG - Already followed user: trajanOx. Skipping.
2026-09-21 02:16:31,352 - INFO - Rate Limit - Remaining: 5000, Reset at: 2026-09-21 03:16:31
2026-09-21 02:16:31,353 - INFO - Fetching followers from: https://api.github.com/users/aelmizeb/followers?per_page=100&page=2
2026-09-21 02:16:31,635 - DEBUG - Number of followers fetched: 100
2026-09-21 02:16:31,635 - INFO - Fetched 100 followers on page 2.
2026-09-21 02:16:31,635 - INFO - Sleeping for 5 seconds before following users.
2026-09-21 02:16:36,638 - DEBUG - Already followed user: VictoriaCabirta. Skipping.
2026-09-21 02:16:36,639 - DEBUG - Already followed user: CHUNG-HAO. Skipping.
2026-09-21 02:16:36,639 - DEBUG - Already followed user: loreius. Skipping.
2026-09-21 02:16:36,639 - DEBUG - Already followed user: Supremenottee. Skipping.
2026-09-21 02:16:36,639 - DEBUG - Already followed user: mainstar123. Skipping.
2026-09-21 02:16:36,639 - DEBUG - Already followed user: JohnMwendwa. Skipping.
2026-09-21 02:16:36,639 - DEBUG - Already followed user: Geek-Cheth. Skipping.
2026-09-21 02:16:36,639 - DEBUG - Already followed user: AhmadJeddi. Skipping.
2026-09-21 02:16:36,639 - DEBUG - Already followed user: OftenUser. Skipping.
2026-09-21 02:16:36,639 - DEBUG - Already followed user: mohammadhasanii. Skipping.
2026-09-21 02:16:36,639 - DEBUG - Already followed user: haochezh. Skipping.
2026-09-21 02:16:36,639 - DEBUG - Already followed user: mbitujames. Skipping.
2026-09-21 02:16:36,639 - DEBUG - Already followed user: Nisyalz01. Skipping.
2026-09-21 02:16:36,639 - DEBUG - Already followed user: MaitreyeeDhar. Skipping.
2026-09-21 02:16:36,639 - DEBUG - Already followed user: nelokusa. Skipping.
2026-09-21 02:16:36,639 - DEBUG - Already followed user: r97221004. Skipping.
2026-09-21 02:16:36,639 - DEBUG - Already followed user: Carrington-dev. Skipping.
2026-09-21 02:16:36,639 - DEBUG - Already followed user: pinhe91. Skipping.
2026-09-21 02:16:36,639 - DEBUG - Already followed user: minseochoj. Skipping.
2026-09-21 02:16:36,639 - DEBUG - Already followed user: thisalireza. Skipping.
2026-09-21 02:16:36,639 - DEBUG - Already followed user: BhuvanAde. Skipping.
2026-09-21 02:16:36,639 - DEBUG - Already followed user: KerollosMagdy. Skipping.
2026-09-21 02:16:36,639 - DEBUG - Already followed user: Jamkris. Skipping.
2026-09-21 02:16:36,639 - DEBUG - Already followed user: steph3nm. Skipping.
2026-09-21 02:16:36,639 - DEBUG - Already followed user: arch-yunus. Skipping.
2026-09-21 02:16:36,639 - DEBUG - Already followed user: Jailtonfonseca. Skipping.
2026-09-21 02:16:36,639 - DEBUG - Already followed user: lxRbckl. Skipping.
2026-09-21 02:16:36,639 - DEBUG - Already followed user: jamesgeodi. Skipping.
2026-09-21 02:16:36,639 - DEBUG - Already followed user: olienath. Skipping.
2026-09-21 02:16:36,640 - DEBUG - Already followed user: xrpcommunity. Skipping.
2026-09-21 02:16:36,640 - DEBUG - Already followed user: jolliesol. Skipping.
2026-09-21 02:16:36,640 - DEBUG - Already followed user: xnovaxdev. Skipping.
2026-09-21 02:16:36,640 - DEBUG - Already followed user: filzehoka. Skipping.
2026-09-21 02:16:36,640 - DEBUG - Already followed user: Wenyveo. Skipping.
2026-09-21 02:16:36,640 - DEBUG - Already followed user: nico-laqua. Skipping.
2026-09-21 02:16:36,640 - DEBUG - Already followed user: Hstkj23. Skipping.
2026-09-21 02:16:36,640 - DEBUG - Already followed user: emilybarru. Skipping.
2026-09-21 02:16:36,640 - DEBUG - Already followed user: NazmusSayad. Skipping.
2026-09-21 02:16:36,640 - DEBUG - Already followed user: Liuboshenko. Skipping.
2026-09-21 02:16:36,640 - DEBUG - Already followed user: lgomesappj. Skipping.
2026-09-21 02:16:36,640 - DEBUG - Already followed user: irenascent. Skipping.
2026-09-21 02:16:36,640 - DEBUG - Already followed user: Berserk-hub150. Skipping.
2026-09-21 02:16:36,640 - DEBUG - Already followed user: mariwatts. Skipping.
2026-09-21 02:16:36,640 - DEBUG - Already followed user: Davidevlops. Skipping.
2026-09-21 02:16:36,640 - DEBUG - Already followed user: ezozu. Skipping.
2026-09-21 02:16:36,640 - DEBUG - Already followed user: OHANA-WEB. Skipping.
2026-09-21 02:16:36,640 - DEBUG - Already followed user: BamdadTabari. Skipping.
2026-09-21 02:16:36,640 - DEBUG - Already followed user: vinamega. Skipping.
2026-09-21 02:16:36,640 - DEBUG - Already followed user: cgrundman. Skipping.
2026-09-21 02:16:36,640 - DEBUG - Already followed user: zkcryptweb. Skipping.
2026-09-21 02:16:36,640 - DEBUG - Already followed user: eldarlrd. Skipping.
2026-09-21 02:16:36,640 - DEBUG - Already followed user: bashichda. Skipping.
2026-09-21 02:16:36,640 - DEBUG - Already followed user: ludo53. Skipping.
2026-09-21 02:16:36,640 - DEBUG - Already followed user: heinodendal. Skipping.
2026-09-21 02:16:36,640 - DEBUG - Already followed user: linuxtusX5. Skipping.
2026-09-21 02:16:36,640 - DEBUG - Already followed user: CarAuto34. Skipping.
2026-09-21 02:16:36,640 - DEBUG - Already followed user: elifirinci. Skipping.
2026-09-21 02:16:36,640 - DEBUG - Already followed user: sabbir-noyon. Skipping.
2026-09-21 02:16:36,640 - DEBUG - Already followed user: Nima-Mollaei. Skipping.
2026-09-21 02:16:36,640 - DEBUG - Already followed user: apurva313. Skipping.
2026-09-21 02:16:36,640 - DEBUG - Already followed user: kyiroywops. Skipping.
2026-09-21 02:16:36,640 - DEBUG - Already followed user: m-bwela. Skipping.
2026-09-21 02:16:36,640 - DEBUG - Already followed user: NachoOFC. Skipping.
2026-09-21 02:16:36,640 - DEBUG - Already followed user: CrisLottz. Skipping.
2026-09-21 02:16:36,640 - DEBUG - Already followed user: MrMDrX. Skipping.
2026-09-21 02:16:36,640 - DEBUG - Already followed user: nimakian. Skipping.
2026-09-21 02:16:36,640 - DEBUG - Already followed user: ettisafxrup. Skipping.
2026-09-21 02:16:36,640 - DEBUG - Already followed user: iamapuneet. Skipping.
2026-09-21 02:16:36,641 - DEBUG - Already followed user: iktiarnazib. Skipping.
2026-09-21 02:16:36,641 - DEBUG - Already followed user: Daxxtropezz. Skipping.
2026-09-21 02:16:36,641 - DEBUG - Already followed user: joaocarpim. Skipping.
2026-09-21 02:16:36,641 - DEBUG - Already followed user: 0xmurtimus. Skipping.
2026-09-21 02:16:36,641 - DEBUG - Already followed user: U1000000000000. Skipping.
2026-09-21 02:16:36,641 - DEBUG - Already followed user: shahriar0999. Skipping.
2026-09-21 02:16:36,641 - DEBUG - Already followed user: souvikrana17. Skipping.
2026-09-21 02:16:36,641 - DEBUG - Already followed user: AhmedDabish. Skipping.
2026-09-21 02:16:36,641 - DEBUG - Already followed user: DIMFLIX. Skipping.
2026-09-21 02:16:36,641 - DEBUG - Already followed user: 1526422010. Skipping.
2026-09-21 02:16:36,641 - DEBUG - Already followed user: EminHaziyev. Skipping.
2026-09-21 02:16:36,641 - DEBUG - Already followed user: VarshuAi. Skipping.
2026-09-21 02:16:36,641 - DEBUG - Already followed user: CelaFlori. Skipping.
2026-09-21 02:16:36,641 - DEBUG - Already followed user: 0xspryo. Skipping.
2026-09-21 02:16:36,641 - DEBUG - Already followed user: laurindoisaac. Skipping.
2026-09-21 02:16:36,641 - DEBUG - Already followed user: Motaman-M. Skipping.
2026-09-21 02:16:36,641 - DEBUG - Already followed user: Seif-01. Skipping.
2026-09-21 02:16:36,641 - DEBUG - Already followed user: motanelson. Skipping.
2026-09-21 02:16:36,641 - DEBUG - Already followed user: cepseu1. Skipping.
2026-09-21 02:16:36,641 - DEBUG - Already followed user: bolola777. Skipping.
2026-09-21 02:16:36,641 - DEBUG - Already followed user: vardan444. Skipping.
2026-09-21 02:16:36,641 - DEBUG - Already followed user: rahuloraj. Skipping.
2026-09-21 02:16:36,641 - DEBUG - Already followed user: knmlabs. Skipping.
2026-09-21 02:16:36,641 - DEBUG - Already followed user: Mubashir12392. Skipping.
2026-09-21 02:16:36,641 - DEBUG - Already followed user: jeallz. Skipping.
2026-09-21 02:16:36,641 - DEBUG - Already followed user: ArmandSegall. Skipping.
2026-09-21 02:16:36,641 - DEBUG - Already followed user: reignsi. Skipping.
2026-09-21 02:16:36,641 - DEBUG - Already followed user: christosantono. Skipping.
2026-09-21 02:16:36,641 - DEBUG - Already followed user: Nai64. Skipping.
2026-09-21 02:16:36,641 - DEBUG - Already followed user: K1rsN7. Skipping.
2026-09-21 02:16:36,641 - DEBUG - Already followed user: MatthewMacri. Skipping.
2026-09-21 02:16:36,641 - DEBUG - Already followed user: whitakeroliver. Skipping.
2026-09-21 02:16:36,967 - INFO - Rate Limit - Remaining: 5000, Reset at: 2026-09-21 03:16:36
2026-09-21 02:16:36,968 - INFO - Fetching followers from: https://api.github.com/users/aelmizeb/followers?per_page=100&page=3
2026-09-21 02:16:37,269 - DEBUG - Number of followers fetched: 100
2026-09-21 02:16:37,269 - INFO - Fetched 100 followers on page 3.
2026-09-21 02:16:37,270 - INFO - Sleeping for 5 seconds before following users.
2026-09-21 02:16:42,275 - DEBUG - Already followed user: S4IL21. Skipping.
2026-09-21 02:16:42,275 - DEBUG - Already followed user: filipzekovich. Skipping.
2026-09-21 02:16:42,275 - DEBUG - Already followed user: RafalW3bCraft. Skipping.
2026-09-21 02:16:42,275 - DEBUG - Already followed user: 7007259Ankur. Skipping.
2026-09-21 02:16:42,275 - DEBUG - Already followed user: amurrayeqc. Skipping.
2026-09-21 02:16:42,275 - DEBUG - Already followed user: Willysc10. Skipping.
2026-09-21 02:16:42,275 - DEBUG - Already followed user: rasidi3112. Skipping.
2026-09-21 02:16:42,275 - DEBUG - Already followed user: otaviossousa. Skipping.
2026-09-21 02:16:42,275 - DEBUG - Already followed user: taahabz. Skipping.
2026-09-21 02:16:42,275 - DEBUG - Already followed user: topdigitalplus. Skipping.
2026-09-21 02:16:42,275 - DEBUG - Already followed user: lilbodo123. Skipping.
2026-09-21 02:16:42,275 - DEBUG - Already followed user: super-phantom91. Skipping.
2026-09-21 02:16:42,275 - DEBUG - Already followed user: hyper-ayoub. Skipping.
2026-09-21 02:16:42,275 - DEBUG - Already followed user: DrParthaMajumder. Skipping.
2026-09-21 02:16:42,275 - DEBUG - Already followed user: sunjoe508. Skipping.
2026-09-21 02:16:42,275 - DEBUG - Already followed user: HalfFriedPotato. Skipping.
2026-09-21 02:16:42,275 - DEBUG - Already followed user: IamDevDan. Skipping.
2026-09-21 02:16:42,275 - DEBUG - Already followed user: engrshuvodas. Skipping.
2026-09-21 02:16:42,275 - DEBUG - Already followed user: Fellipemarcal. Skipping.
2026-09-21 02:16:42,275 - DEBUG - Already followed user: potentialdev-web. Skipping.
2026-09-21 02:16:42,275 - DEBUG - Already followed user: Laqrabti. Skipping.
2026-09-21 02:16:42,276 - DEBUG - Already followed user: masonliiu. Skipping.
2026-09-21 02:16:42,276 - DEBUG - Already followed user: deadlyandro. Skipping.
2026-09-21 02:16:42,276 - DEBUG - Already followed user: AhmadTigress. Skipping.
2026-09-21 02:16:42,276 - DEBUG - Already followed user: Maher-Elmair. Skipping.
2026-09-21 02:16:42,276 - DEBUG - Already followed user: harutosati. Skipping.
2026-09-21 02:16:42,276 - DEBUG - Already followed user: B2Kumar03. Skipping.
2026-09-21 02:16:42,276 - DEBUG - Already followed user: AbdulRehman393. Skipping.
2026-09-21 02:16:42,276 - DEBUG - Already followed user: vijayshikhare. Skipping.
2026-09-21 02:16:42,276 - DEBUG - Already followed user: nuraisi. Skipping.
2026-09-21 02:16:42,276 - DEBUG - Already followed user: aertsimon90. Skipping.
2026-09-21 02:16:42,276 - DEBUG - Already followed user: Bifenzine. Skipping.
2026-09-21 02:16:42,276 - DEBUG - Already followed user: Chainsmoker23. Skipping.
2026-09-21 02:16:42,276 - DEBUG - Already followed user: 3nesdeniz. Skipping.
2026-09-21 02:16:42,276 - DEBUG - Already followed user: vegata099. Skipping.
2026-09-21 02:16:42,276 - DEBUG - Already followed user: marichu-kt. Skipping.
2026-09-21 02:16:42,276 - DEBUG - Already followed user: yutomiwana. Skipping.
2026-09-21 02:16:42,276 - DEBUG - Already followed user: gaqx. Skipping.
2026-09-21 02:16:42,276 - DEBUG - Already followed user: AnonimusShamshiAlex. Skipping.
2026-09-21 02:16:42,276 - DEBUG - Already followed user: goShell3. Skipping.
2026-09-21 02:16:42,276 - DEBUG - Already followed user: bencheayoub. Skipping.
2026-09-21 02:16:42,276 - DEBUG - Already followed user: juicetreacly. Skipping.
2026-09-21 02:16:42,276 - DEBUG - Already followed user: Babarali2k21. Skipping.
2026-09-21 02:16:42,276 - DEBUG - Already followed user: a-partovii. Skipping.
2026-09-21 02:16:42,276 - DEBUG - Already followed user: SalehAkramSifat. Skipping.
2026-09-21 02:16:42,276 - DEBUG - Already followed user: mengnankkkk. Skipping.
2026-09-21 02:16:42,276 - DEBUG - Already followed user: lec320fd90d. Skipping.
2026-09-21 02:16:42,276 - DEBUG - Already followed user: nahladzulula. Skipping.
2026-09-21 02:16:42,276 - DEBUG - Already followed user: AImaniadev. Skipping.
2026-09-21 02:16:42,276 - DEBUG - Already followed user: LakhiniVoshadee. Skipping.
2026-09-21 02:16:42,276 - DEBUG - Already followed user: cfrBernard. Skipping.
2026-09-21 02:16:42,276 - DEBUG - Already followed user: rexblade58. Skipping.
2026-09-21 02:16:42,276 - DEBUG - Already followed user: amad3i. Skipping.
2026-09-21 02:16:42,276 - DEBUG - Already followed user: Arison99. Skipping.
2026-09-21 02:16:42,276 - DEBUG - Already followed user: abdulrhmansalama. Skipping.
2026-09-21 02:16:42,276 - DEBUG - Already followed user: AbSomeone. Skipping.
2026-09-21 02:16:42,276 - DEBUG - Already followed user: nam-htran. Skipping.
2026-09-21 02:16:42,276 - DEBUG - Already followed user: GitHub7667. Skipping.
2026-09-21 02:16:42,277 - DEBUG - Already followed user: Gabrieliam42. Skipping.
2026-09-21 02:16:42,277 - DEBUG - Already followed user: DevNinja08. Skipping.
2026-09-21 02:16:42,277 - DEBUG - Already followed user: dovvnloading. Skipping.
2026-09-21 02:16:42,277 - DEBUG - Already followed user: Ali-hey-0. Skipping.
2026-09-21 02:16:42,277 - DEBUG - Already followed user: talrejasahil4994. Skipping.
2026-09-21 02:16:42,277 - DEBUG - Already followed user: hellen-ansah. Skipping.
2026-09-21 02:16:42,277 - DEBUG - Already followed user: kiranShamsHere. Skipping.
2026-09-21 02:16:42,277 - DEBUG - Already followed user: Iankulani. Skipping.
2026-09-21 02:16:42,277 - DEBUG - Already followed user: VIDAKHOSHPEY22. Skipping.
2026-09-21 02:16:42,277 - DEBUG - Already followed user: BhagwaniVishi. Skipping.
2026-09-21 02:16:42,277 - DEBUG - Already followed user: aridepai17. Skipping.
2026-09-21 02:16:42,277 - DEBUG - Already followed user: 0Darkn. Skipping.
2026-09-21 02:16:42,277 - DEBUG - Already followed user: ShRP69. Skipping.
2026-09-21 02:16:42,277 - DEBUG - Already followed user: KayanShah. Skipping.
2026-09-21 02:16:42,277 - DEBUG - Already followed user: iousuz. Skipping.
2026-09-21 02:16:42,277 - DEBUG - Already followed user: tameTAK. Skipping.
2026-09-21 02:16:42,277 - DEBUG - Already followed user: Md-Mubin. Skipping.
2026-09-21 02:16:42,277 - DEBUG - Already followed user: lxl0825. Skipping.
2026-09-21 02:16:42,277 - DEBUG - Already followed user: andrewsavio. Skipping.
2026-09-21 02:16:42,277 - DEBUG - Already followed user: abressiddique. Skipping.
2026-09-21 02:16:42,277 - DEBUG - Already followed user: 0xAdafang. Skipping.
2026-09-21 02:16:42,277 - DEBUG - Already followed user: jkdevcode. Skipping.
2026-09-21 02:16:42,277 - DEBUG - Already followed user: JawherKl. Skipping.
2026-09-21 02:16:42,277 - DEBUG - Already followed user: pwnedroot. Skipping.
2026-09-21 02:16:42,277 - DEBUG - Already followed user: DaviBaum. Skipping.
2026-09-21 02:16:42,277 - DEBUG - Already followed user: Nour-yahyaoui. Skipping.
2026-09-21 02:16:42,277 - DEBUG - Already followed user: thornebaker. Skipping.
2026-09-21 02:16:42,277 - DEBUG - Already followed user: rioryugen. Skipping.
2026-09-21 02:16:42,277 - DEBUG - Already followed user: nikhilpatidar01. Skipping.
2026-09-21 02:16:42,277 - DEBUG - Already followed user: codeXdanyal. Skipping.
2026-09-21 02:16:42,277 - DEBUG - Already followed user: gambling-addict. Skipping.
2026-09-21 02:16:42,277 - DEBUG - Already followed user: novagad. Skipping.
2026-09-21 02:16:42,277 - DEBUG - Already followed user: chojuninengu. Skipping.
2026-09-21 02:16:42,277 - DEBUG - Already followed user: JOELNATHAN544. Skipping.
2026-09-21 02:16:42,277 - DEBUG - Already followed user: Senthil455. Skipping.
2026-09-21 02:16:42,277 - DEBUG - Already followed user: pouryaPKGit. Skipping.
2026-09-21 02:16:42,277 - DEBUG - Already followed user: mwakidenis. Skipping.
2026-09-21 02:16:42,277 - DEBUG - Already followed user: daniel149afonso. Skipping.
2026-09-21 02:16:42,277 - DEBUG - Already followed user: MatheusRuivo365. Skipping.
2026-09-21 02:16:42,278 - DEBUG - Already followed user: grimwaIker. Skipping.
2026-09-21 02:16:42,278 - DEBUG - Already followed user: vsrupeshkumar. Skipping.
2026-09-21 02:16:42,278 - DEBUG - Already followed user: landry-some. Skipping.
2026-09-21 02:16:42,552 - INFO - Rate Limit - Remaining: 5000, Reset at: 2026-09-21 03:16:42
2026-09-21 02:16:42,553 - INFO - Fetching followers from: https://api.github.com/users/aelmizeb/followers?per_page=100&page=4
2026-09-21 02:16:42,846 - DEBUG - Number of followers fetched: 100
2026-09-21 02:16:42,846 - INFO - Fetched 100 followers on page 4.
2026-09-21 02:16:42,846 - INFO - Sleeping for 5 seconds before following users.
2026-09-21 02:16:47,851 - DEBUG - Already followed user: madhavgadge01. Skipping.
2026-09-21 02:16:47,851 - DEBUG - Already followed user: panyster. Skipping.
2026-09-21 02:16:47,851 - DEBUG - Already followed user: MdShawonForazi. Skipping.
2026-09-21 02:16:47,851 - DEBUG - Already followed user: Muhammad-qureshi1. Skipping.
2026-09-21 02:16:47,851 - DEBUG - Already followed user: destroy-boys. Skipping.
2026-09-21 02:16:47,852 - DEBUG - Already followed user: byxbe. Skipping.
2026-09-21 02:16:47,852 - DEBUG - Already followed user: vimal0156. Skipping.
2026-09-21 02:16:47,852 - DEBUG - Already followed user: syedbilalalam1. Skipping.
2026-09-21 02:16:47,852 - DEBUG - Already followed user: Malaybhai11. Skipping.
2026-09-21 02:16:47,852 - DEBUG - Already followed user: COUNTRY-HUMANS. Skipping.
2026-09-21 02:16:47,852 - DEBUG - Already followed user: Ayokanmi-Adejola. Skipping.
2026-09-21 02:16:47,852 - DEBUG - Already followed user: irenerodriguezrod. Skipping.
2026-09-21 02:16:47,852 - DEBUG - Already followed user: ngsnethawarya. Skipping.
2026-09-21 02:16:47,852 - DEBUG - Already followed user: mahimarawat0707. Skipping.
2026-09-21 02:16:47,852 - DEBUG - Already followed user: MuratKomurcu1. Skipping.
2026-09-21 02:16:47,852 - DEBUG - Already followed user: DARKANGEL689. Skipping.
2026-09-21 02:16:47,852 - DEBUG - Already followed user: buildcompanytogether. Skipping.
2026-09-21 02:16:47,852 - DEBUG - Already followed user: techspire0924. Skipping.
2026-09-21 02:16:47,852 - DEBUG - Already followed user: TechLeon001. Skipping.
2026-09-21 02:16:47,852 - DEBUG - Already followed user: Obraims. Skipping.
2026-09-21 02:16:47,852 - DEBUG - Already followed user: HeavenlyDesires. Skipping.
2026-09-21 02:16:47,852 - DEBUG - Already followed user: sonle-dev. Skipping.
2026-09-21 02:16:47,852 - DEBUG - Already followed user: howls-moving-castle. Skipping.
2026-09-21 02:16:47,852 - DEBUG - Already followed user: lovehiccup. Skipping.
2026-09-21 02:16:47,852 - DEBUG - Already followed user: techEdge3030. Skipping.
2026-09-21 02:16:47,852 - DEBUG - Already followed user: webxos. Skipping.
2026-09-21 02:16:47,852 - DEBUG - Already followed user: developernayeemx. Skipping.
2026-09-21 02:16:47,852 - DEBUG - Already followed user: drydenmitchell. Skipping.
2026-09-21 02:16:47,852 - DEBUG - Already followed user: eatsky1006. Skipping.
2026-09-21 02:16:47,852 - DEBUG - Already followed user: frangelbarrera. Skipping.
2026-09-21 02:16:47,852 - DEBUG - Already followed user: 156afl. Skipping.
2026-09-21 02:16:47,852 - DEBUG - Already followed user: guten-tag-100. Skipping.
2026-09-21 02:16:47,852 - DEBUG - Already followed user: retrobullseye. Skipping.
2026-09-21 02:16:47,852 - DEBUG - Already followed user: nelbeu. Skipping.
2026-09-21 02:16:47,852 - DEBUG - Already followed user: ZPIIDR. Skipping.
2026-09-21 02:16:47,852 - DEBUG - Already followed user: floriant3. Skipping.
2026-09-21 02:16:47,852 - DEBUG - Already followed user: amazing-soft-dev. Skipping.
2026-09-21 02:16:47,852 - DEBUG - Already followed user: Quoriss. Skipping.
2026-09-21 02:16:47,852 - DEBUG - Already followed user: xcontcom. Skipping.
2026-09-21 02:16:47,852 - DEBUG - Already followed user: SparkNews00000. Skipping.
2026-09-21 02:16:47,852 - DEBUG - Already followed user: Lyne6666. Skipping.
2026-09-21 02:16:47,853 - DEBUG - Already followed user: nafiul-afk. Skipping.
2026-09-21 02:16:47,853 - DEBUG - Already followed user: ShiningRocket. Skipping.
2026-09-21 02:16:47,853 - DEBUG - Already followed user: Noori-Senior. Skipping.
2026-09-21 02:16:47,853 - DEBUG - Already followed user: umogal. Skipping.
2026-09-21 02:16:47,853 - DEBUG - Already followed user: AnjaliPatel301. Skipping.
2026-09-21 02:16:47,853 - DEBUG - Already followed user: Dev-Mania1988. Skipping.
2026-09-21 02:16:47,853 - DEBUG - Already followed user: BOYABOY999. Skipping.
2026-09-21 02:16:47,853 - DEBUG - Already followed user: NOUHABL. Skipping.
2026-09-21 02:16:47,853 - DEBUG - Already followed user: RamaAditya49. Skipping.
2026-09-21 02:16:47,853 - DEBUG - Already followed user: Seo-yeonLee. Skipping.
2026-09-21 02:16:47,853 - DEBUG - Already followed user: ChungusLord123. Skipping.
2026-09-21 02:16:47,853 - DEBUG - Already followed user: mohamadeydipour. Skipping.
2026-09-21 02:16:47,853 - DEBUG - Already followed user: constellation-infinity. Skipping.
2026-09-21 02:16:47,853 - DEBUG - Already followed user: rosem-coder. Skipping.
2026-09-21 02:16:47,853 - DEBUG - Already followed user: XO-Roham. Skipping.
2026-09-21 02:16:47,853 - DEBUG - Already followed user: kerryjanes. Skipping.
2026-09-21 02:16:47,853 - DEBUG - Already followed user: acid4you. Skipping.
2026-09-21 02:16:47,853 - DEBUG - Already followed user: hyuntayo. Skipping.
2026-09-21 02:16:47,853 - DEBUG - Already followed user: wetmet. Skipping.
2026-09-21 02:16:47,853 - DEBUG - Already followed user: sezindartar. Skipping.
2026-09-21 02:16:47,853 - DEBUG - Already followed user: arielshakaramiro. Skipping.
2026-09-21 02:16:47,853 - DEBUG - Already followed user: NovaNoodle7. Skipping.
2026-09-21 02:16:47,853 - DEBUG - Already followed user: annaveth. Skipping.
2026-09-21 02:16:47,853 - DEBUG - Already followed user: rexxdeev. Skipping.
2026-09-21 02:16:47,853 - DEBUG - Already followed user: cosmospice. Skipping.
2026-09-21 02:16:47,853 - DEBUG - Already followed user: lrepo52. Skipping.
2026-09-21 02:16:47,853 - DEBUG - Already followed user: uhsr. Skipping.
2026-09-21 02:16:47,853 - DEBUG - Already followed user: REIJISAKAMAKI. Skipping.
2026-09-21 02:16:47,853 - DEBUG - Already followed user: shivam01112. Skipping.
2026-09-21 02:16:47,853 - DEBUG - Already followed user: devnavodhimsara. Skipping.
2026-09-21 02:16:47,853 - DEBUG - Already followed user: muichirox. Skipping.
2026-09-21 02:16:47,853 - DEBUG - Already followed user: thehappydictator. Skipping.
2026-09-21 02:16:47,853 - DEBUG - Already followed user: JohnAxel04. Skipping.
2026-09-21 02:16:47,853 - DEBUG - Already followed user: laigit-dot. Skipping.
2026-09-21 02:16:47,853 - DEBUG - Already followed user: 1minds3t. Skipping.
2026-09-21 02:16:47,853 - DEBUG - Already followed user: 2nixx. Skipping.
2026-09-21 02:16:47,853 - DEBUG - Already followed user: Jones-6199. Skipping.
2026-09-21 02:16:47,853 - DEBUG - Already followed user: matchingduo. Skipping.
2026-09-21 02:16:47,853 - DEBUG - Already followed user: Mistrust12. Skipping.
2026-09-21 02:16:47,854 - DEBUG - Already followed user: runner28-code. Skipping.
2026-09-21 02:16:47,854 - DEBUG - Already followed user: kakaka-byte. Skipping.
2026-09-21 02:16:47,854 - DEBUG - Already followed user: alvrenkai. Skipping.
2026-09-21 02:16:47,854 - DEBUG - Already followed user: KabeloM13. Skipping.
2026-09-21 02:16:47,854 - DEBUG - Already followed user: HamiParsa. Skipping.
2026-09-21 02:16:47,854 - DEBUG - Already followed user: Lyche6666. Skipping.
2026-09-21 02:16:47,854 - DEBUG - Already followed user: sphinxzerd. Skipping.
2026-09-21 02:16:47,854 - DEBUG - Already followed user: siddhant3895. Skipping.
2026-09-21 02:16:47,854 - DEBUG - Already followed user: conexto. Skipping.
2026-09-21 02:16:47,854 - DEBUG - Already followed user: nikecodedev. Skipping.
2026-09-21 02:16:47,854 - DEBUG - Already followed user: anshull-rajput. Skipping.
2026-09-21 02:16:47,854 - DEBUG - Already followed user: ExCoder999. Skipping.
2026-09-21 02:16:47,854 - DEBUG - Already followed user: nykoco. Skipping.
2026-09-21 02:16:47,854 - DEBUG - Already followed user: zombietfk. Skipping.
2026-09-21 02:16:47,854 - DEBUG - Already followed user: Ashkan-P88. Skipping.
2026-09-21 02:16:47,854 - DEBUG - Already followed user: nexthireconnect. Skipping.
2026-09-21 02:16:47,854 - DEBUG - Already followed user: cyanile. Skipping.
2026-09-21 02:16:47,854 - DEBUG - Already followed user: REVOLV1NG. Skipping.
2026-09-21 02:16:47,854 - DEBUG - Already followed user: kakashl-hatake. Skipping.
2026-09-21 02:16:47,854 - DEBUG - Already followed user: falcon0709. Skipping.
2026-09-21 02:16:48,124 - INFO - Rate Limit - Remaining: 5000, Reset at: 2026-09-21 03:16:48
2026-09-21 02:16:48,125 - INFO - Fetching followers from: https://api.github.com/users/aelmizeb/followers?per_page=100&page=5
2026-09-21 02:16:48,403 - DEBUG - Number of followers fetched: 56
2026-09-21 02:16:48,403 - INFO - Fetched 56 followers on page 5.
2026-09-21 02:16:48,403 - INFO - Sleeping for 5 seconds before following users.
2026-09-21 02:16:53,409 - DEBUG - Already followed user: martycorn. Skipping.
2026-09-21 02:16:53,409 - DEBUG - Already followed user: HysteriaWEB3. Skipping.
2026-09-21 02:16:53,409 - DEBUG - Already followed user: joebtceth. Skipping.
2026-09-21 02:16:53,409 - DEBUG - Already followed user: jojoamanie. Skipping.
2026-09-21 02:16:53,409 - DEBUG - Already followed user: HussainAli-Ds. Skipping.
2026-09-21 02:16:53,409 - DEBUG - Already followed user: shahidazam2020-oss. Skipping.
2026-09-21 02:16:53,409 - DEBUG - Already followed user: muthokaricky-alt. Skipping.
2026-09-21 02:16:53,409 - DEBUG - Already followed user: MohibAhmadButt. Skipping.
2026-09-21 02:16:53,409 - DEBUG - Already followed user: 9Michael-Cooley. Skipping.
2026-09-21 02:16:53,409 - DEBUG - Already followed user: nargestohidloo. Skipping.
2026-09-21 02:16:53,409 - DEBUG - Already followed user: tawdesangeeta1973-coder. Skipping.
2026-09-21 02:16:53,409 - DEBUG - Already followed user: hwg-p. Skipping.
2026-09-21 02:16:53,409 - DEBUG - Already followed user: BERDLYY. Skipping.
2026-09-21 02:16:53,409 - DEBUG - Already followed user: chenE5M2. Skipping.
2026-09-21 02:16:53,409 - DEBUG - Already followed user: IvanDevMars. Skipping.
2026-09-21 02:16:53,409 - DEBUG - Already followed user: El-Tousy. Skipping.
2026-09-21 02:16:53,409 - DEBUG - Already followed user: art-in-alizade. Skipping.
2026-09-21 02:16:53,409 - DEBUG - Already followed user: josejairobaltazargallegos-afk. Skipping.
2026-09-21 02:16:53,409 - DEBUG - Already followed user: illusive7ai. Skipping.
2026-09-21 02:16:53,409 - DEBUG - Already followed user: prickcests. Skipping.
2026-09-21 02:16:53,409 - DEBUG - Already followed user: vibecodinguy. Skipping.
2026-09-21 02:16:53,409 - DEBUG - Already followed user: WElRD0. Skipping.
2026-09-21 02:16:53,410 - DEBUG - Already followed user: saravananbass12-tech. Skipping.
2026-09-21 02:16:53,410 - DEBUG - Already followed user: sugarburn. Skipping.
2026-09-21 02:16:53,410 - DEBUG - Already followed user: mcdev7777. Skipping.
2026-09-21 02:16:53,410 - DEBUG - Already followed user: Espotmx. Skipping.
2026-09-21 02:16:53,410 - DEBUG - Already followed user: MJ-ulia. Skipping.
2026-09-21 02:16:53,410 - DEBUG - Already followed user: B1LLIEJ0E. Skipping.
2026-09-21 02:16:53,410 - DEBUG - Already followed user: donaldmorry. Skipping.
2026-09-21 02:16:53,410 - DEBUG - Already followed user: EimanTahir027. Skipping.
2026-09-21 02:16:53,410 - DEBUG - Already followed user: oga35767-eng. Skipping.
2026-09-21 02:16:53,410 - DEBUG - Already followed user: kyal102. Skipping.
2026-09-21 02:16:53,410 - DEBUG - Already followed user: Belucking. Skipping.
2026-09-21 02:16:53,410 - DEBUG - Already followed user: holilayet. Skipping.
2026-09-21 02:16:53,410 - DEBUG - Already followed user: ByteBunny777. Skipping.
2026-09-21 02:16:53,410 - DEBUG - Already followed user: AngelofDarknessm. Skipping.
2026-09-21 02:16:53,410 - DEBUG - Already followed user: Ella-horizon. Skipping.
2026-09-21 02:16:53,410 - DEBUG - Already followed user: hassenbrahim. Skipping.
2026-09-21 02:16:53,410 - DEBUG - Already followed user: alberto4442. Skipping.
2026-09-21 02:16:53,410 - DEBUG - Already followed user: ancaferro. Skipping.
2026-09-21 02:16:53,410 - DEBUG - Already followed user: ElmanCod110. Skipping.
2026-09-21 02:16:53,410 - DEBUG - Already followed user: itstonywhite. Skipping.
2026-09-21 02:16:53,410 - DEBUG - Already followed user: raviwijerathna1. Skipping.
2026-09-21 02:16:53,410 - DEBUG - Already followed user: rafidahmed870. Skipping.
2026-09-21 02:16:53,410 - DEBUG - Already followed user: MaxCode917. Skipping.
2026-09-21 02:16:53,410 - DEBUG - Already followed user: neaflow. Skipping.
2026-09-21 02:16:53,410 - DEBUG - Already followed user: ClaerDev. Skipping.
2026-09-21 02:16:53,410 - DEBUG - Already followed user: TOPDEV99999. Skipping.
2026-09-21 02:16:53,410 - DEBUG - Already followed user: takahashikushina0223. Skipping.
2026-09-21 02:16:53,410 - DEBUG - Already followed user: takumi-sato0209. Skipping.
2026-09-21 02:16:53,410 - DEBUG - Already followed user: shinobi-coder701. Skipping.
2026-09-21 02:16:53,410 - DEBUG - Already followed user: cchongming. Skipping.
2026-09-21 02:16:53,410 - DEBUG - Already followed user: MahdiKordian. Skipping.
2026-09-21 02:16:53,410 - DEBUG - Already followed user: evvenoly. Skipping.
2026-09-21 02:16:53,410 - DEBUG - Already followed user: arvelquigley99. Skipping.
2026-09-21 02:16:53,410 - DEBUG - Already followed user: LenaBrooks. Skipping.
2026-09-21 02:16:53,685 - INFO - Rate Limit - Remaining: 5000, Reset at: 2026-09-21 03:16:53
2026-09-21 02:16:53,686 - INFO - Fetching followers from: https://api.github.com/users/aelmizeb/followers?per_page=100&page=6
2026-09-21 02:16:54,012 - DEBUG - Number of followers fetched: 0
2026-09-21 02:16:54,012 - INFO - No more followers to process. Exiting.
2026-09-21 02:16:54,013 - INFO - Follower counter updated: 1038
2026-09-21 02:16:54,013 - INFO - 
Following users from your follower list is done! Total followers fetched: 456, Total followers followed: 1038
2026-09-22 02:20:28,204 - INFO - Hi! I am GitHub Follower Bot.
2026-09-22 02:20:28,205 - INFO - Letting you follow all your followers!
2026-09-22 02:20:28,205 - INFO - Starting to fetch your follower lists...

2026-09-22 02:20:28,205 - INFO - Loaded 1038 already followed users.
2026-09-22 02:20:28,205 - INFO - Processing all followers without resume.
2026-09-22 02:20:28,205 - INFO - Starting from page: 1
2026-09-22 02:20:28,205 - INFO - Current follower counter: 1038
2026-09-22 02:20:28,355 - INFO - Rate Limit - Remaining: 5000, Reset at: 2026-09-22 03:20:28
2026-09-22 02:20:28,356 - INFO - Fetching followers from: https://api.github.com/users/aelmizeb/followers?per_page=100&page=1
2026-09-22 02:20:28,532 - DEBUG - Number of followers fetched: 100
2026-09-22 02:20:28,532 - INFO - Fetched 100 followers on page 1.
2026-09-22 02:20:28,533 - INFO - Sleeping for 5 seconds before following users.
2026-09-22 02:20:33,538 - DEBUG - Already followed user: levonk. Skipping.
2026-09-22 02:20:33,538 - DEBUG - Already followed user: peterruler. Skipping.
2026-09-22 02:20:33,538 - DEBUG - Already followed user: slavaGanzin. Skipping.
2026-09-22 02:20:33,538 - DEBUG - Already followed user: kenjinote. Skipping.
2026-09-22 02:20:33,538 - INFO - Attempting to follow user: quangshuynh
2026-09-22 02:20:33,792 - INFO - Successfully followed user: quangshuynh
2026-09-22 02:20:33,793 - DEBUG - Appended user quangshuynh to followers.txt.
2026-09-22 02:20:33,793 - INFO - Follower counter updated: 1039
2026-09-22 02:20:33,793 - INFO - Sleeping for 14.24 seconds before the next follow.
2026-09-22 02:20:48,052 - DEBUG - Already followed user: Spiritec7. Skipping.
2026-09-22 02:20:48,052 - DEBUG - Already followed user: sarkarshuvojit. Skipping.
2026-09-22 02:20:48,052 - DEBUG - Already followed user: unhappychoice. Skipping.
2026-09-22 02:20:48,052 - DEBUG - Already followed user: luckchain777. Skipping.
2026-09-22 02:20:48,052 - DEBUG - Already followed user: jorithanx. Skipping.
2026-09-22 02:20:48,052 - DEBUG - Already followed user: whiteplaine. Skipping.
2026-09-22 02:20:48,052 - DEBUG - Already followed user: gamemann. Skipping.
2026-09-22 02:20:48,052 - DEBUG - Already followed user: riseansmal. Skipping.
2026-09-22 02:20:48,052 - DEBUG - Already followed user: manman4. Skipping.
2026-09-22 02:20:48,052 - DEBUG - Already followed user: KylerCondran. Skipping.
2026-09-22 02:20:48,052 - DEBUG - Already followed user: ZhuChenn. Skipping.
2026-09-22 02:20:48,053 - DEBUG - Already followed user: Elbagoury. Skipping.
2026-09-22 02:20:48,053 - DEBUG - Already followed user: murapadev. Skipping.
2026-09-22 02:20:48,053 - DEBUG - Already followed user: tetref. Skipping.
2026-09-22 02:20:48,053 - DEBUG - Already followed user: Hantan1080. Skipping.
2026-09-22 02:20:48,053 - DEBUG - Already followed user: OliviaBennQ. Skipping.
2026-09-22 02:20:48,053 - DEBUG - Already followed user: budaivisita. Skipping.
2026-09-22 02:20:48,053 - DEBUG - Already followed user: ledgerhubteam. Skipping.
2026-09-22 02:20:48,053 - DEBUG - Already followed user: CelaDaniel. Skipping.
2026-09-22 02:20:48,053 - DEBUG - Already followed user: ThomasHWeb. Skipping.
2026-09-22 02:20:48,053 - DEBUG - Already followed user: paaak. Skipping.
2026-09-22 02:20:48,053 - DEBUG - Already followed user: hitman0290. Skipping.
2026-09-22 02:20:48,053 - DEBUG - Already followed user: jokeyhter. Skipping.
2026-09-22 02:20:48,053 - DEBUG - Already followed user: dbunt1tled. Skipping.
2026-09-22 02:20:48,053 - DEBUG - Already followed user: medmek. Skipping.
2026-09-22 02:20:48,053 - DEBUG - Already followed user: Hajjouz. Skipping.
2026-09-22 02:20:48,053 - DEBUG - Already followed user: IDouble. Skipping.
2026-09-22 02:20:48,053 - DEBUG - Already followed user: Jeesson. Skipping.
2026-09-22 02:20:48,053 - DEBUG - Already followed user: CatFortman. Skipping.
2026-09-22 02:20:48,053 - DEBUG - Already followed user: ZainJavaid. Skipping.
2026-09-22 02:20:48,053 - DEBUG - Already followed user: dioptx. Skipping.
2026-09-22 02:20:48,053 - DEBUG - Already followed user: DanHouseman. Skipping.
2026-09-22 02:20:48,053 - DEBUG - Already followed user: forgerondev. Skipping.
2026-09-22 02:20:48,053 - DEBUG - Already followed user: djvelimir. Skipping.
2026-09-22 02:20:48,053 - DEBUG - Already followed user: guevaraStian. Skipping.
2026-09-22 02:20:48,053 - DEBUG - Already followed user: cambot86. Skipping.
2026-09-22 02:20:48,053 - DEBUG - Already followed user: visualGravitySense. Skipping.
2026-09-22 02:20:48,054 - DEBUG - Already followed user: Elite588. Skipping.
2026-09-22 02:20:48,054 - DEBUG - Already followed user: jelspace. Skipping.
2026-09-22 02:20:48,054 - DEBUG - Already followed user: Sanghyun-0h. Skipping.
2026-09-22 02:20:48,054 - DEBUG - Already followed user: dweatherston11. Skipping.
2026-09-22 02:20:48,054 - DEBUG - Already followed user: weiquan98. Skipping.
2026-09-22 02:20:48,054 - DEBUG - Already followed user: furendyna. Skipping.
2026-09-22 02:20:48,054 - DEBUG - Already followed user: KostasSliazas. Skipping.
2026-09-22 02:20:48,054 - DEBUG - Already followed user: hxreborn. Skipping.
2026-09-22 02:20:48,054 - DEBUG - Already followed user: hazexone. Skipping.
2026-09-22 02:20:48,054 - DEBUG - Already followed user: ardaltunel. Skipping.
2026-09-22 02:20:48,054 - DEBUG - Already followed user: domcomit. Skipping.
2026-09-22 02:20:48,054 - DEBUG - Already followed user: boomray. Skipping.
2026-09-22 02:20:48,054 - DEBUG - Already followed user: rob0pup. Skipping.
2026-09-22 02:20:48,054 - DEBUG - Already followed user: IshmamAbir. Skipping.
2026-09-22 02:20:48,054 - DEBUG - Already followed user: designAsign. Skipping.
2026-09-22 02:20:48,054 - DEBUG - Already followed user: ai-28. Skipping.
2026-09-22 02:20:48,054 - DEBUG - Already followed user: Connor9994. Skipping.
2026-09-22 02:20:48,054 - DEBUG - Already followed user: domx4q. Skipping.
2026-09-22 02:20:48,054 - DEBUG - Already followed user: Devify-Co. Skipping.
2026-09-22 02:20:48,054 - DEBUG - Already followed user: reckedcoder. Skipping.
2026-09-22 02:20:48,054 - DEBUG - Already followed user: jackciw. Skipping.
2026-09-22 02:20:48,054 - DEBUG - Already followed user: 4F71. Skipping.
2026-09-22 02:20:48,054 - DEBUG - Already followed user: standardgalactic. Skipping.
2026-09-22 02:20:48,054 - DEBUG - Already followed user: sandibrrm. Skipping.
2026-09-22 02:20:48,054 - DEBUG - Already followed user: MiladJoodi. Skipping.
2026-09-22 02:20:48,054 - DEBUG - Already followed user: AchrafReyani. Skipping.
2026-09-22 02:20:48,054 - DEBUG - Already followed user: jaderytm. Skipping.
2026-09-22 02:20:48,054 - DEBUG - Already followed user: nstrmx. Skipping.
2026-09-22 02:20:48,054 - DEBUG - Already followed user: RaccoonFacts. Skipping.
2026-09-22 02:20:48,054 - DEBUG - Already followed user: Kos-M. Skipping.
2026-09-22 02:20:48,054 - DEBUG - Already followed user: jfullstackdev. Skipping.
2026-09-22 02:20:48,054 - DEBUG - Already followed user: iVGeek. Skipping.
2026-09-22 02:20:48,054 - DEBUG - Already followed user: th3noryx. Skipping.
2026-09-22 02:20:48,054 - DEBUG - Already followed user: Unizuka22. Skipping.
2026-09-22 02:20:48,054 - DEBUG - Already followed user: vasilirigels. Skipping.
2026-09-22 02:20:48,054 - DEBUG - Already followed user: cristinagberta. Skipping.
2026-09-22 02:20:48,054 - DEBUG - Already followed user: alexanderbergerhd. Skipping.
2026-09-22 02:20:48,054 - DEBUG - Already followed user: mohammadnabia. Skipping.
2026-09-22 02:20:48,055 - DEBUG - Already followed user: itsbagsy. Skipping.
2026-09-22 02:20:48,055 - DEBUG - Already followed user: dmitryravilov. Skipping.
2026-09-22 02:20:48,055 - DEBUG - Already followed user: szenled. Skipping.
2026-09-22 02:20:48,055 - DEBUG - Already followed user: Mindlyss. Skipping.
2026-09-22 02:20:48,055 - DEBUG - Already followed user: cerenyilmazjinx. Skipping.
2026-09-22 02:20:48,055 - DEBUG - Already followed user: BEPb. Skipping.
2026-09-22 02:20:48,055 - DEBUG - Already followed user: galaxyb-dark. Skipping.
2026-09-22 02:20:48,055 - DEBUG - Already followed user: HafidIdrissi. Skipping.
2026-09-22 02:20:48,055 - DEBUG - Already followed user: oluiscabral. Skipping.
2026-09-22 02:20:48,055 - DEBUG - Already followed user: cryptoAur4x. Skipping.
2026-09-22 02:20:48,055 - DEBUG - Already followed user: emilycodestar. Skipping.
2026-09-22 02:20:48,055 - DEBUG - Already followed user: giewan. Skipping.
2026-09-22 02:20:48,055 - DEBUG - Already followed user: ivasik-k7. Skipping.
2026-09-22 02:20:48,055 - DEBUG - Already followed user: sakuyaloli. Skipping.
2026-09-22 02:20:48,055 - DEBUG - Already followed user: aantoooon. Skipping.
2026-09-22 02:20:48,055 - DEBUG - Already followed user: NeoZorK. Skipping.
2026-09-22 02:20:48,055 - DEBUG - Already followed user: albonidrizi. Skipping.
2026-09-22 02:20:48,055 - DEBUG - Already followed user: Arul1998. Skipping.
2026-09-22 02:20:48,055 - DEBUG - Already followed user: hajigur69. Skipping.
2026-09-22 02:20:48,055 - DEBUG - Already followed user: trajanOx. Skipping.
2026-09-22 02:20:48,212 - INFO - Rate Limit - Remaining: 5000, Reset at: 2026-09-22 03:20:48
2026-09-22 02:20:48,212 - INFO - Fetching followers from: https://api.github.com/users/aelmizeb/followers?per_page=100&page=2
2026-09-22 02:20:48,423 - DEBUG - Number of followers fetched: 100
2026-09-22 02:20:48,423 - INFO - Fetched 100 followers on page 2.
2026-09-22 02:20:48,423 - INFO - Sleeping for 5 seconds before following users.
2026-09-22 02:20:53,428 - DEBUG - Already followed user: VictoriaCabirta. Skipping.
2026-09-22 02:20:53,429 - DEBUG - Already followed user: CHUNG-HAO. Skipping.
2026-09-22 02:20:53,429 - DEBUG - Already followed user: loreius. Skipping.
2026-09-22 02:20:53,429 - DEBUG - Already followed user: Supremenottee. Skipping.
2026-09-22 02:20:53,429 - DEBUG - Already followed user: mainstar123. Skipping.
2026-09-22 02:20:53,429 - DEBUG - Already followed user: JohnMwendwa. Skipping.
2026-09-22 02:20:53,429 - DEBUG - Already followed user: Geek-Cheth. Skipping.
2026-09-22 02:20:53,429 - DEBUG - Already followed user: AhmadJeddi. Skipping.
2026-09-22 02:20:53,429 - DEBUG - Already followed user: OftenUser. Skipping.
2026-09-22 02:20:53,429 - DEBUG - Already followed user: mohammadhasanii. Skipping.
2026-09-22 02:20:53,429 - DEBUG - Already followed user: haochezh. Skipping.
2026-09-22 02:20:53,429 - DEBUG - Already followed user: mbitujames. Skipping.
2026-09-22 02:20:53,429 - DEBUG - Already followed user: Nisyalz01. Skipping.
2026-09-22 02:20:53,429 - DEBUG - Already followed user: MaitreyeeDhar. Skipping.
2026-09-22 02:20:53,429 - DEBUG - Already followed user: nelokusa. Skipping.
2026-09-22 02:20:53,429 - DEBUG - Already followed user: r97221004. Skipping.
2026-09-22 02:20:53,429 - DEBUG - Already followed user: Carrington-dev. Skipping.
2026-09-22 02:20:53,429 - DEBUG - Already followed user: pinhe91. Skipping.
2026-09-22 02:20:53,429 - DEBUG - Already followed user: minseochoj. Skipping.
2026-09-22 02:20:53,429 - DEBUG - Already followed user: thisalireza. Skipping.
2026-09-22 02:20:53,429 - DEBUG - Already followed user: BhuvanAde. Skipping.
2026-09-22 02:20:53,429 - DEBUG - Already followed user: KerollosMagdy. Skipping.
2026-09-22 02:20:53,429 - DEBUG - Already followed user: Jamkris. Skipping.
2026-09-22 02:20:53,429 - DEBUG - Already followed user: steph3nm. Skipping.
2026-09-22 02:20:53,429 - DEBUG - Already followed user: arch-yunus. Skipping.
2026-09-22 02:20:53,429 - DEBUG - Already followed user: Jailtonfonseca. Skipping.
2026-09-22 02:20:53,429 - DEBUG - Already followed user: lxRbckl. Skipping.
2026-09-22 02:20:53,429 - DEBUG - Already followed user: jamesgeodi. Skipping.
2026-09-22 02:20:53,429 - DEBUG - Already followed user: olienath. Skipping.
2026-09-22 02:20:53,429 - DEBUG - Already followed user: xrpcommunity. Skipping.
2026-09-22 02:20:53,429 - DEBUG - Already followed user: jolliesol. Skipping.
2026-09-22 02:20:53,429 - DEBUG - Already followed user: xnovaxdev. Skipping.
2026-09-22 02:20:53,430 - DEBUG - Already followed user: filzehoka. Skipping.
2026-09-22 02:20:53,430 - DEBUG - Already followed user: Wenyveo. Skipping.
2026-09-22 02:20:53,430 - DEBUG - Already followed user: nico-laqua. Skipping.
2026-09-22 02:20:53,430 - DEBUG - Already followed user: Hstkj23. Skipping.
2026-09-22 02:20:53,430 - DEBUG - Already followed user: emilybarru. Skipping.
2026-09-22 02:20:53,430 - DEBUG - Already followed user: NazmusSayad. Skipping.
2026-09-22 02:20:53,430 - DEBUG - Already followed user: Liuboshenko. Skipping.
2026-09-22 02:20:53,430 - DEBUG - Already followed user: lgomesappj. Skipping.
2026-09-22 02:20:53,430 - DEBUG - Already followed user: irenascent. Skipping.
2026-09-22 02:20:53,430 - DEBUG - Already followed user: Berserk-hub150. Skipping.
2026-09-22 02:20:53,430 - DEBUG - Already followed user: mariwatts. Skipping.
2026-09-22 02:20:53,430 - DEBUG - Already followed user: Davidevlops. Skipping.
2026-09-22 02:20:53,430 - DEBUG - Already followed user: ezozu. Skipping.
2026-09-22 02:20:53,430 - DEBUG - Already followed user: OHANA-WEB. Skipping.
2026-09-22 02:20:53,430 - DEBUG - Already followed user: BamdadTabari. Skipping.
2026-09-22 02:20:53,430 - DEBUG - Already followed user: vinamega. Skipping.
2026-09-22 02:20:53,430 - DEBUG - Already followed user: cgrundman. Skipping.
2026-09-22 02:20:53,430 - DEBUG - Already followed user: zkcryptweb. Skipping.
2026-09-22 02:20:53,430 - DEBUG - Already followed user: eldarlrd. Skipping.
2026-09-22 02:20:53,430 - DEBUG - Already followed user: bashichda. Skipping.
2026-09-22 02:20:53,430 - DEBUG - Already followed user: ludo53. Skipping.
2026-09-22 02:20:53,430 - DEBUG - Already followed user: heinodendal. Skipping.
2026-09-22 02:20:53,430 - INFO - Attempting to follow user: polystrategist
2026-09-22 02:20:53,594 - INFO - Successfully followed user: polystrategist
2026-09-22 02:20:53,596 - DEBUG - Appended user polystrategist to followers.txt.
2026-09-22 02:20:53,596 - INFO - Follower counter updated: 1040
2026-09-22 02:20:53,596 - INFO - Sleeping for 13.16 seconds before the next follow.
2026-09-22 02:21:06,765 - DEBUG - Already followed user: linuxtusX5. Skipping.
2026-09-22 02:21:06,765 - DEBUG - Already followed user: CarAuto34. Skipping.
2026-09-22 02:21:06,765 - DEBUG - Already followed user: elifirinci. Skipping.
2026-09-22 02:21:06,765 - DEBUG - Already followed user: sabbir-noyon. Skipping.
2026-09-22 02:21:06,765 - DEBUG - Already followed user: Nima-Mollaei. Skipping.
2026-09-22 02:21:06,766 - DEBUG - Already followed user: apurva313. Skipping.
2026-09-22 02:21:06,766 - DEBUG - Already followed user: kyiroywops. Skipping.
2026-09-22 02:21:06,766 - DEBUG - Already followed user: m-bwela. Skipping.
2026-09-22 02:21:06,766 - DEBUG - Already followed user: NachoOFC. Skipping.
2026-09-22 02:21:06,766 - DEBUG - Already followed user: CrisLottz. Skipping.
2026-09-22 02:21:06,766 - DEBUG - Already followed user: MrMDrX. Skipping.
2026-09-22 02:21:06,766 - DEBUG - Already followed user: nimakian. Skipping.
2026-09-22 02:21:06,766 - DEBUG - Already followed user: ettisafxrup. Skipping.
2026-09-22 02:21:06,766 - DEBUG - Already followed user: iamapuneet. Skipping.
2026-09-22 02:21:06,766 - DEBUG - Already followed user: iktiarnazib. Skipping.
2026-09-22 02:21:06,766 - DEBUG - Already followed user: Daxxtropezz. Skipping.
2026-09-22 02:21:06,766 - DEBUG - Already followed user: joaocarpim. Skipping.
2026-09-22 02:21:06,766 - DEBUG - Already followed user: 0xmurtimus. Skipping.
2026-09-22 02:21:06,766 - DEBUG - Already followed user: U1000000000000. Skipping.
2026-09-22 02:21:06,766 - DEBUG - Already followed user: shahriar0999. Skipping.
2026-09-22 02:21:06,766 - DEBUG - Already followed user: souvikrana17. Skipping.
2026-09-22 02:21:06,766 - DEBUG - Already followed user: AhmedDabish. Skipping.
2026-09-22 02:21:06,766 - DEBUG - Already followed user: DIMFLIX. Skipping.
2026-09-22 02:21:06,766 - DEBUG - Already followed user: 1526422010. Skipping.
2026-09-22 02:21:06,766 - DEBUG - Already followed user: EminHaziyev. Skipping.
2026-09-22 02:21:06,766 - DEBUG - Already followed user: VarshuAi. Skipping.
2026-09-22 02:21:06,766 - DEBUG - Already followed user: CelaFlori. Skipping.
2026-09-22 02:21:06,766 - DEBUG - Already followed user: 0xspryo. Skipping.
2026-09-22 02:21:06,766 - DEBUG - Already followed user: laurindoisaac. Skipping.
2026-09-22 02:21:06,766 - DEBUG - Already followed user: Motaman-M. Skipping.
2026-09-22 02:21:06,766 - DEBUG - Already followed user: Seif-01. Skipping.
2026-09-22 02:21:06,766 - DEBUG - Already followed user: motanelson. Skipping.
2026-09-22 02:21:06,766 - DEBUG - Already followed user: cepseu1. Skipping.
2026-09-22 02:21:06,767 - DEBUG - Already followed user: bolola777. Skipping.
2026-09-22 02:21:06,767 - DEBUG - Already followed user: vardan444. Skipping.
2026-09-22 02:21:06,767 - DEBUG - Already followed user: rahuloraj. Skipping.
2026-09-22 02:21:06,767 - DEBUG - Already followed user: knmlabs. Skipping.
2026-09-22 02:21:06,767 - DEBUG - Already followed user: Mubashir12392. Skipping.
2026-09-22 02:21:06,767 - DEBUG - Already followed user: jeallz. Skipping.
2026-09-22 02:21:06,767 - DEBUG - Already followed user: ArmandSegall. Skipping.
2026-09-22 02:21:06,767 - DEBUG - Already followed user: reignsi. Skipping.
2026-09-22 02:21:06,767 - DEBUG - Already followed user: christosantono. Skipping.
2026-09-22 02:21:06,767 - DEBUG - Already followed user: Nai64. Skipping.
2026-09-22 02:21:06,767 - DEBUG - Already followed user: K1rsN7. Skipping.
2026-09-22 02:21:06,767 - DEBUG - Already followed user: MatthewMacri. Skipping.
2026-09-22 02:21:06,907 - INFO - Rate Limit - Remaining: 5000, Reset at: 2026-09-22 03:21:06
2026-09-22 02:21:06,908 - INFO - Fetching followers from: https://api.github.com/users/aelmizeb/followers?per_page=100&page=3
2026-09-22 02:21:07,062 - DEBUG - Number of followers fetched: 100
2026-09-22 02:21:07,062 - INFO - Fetched 100 followers on page 3.
2026-09-22 02:21:07,062 - INFO - Sleeping for 5 seconds before following users.
2026-09-22 02:21:12,067 - DEBUG - Already followed user: whitakeroliver. Skipping.
2026-09-22 02:21:12,067 - DEBUG - Already followed user: S4IL21. Skipping.
2026-09-22 02:21:12,067 - DEBUG - Already followed user: filipzekovich. Skipping.
2026-09-22 02:21:12,067 - DEBUG - Already followed user: RafalW3bCraft. Skipping.
2026-09-22 02:21:12,067 - DEBUG - Already followed user: 7007259Ankur. Skipping.
2026-09-22 02:21:12,067 - DEBUG - Already followed user: amurrayeqc. Skipping.
2026-09-22 02:21:12,067 - DEBUG - Already followed user: Willysc10. Skipping.
2026-09-22 02:21:12,067 - DEBUG - Already followed user: rasidi3112. Skipping.
2026-09-22 02:21:12,067 - DEBUG - Already followed user: otaviossousa. Skipping.
2026-09-22 02:21:12,067 - DEBUG - Already followed user: taahabz. Skipping.
2026-09-22 02:21:12,068 - DEBUG - Already followed user: topdigitalplus. Skipping.
2026-09-22 02:21:12,068 - DEBUG - Already followed user: lilbodo123. Skipping.
2026-09-22 02:21:12,068 - DEBUG - Already followed user: super-phantom91. Skipping.
2026-09-22 02:21:12,068 - DEBUG - Already followed user: hyper-ayoub. Skipping.
2026-09-22 02:21:12,068 - DEBUG - Already followed user: DrParthaMajumder. Skipping.
2026-09-22 02:21:12,068 - DEBUG - Already followed user: sunjoe508. Skipping.
2026-09-22 02:21:12,068 - DEBUG - Already followed user: HalfFriedPotato. Skipping.
2026-09-22 02:21:12,068 - DEBUG - Already followed user: IamDevDan. Skipping.
2026-09-22 02:21:12,068 - DEBUG - Already followed user: engrshuvodas. Skipping.
2026-09-22 02:21:12,068 - DEBUG - Already followed user: Fellipemarcal. Skipping.
2026-09-22 02:21:12,068 - DEBUG - Already followed user: potentialdev-web. Skipping.
2026-09-22 02:21:12,068 - DEBUG - Already followed user: Laqrabti. Skipping.
2026-09-22 02:21:12,068 - DEBUG - Already followed user: masonliiu. Skipping.
2026-09-22 02:21:12,068 - DEBUG - Already followed user: deadlyandro. Skipping.
2026-09-22 02:21:12,068 - DEBUG - Already followed user: AhmadTigress. Skipping.
2026-09-22 02:21:12,068 - DEBUG - Already followed user: Maher-Elmair. Skipping.
2026-09-22 02:21:12,068 - DEBUG - Already followed user: harutosati. Skipping.
2026-09-22 02:21:12,068 - DEBUG - Already followed user: B2Kumar03. Skipping.
2026-09-22 02:21:12,068 - DEBUG - Already followed user: AbdulRehman393. Skipping.
2026-09-22 02:21:12,068 - DEBUG - Already followed user: vijayshikhare. Skipping.
2026-09-22 02:21:12,068 - DEBUG - Already followed user: nuraisi. Skipping.
2026-09-22 02:21:12,068 - DEBUG - Already followed user: aertsimon90. Skipping.
2026-09-22 02:21:12,068 - DEBUG - Already followed user: Bifenzine. Skipping.
2026-09-22 02:21:12,068 - DEBUG - Already followed user: Chainsmoker23. Skipping.
2026-09-22 02:21:12,068 - DEBUG - Already followed user: 3nesdeniz. Skipping.
2026-09-22 02:21:12,068 - DEBUG - Already followed user: vegata099. Skipping.
2026-09-22 02:21:12,068 - DEBUG - Already followed user: marichu-kt. Skipping.
2026-09-22 02:21:12,068 - DEBUG - Already followed user: yutomiwana. Skipping.
2026-09-22 02:21:12,068 - DEBUG - Already followed user: gaqx. Skipping.
2026-09-22 02:21:12,068 - DEBUG - Already followed user: AnonimusShamshiAlex. Skipping.
2026-09-22 02:21:12,068 - DEBUG - Already followed user: goShell3. Skipping.
2026-09-22 02:21:12,069 - DEBUG - Already followed user: bencheayoub. Skipping.
2026-09-22 02:21:12,069 - DEBUG - Already followed user: juicetreacly. Skipping.
2026-09-22 02:21:12,069 - DEBUG - Already followed user: Babarali2k21. Skipping.
2026-09-22 02:21:12,069 - DEBUG - Already followed user: a-partovii. Skipping.
2026-09-22 02:21:12,069 - DEBUG - Already followed user: SalehAkramSifat. Skipping.
2026-09-22 02:21:12,069 - DEBUG - Already followed user: mengnankkkk. Skipping.
2026-09-22 02:21:12,069 - DEBUG - Already followed user: lec320fd90d. Skipping.
2026-09-22 02:21:12,069 - DEBUG - Already followed user: nahladzulula. Skipping.
2026-09-22 02:21:12,069 - DEBUG - Already followed user: AImaniadev. Skipping.
2026-09-22 02:21:12,069 - DEBUG - Already followed user: LakhiniVoshadee. Skipping.
2026-09-22 02:21:12,069 - DEBUG - Already followed user: cfrBernard. Skipping.
2026-09-22 02:21:12,069 - DEBUG - Already followed user: rexblade58. Skipping.
2026-09-22 02:21:12,069 - DEBUG - Already followed user: amad3i. Skipping.
2026-09-22 02:21:12,069 - DEBUG - Already followed user: Arison99. Skipping.
2026-09-22 02:21:12,069 - DEBUG - Already followed user: abdulrhmansalama. Skipping.
2026-09-22 02:21:12,069 - DEBUG - Already followed user: AbSomeone. Skipping.
2026-09-22 02:21:12,069 - DEBUG - Already followed user: nam-htran. Skipping.
2026-09-22 02:21:12,069 - DEBUG - Already followed user: GitHub7667. Skipping.
2026-09-22 02:21:12,069 - DEBUG - Already followed user: Gabrieliam42. Skipping.
2026-09-22 02:21:12,069 - DEBUG - Already followed user: DevNinja08. Skipping.
2026-09-22 02:21:12,069 - DEBUG - Already followed user: dovvnloading. Skipping.
2026-09-22 02:21:12,069 - DEBUG - Already followed user: Ali-hey-0. Skipping.
2026-09-22 02:21:12,069 - DEBUG - Already followed user: talrejasahil4994. Skipping.
2026-09-22 02:21:12,069 - DEBUG - Already followed user: hellen-ansah. Skipping.
2026-09-22 02:21:12,069 - DEBUG - Already followed user: kiranShamsHere. Skipping.
2026-09-22 02:21:12,069 - DEBUG - Already followed user: Iankulani. Skipping.
2026-09-22 02:21:12,069 - DEBUG - Already followed user: VIDAKHOSHPEY22. Skipping.
2026-09-22 02:21:12,069 - DEBUG - Already followed user: BhagwaniVishi. Skipping.
2026-09-22 02:21:12,069 - DEBUG - Already followed user: aridepai17. Skipping.
2026-09-22 02:21:12,069 - DEBUG - Already followed user: 0Darkn. Skipping.
2026-09-22 02:21:12,069 - DEBUG - Already followed user: ShRP69. Skipping.
2026-09-22 02:21:12,069 - DEBUG - Already followed user: KayanShah. Skipping.
2026-09-22 02:21:12,069 - DEBUG - Already followed user: iousuz. Skipping.
2026-09-22 02:21:12,069 - DEBUG - Already followed user: tameTAK. Skipping.
2026-09-22 02:21:12,069 - DEBUG - Already followed user: Md-Mubin. Skipping.
2026-09-22 02:21:12,069 - DEBUG - Already followed user: lxl0825. Skipping.
2026-09-22 02:21:12,069 - DEBUG - Already followed user: andrewsavio. Skipping.
2026-09-22 02:21:12,069 - DEBUG - Already followed user: abressiddique. Skipping.
2026-09-22 02:21:12,069 - DEBUG - Already followed user: 0xAdafang. Skipping.
2026-09-22 02:21:12,069 - DEBUG - Already followed user: jkdevcode. Skipping.
2026-09-22 02:21:12,070 - DEBUG - Already followed user: JawherKl. Skipping.
2026-09-22 02:21:12,070 - DEBUG - Already followed user: pwnedroot. Skipping.
2026-09-22 02:21:12,070 - DEBUG - Already followed user: DaviBaum. Skipping.
2026-09-22 02:21:12,070 - DEBUG - Already followed user: Nour-yahyaoui. Skipping.
2026-09-22 02:21:12,070 - DEBUG - Already followed user: thornebaker. Skipping.
2026-09-22 02:21:12,070 - DEBUG - Already followed user: rioryugen. Skipping.
2026-09-22 02:21:12,070 - DEBUG - Already followed user: nikhilpatidar01. Skipping.
2026-09-22 02:21:12,070 - DEBUG - Already followed user: codeXdanyal. Skipping.
2026-09-22 02:21:12,070 - DEBUG - Already followed user: gambling-addict. Skipping.
2026-09-22 02:21:12,070 - DEBUG - Already followed user: novagad. Skipping.
2026-09-22 02:21:12,070 - DEBUG - Already followed user: chojuninengu. Skipping.
2026-09-22 02:21:12,070 - DEBUG - Already followed user: JOELNATHAN544. Skipping.
2026-09-22 02:21:12,070 - DEBUG - Already followed user: Senthil455. Skipping.
2026-09-22 02:21:12,070 - DEBUG - Already followed user: pouryaPKGit. Skipping.
2026-09-22 02:21:12,070 - DEBUG - Already followed user: mwakidenis. Skipping.
2026-09-22 02:21:12,070 - DEBUG - Already followed user: daniel149afonso. Skipping.
2026-09-22 02:21:12,070 - DEBUG - Already followed user: MatheusRuivo365. Skipping.
2026-09-22 02:21:12,070 - DEBUG - Already followed user: grimwaIker. Skipping.
2026-09-22 02:21:12,070 - DEBUG - Already followed user: vsrupeshkumar. Skipping.
2026-09-22 02:21:12,231 - INFO - Rate Limit - Remaining: 5000, Reset at: 2026-09-22 03:21:12
2026-09-22 02:21:12,232 - INFO - Fetching followers from: https://api.github.com/users/aelmizeb/followers?per_page=100&page=4
2026-09-22 02:21:12,382 - DEBUG - Number of followers fetched: 100
2026-09-22 02:21:12,382 - INFO - Fetched 100 followers on page 4.
2026-09-22 02:21:12,382 - INFO - Sleeping for 5 seconds before following users.
2026-09-22 02:21:17,387 - DEBUG - Already followed user: landry-some. Skipping.
2026-09-22 02:21:17,387 - DEBUG - Already followed user: madhavgadge01. Skipping.
2026-09-22 02:21:17,387 - DEBUG - Already followed user: panyster. Skipping.
2026-09-22 02:21:17,387 - DEBUG - Already followed user: MdShawonForazi. Skipping.
2026-09-22 02:21:17,388 - DEBUG - Already followed user: Muhammad-qureshi1. Skipping.
2026-09-22 02:21:17,388 - DEBUG - Already followed user: destroy-boys. Skipping.
2026-09-22 02:21:17,388 - DEBUG - Already followed user: byxbe. Skipping.
2026-09-22 02:21:17,388 - DEBUG - Already followed user: vimal0156. Skipping.
2026-09-22 02:21:17,388 - DEBUG - Already followed user: syedbilalalam1. Skipping.
2026-09-22 02:21:17,388 - DEBUG - Already followed user: Malaybhai11. Skipping.
2026-09-22 02:21:17,388 - DEBUG - Already followed user: COUNTRY-HUMANS. Skipping.
2026-09-22 02:21:17,388 - DEBUG - Already followed user: Ayokanmi-Adejola. Skipping.
2026-09-22 02:21:17,388 - DEBUG - Already followed user: irenerodriguezrod. Skipping.
2026-09-22 02:21:17,388 - DEBUG - Already followed user: ngsnethawarya. Skipping.
2026-09-22 02:21:17,388 - DEBUG - Already followed user: mahimarawat0707. Skipping.
2026-09-22 02:21:17,388 - DEBUG - Already followed user: MuratKomurcu1. Skipping.
2026-09-22 02:21:17,388 - DEBUG - Already followed user: DARKANGEL689. Skipping.
2026-09-22 02:21:17,388 - DEBUG - Already followed user: buildcompanytogether. Skipping.
2026-09-22 02:21:17,388 - DEBUG - Already followed user: techspire0924. Skipping.
2026-09-22 02:21:17,388 - DEBUG - Already followed user: TechLeon001. Skipping.
2026-09-22 02:21:17,388 - DEBUG - Already followed user: Obraims. Skipping.
2026-09-22 02:21:17,388 - DEBUG - Already followed user: HeavenlyDesires. Skipping.
2026-09-22 02:21:17,388 - DEBUG - Already followed user: sonle-dev. Skipping.
2026-09-22 02:21:17,388 - DEBUG - Already followed user: howls-moving-castle. Skipping.
2026-09-22 02:21:17,388 - DEBUG - Already followed user: lovehiccup. Skipping.
2026-09-22 02:21:17,388 - DEBUG - Already followed user: techEdge3030. Skipping.
2026-09-22 02:21:17,388 - DEBUG - Already followed user: webxos. Skipping.
2026-09-22 02:21:17,388 - DEBUG - Already followed user: developernayeemx. Skipping.
2026-09-22 02:21:17,388 - DEBUG - Already followed user: drydenmitchell. Skipping.
2026-09-22 02:21:17,388 - DEBUG - Already followed user: eatsky1006. Skipping.
2026-09-22 02:21:17,388 - DEBUG - Already followed user: frangelbarrera. Skipping.
2026-09-22 02:21:17,388 - DEBUG - Already followed user: 156afl. Skipping.
2026-09-22 02:21:17,388 - DEBUG - Already followed user: guten-tag-100. Skipping.
2026-09-22 02:21:17,388 - DEBUG - Already followed user: retrobullseye. Skipping.
2026-09-22 02:21:17,388 - DEBUG - Already followed user: nelbeu. Skipping.
2026-09-22 02:21:17,388 - DEBUG - Already followed user: ZPIIDR. Skipping.
2026-09-22 02:21:17,389 - DEBUG - Already followed user: floriant3. Skipping.
2026-09-22 02:21:17,389 - DEBUG - Already followed user: amazing-soft-dev. Skipping.
2026-09-22 02:21:17,389 - DEBUG - Already followed user: Quoriss. Skipping.
2026-09-22 02:21:17,389 - DEBUG - Already followed user: xcontcom. Skipping.
2026-09-22 02:21:17,389 - DEBUG - Already followed user: SparkNews00000. Skipping.
2026-09-22 02:21:17,389 - DEBUG - Already followed user: Lyne6666. Skipping.
2026-09-22 02:21:17,389 - DEBUG - Already followed user: nafiul-afk. Skipping.
2026-09-22 02:21:17,389 - DEBUG - Already followed user: ShiningRocket. Skipping.
2026-09-22 02:21:17,389 - DEBUG - Already followed user: Noori-Senior. Skipping.
2026-09-22 02:21:17,389 - DEBUG - Already followed user: umogal. Skipping.
2026-09-22 02:21:17,389 - DEBUG - Already followed user: AnjaliPatel301. Skipping.
2026-09-22 02:21:17,389 - DEBUG - Already followed user: Dev-Mania1988. Skipping.
2026-09-22 02:21:17,389 - DEBUG - Already followed user: BOYABOY999. Skipping.
2026-09-22 02:21:17,389 - DEBUG - Already followed user: NOUHABL. Skipping.
2026-09-22 02:21:17,389 - DEBUG - Already followed user: RamaAditya49. Skipping.
2026-09-22 02:21:17,389 - DEBUG - Already followed user: Seo-yeonLee. Skipping.
2026-09-22 02:21:17,389 - DEBUG - Already followed user: ChungusLord123. Skipping.
2026-09-22 02:21:17,389 - DEBUG - Already followed user: mohamadeydipour. Skipping.
2026-09-22 02:21:17,389 - DEBUG - Already followed user: constellation-infinity. Skipping.
2026-09-22 02:21:17,389 - DEBUG - Already followed user: rosem-coder. Skipping.
2026-09-22 02:21:17,389 - DEBUG - Already followed user: XO-Roham. Skipping.
2026-09-22 02:21:17,389 - DEBUG - Already followed user: kerryjanes. Skipping.
2026-09-22 02:21:17,389 - DEBUG - Already followed user: acid4you. Skipping.
2026-09-22 02:21:17,389 - DEBUG - Already followed user: hyuntayo. Skipping.
2026-09-22 02:21:17,389 - DEBUG - Already followed user: wetmet. Skipping.
2026-09-22 02:21:17,389 - DEBUG - Already followed user: sezindartar. Skipping.
2026-09-22 02:21:17,389 - DEBUG - Already followed user: arielshakaramiro. Skipping.
2026-09-22 02:21:17,389 - DEBUG - Already followed user: NovaNoodle7. Skipping.
2026-09-22 02:21:17,389 - DEBUG - Already followed user: annaveth. Skipping.
2026-09-22 02:21:17,389 - DEBUG - Already followed user: rexxdeev. Skipping.
2026-09-22 02:21:17,389 - DEBUG - Already followed user: cosmospice. Skipping.
2026-09-22 02:21:17,389 - DEBUG - Already followed user: lrepo52. Skipping.
2026-09-22 02:21:17,389 - DEBUG - Already followed user: uhsr. Skipping.
2026-09-22 02:21:17,389 - DEBUG - Already followed user: REIJISAKAMAKI. Skipping.
2026-09-22 02:21:17,389 - DEBUG - Already followed user: shivam01112. Skipping.
2026-09-22 02:21:17,389 - DEBUG - Already followed user: devnavodhimsara. Skipping.
2026-09-22 02:21:17,389 - DEBUG - Already followed user: muichirox. Skipping.
2026-09-22 02:21:17,389 - DEBUG - Already followed user: thehappydictator. Skipping.
2026-09-22 02:21:17,389 - DEBUG - Already followed user: JohnAxel04. Skipping.
2026-09-22 02:21:17,390 - DEBUG - Already followed user: laigit-dot. Skipping.
2026-09-22 02:21:17,390 - DEBUG - Already followed user: 1minds3t. Skipping.
2026-09-22 02:21:17,390 - DEBUG - Already followed user: 2nixx. Skipping.
2026-09-22 02:21:17,390 - DEBUG - Already followed user: Jones-6199. Skipping.
2026-09-22 02:21:17,390 - DEBUG - Already followed user: matchingduo. Skipping.
2026-09-22 02:21:17,390 - DEBUG - Already followed user: Mistrust12. Skipping.
2026-09-22 02:21:17,390 - DEBUG - Already followed user: runner28-code. Skipping.
2026-09-22 02:21:17,390 - DEBUG - Already followed user: kakaka-byte. Skipping.
2026-09-22 02:21:17,390 - DEBUG - Already followed user: alvrenkai. Skipping.
2026-09-22 02:21:17,390 - DEBUG - Already followed user: KabeloM13. Skipping.
2026-09-22 02:21:17,390 - DEBUG - Already followed user: HamiParsa. Skipping.
2026-09-22 02:21:17,390 - DEBUG - Already followed user: Lyche6666. Skipping.
2026-09-22 02:21:17,390 - DEBUG - Already followed user: sphinxzerd. Skipping.
2026-09-22 02:21:17,390 - DEBUG - Already followed user: siddhant3895. Skipping.
2026-09-22 02:21:17,390 - DEBUG - Already followed user: conexto. Skipping.
2026-09-22 02:21:17,390 - DEBUG - Already followed user: nikecodedev. Skipping.
2026-09-22 02:21:17,390 - DEBUG - Already followed user: anshull-rajput. Skipping.
2026-09-22 02:21:17,390 - DEBUG - Already followed user: ExCoder999. Skipping.
2026-09-22 02:21:17,390 - DEBUG - Already followed user: nykoco. Skipping.
2026-09-22 02:21:17,390 - DEBUG - Already followed user: zombietfk. Skipping.
2026-09-22 02:21:17,390 - DEBUG - Already followed user: Ashkan-P88. Skipping.
2026-09-22 02:21:17,390 - DEBUG - Already followed user: nexthireconnect. Skipping.
2026-09-22 02:21:17,390 - DEBUG - Already followed user: cyanile. Skipping.
2026-09-22 02:21:17,390 - DEBUG - Already followed user: REVOLV1NG. Skipping.
2026-09-22 02:21:17,390 - DEBUG - Already followed user: kakashl-hatake. Skipping.
2026-09-22 02:21:17,568 - INFO - Rate Limit - Remaining: 5000, Reset at: 2026-09-22 03:21:17
2026-09-22 02:21:17,569 - INFO - Fetching followers from: https://api.github.com/users/aelmizeb/followers?per_page=100&page=5
2026-09-22 02:21:17,738 - DEBUG - Number of followers fetched: 58
2026-09-22 02:21:17,738 - INFO - Fetched 58 followers on page 5.
2026-09-22 02:21:17,738 - INFO - Sleeping for 5 seconds before following users.
2026-09-22 02:21:22,743 - DEBUG - Already followed user: falcon0709. Skipping.
2026-09-22 02:21:22,743 - DEBUG - Already followed user: martycorn. Skipping.
2026-09-22 02:21:22,744 - DEBUG - Already followed user: HysteriaWEB3. Skipping.
2026-09-22 02:21:22,744 - DEBUG - Already followed user: joebtceth. Skipping.
2026-09-22 02:21:22,744 - DEBUG - Already followed user: jojoamanie. Skipping.
2026-09-22 02:21:22,744 - DEBUG - Already followed user: HussainAli-Ds. Skipping.
2026-09-22 02:21:22,744 - DEBUG - Already followed user: shahidazam2020-oss. Skipping.
2026-09-22 02:21:22,744 - DEBUG - Already followed user: muthokaricky-alt. Skipping.
2026-09-22 02:21:22,744 - DEBUG - Already followed user: MohibAhmadButt. Skipping.
2026-09-22 02:21:22,744 - DEBUG - Already followed user: 9Michael-Cooley. Skipping.
2026-09-22 02:21:22,744 - DEBUG - Already followed user: nargestohidloo. Skipping.
2026-09-22 02:21:22,744 - DEBUG - Already followed user: tawdesangeeta1973-coder. Skipping.
2026-09-22 02:21:22,744 - DEBUG - Already followed user: hwg-p. Skipping.
2026-09-22 02:21:22,744 - DEBUG - Already followed user: BERDLYY. Skipping.
2026-09-22 02:21:22,744 - DEBUG - Already followed user: chenE5M2. Skipping.
2026-09-22 02:21:22,744 - DEBUG - Already followed user: IvanDevMars. Skipping.
2026-09-22 02:21:22,744 - DEBUG - Already followed user: El-Tousy. Skipping.
2026-09-22 02:21:22,744 - DEBUG - Already followed user: art-in-alizade. Skipping.
2026-09-22 02:21:22,744 - DEBUG - Already followed user: josejairobaltazargallegos-afk. Skipping.
2026-09-22 02:21:22,744 - DEBUG - Already followed user: illusive7ai. Skipping.
2026-09-22 02:21:22,744 - DEBUG - Already followed user: prickcests. Skipping.
2026-09-22 02:21:22,744 - DEBUG - Already followed user: vibecodinguy. Skipping.
2026-09-22 02:21:22,744 - DEBUG - Already followed user: WElRD0. Skipping.
2026-09-22 02:21:22,744 - DEBUG - Already followed user: saravananbass12-tech. Skipping.
2026-09-22 02:21:22,744 - DEBUG - Already followed user: sugarburn. Skipping.
2026-09-22 02:21:22,744 - DEBUG - Already followed user: mcdev7777. Skipping.
2026-09-22 02:21:22,744 - INFO - Attempting to follow user: Tech-Ninja1020
2026-09-22 02:21:22,892 - INFO - Successfully followed user: Tech-Ninja1020
2026-09-22 02:21:22,894 - DEBUG - Appended user Tech-Ninja1020 to followers.txt.
2026-09-22 02:21:22,894 - INFO - Follower counter updated: 1041
2026-09-22 02:21:22,894 - INFO - Sleeping for 13.80 seconds before the next follow.
2026-09-22 02:21:36,704 - DEBUG - Already followed user: Espotmx. Skipping.
2026-09-22 02:21:36,705 - DEBUG - Already followed user: MJ-ulia. Skipping.
2026-09-22 02:21:36,705 - DEBUG - Already followed user: B1LLIEJ0E. Skipping.
2026-09-22 02:21:36,705 - DEBUG - Already followed user: donaldmorry. Skipping.
2026-09-22 02:21:36,705 - DEBUG - Already followed user: EimanTahir027. Skipping.
2026-09-22 02:21:36,705 - DEBUG - Already followed user: oga35767-eng. Skipping.
2026-09-22 02:21:36,705 - DEBUG - Already followed user: kyal102. Skipping.
2026-09-22 02:21:36,705 - DEBUG - Already followed user: Belucking. Skipping.
2026-09-22 02:21:36,705 - DEBUG - Already followed user: holilayet. Skipping.
2026-09-22 02:21:36,705 - DEBUG - Already followed user: ByteBunny777. Skipping.
2026-09-22 02:21:36,705 - DEBUG - Already followed user: AngelofDarknessm. Skipping.
2026-09-22 02:21:36,705 - DEBUG - Already followed user: Ella-horizon. Skipping.
2026-09-22 02:21:36,705 - DEBUG - Already followed user: hassenbrahim. Skipping.
2026-09-22 02:21:36,705 - DEBUG - Already followed user: alberto4442. Skipping.
2026-09-22 02:21:36,705 - DEBUG - Already followed user: ancaferro. Skipping.
2026-09-22 02:21:36,705 - DEBUG - Already followed user: ElmanCod110. Skipping.
2026-09-22 02:21:36,705 - DEBUG - Already followed user: itstonywhite. Skipping.
2026-09-22 02:21:36,705 - DEBUG - Already followed user: raviwijerathna1. Skipping.
2026-09-22 02:21:36,705 - DEBUG - Already followed user: rafidahmed870. Skipping.
2026-09-22 02:21:36,705 - DEBUG - Already followed user: MaxCode917. Skipping.
2026-09-22 02:21:36,705 - DEBUG - Already followed user: neaflow. Skipping.
2026-09-22 02:21:36,705 - DEBUG - Already followed user: ClaerDev. Skipping.
2026-09-22 02:21:36,705 - DEBUG - Already followed user: TOPDEV99999. Skipping.
2026-09-22 02:21:36,705 - DEBUG - Already followed user: takahashikushina0223. Skipping.
2026-09-22 02:21:36,705 - DEBUG - Already followed user: takumi-sato0209. Skipping.
2026-09-22 02:21:36,705 - DEBUG - Already followed user: shinobi-coder701. Skipping.
2026-09-22 02:21:36,705 - DEBUG - Already followed user: cchongming. Skipping.
2026-09-22 02:21:36,705 - DEBUG - Already followed user: MahdiKordian. Skipping.
2026-09-22 02:21:36,706 - DEBUG - Already followed user: evvenoly. Skipping.
2026-09-22 02:21:36,706 - DEBUG - Already followed user: arvelquigley99. Skipping.
2026-09-22 02:21:36,706 - DEBUG - Already followed user: LenaBrooks. Skipping.
2026-09-22 02:21:36,869 - INFO - Rate Limit - Remaining: 5000, Reset at: 2026-09-22 03:21:36
2026-09-22 02:21:36,870 - INFO - Fetching followers from: https://api.github.com/users/aelmizeb/followers?per_page=100&page=6
2026-09-22 02:21:36,996 - DEBUG - Number of followers fetched: 0
2026-09-22 02:21:36,996 - INFO - No more followers to process. Exiting.
2026-09-22 02:21:36,996 - INFO - Follower counter updated: 1041
2026-09-22 02:21:36,997 - INFO - 
Following users from your follower list is done! Total followers fetched: 458, Total followers followed: 1041
